66,1989,206
67,1989,203
69,1996,244
70,1982,191,1982,219,1982,221,2001,228,2001,250
71,1999,255
74,1988,257,1989,255,1995,167,1999,174,1999,187
75,1991,166,1992,271,2004,193
76,1993,238,1995,216,1996,188,2001,256
82,1986,160,1992,179
83,1981,238,1992,184,1995,171,1998,157,1998,167,1999,222,1999,222,2004,203
84,1992,169
153,1986,246,1999,264,2001,156,2004,260
154,1989,156,1993,254,2004,196,2004,239,2004,254,2004,271
155,1996,187,2004,199
156,2001,213,2001,272
157,2001,268
160,1981,215,1982,219,1982,233,1982,246,1991,214,1995,194
161,1995,164,2000,238,2004,199
162,1994,257,1999,168,2001,248,2001,270
165,1983,220
166,1991,204,1991,211,1992,196
168,1981,170,1982,217,1992,193
169,1998,204
170,1982,207
171,1991,181,1998,195
233,1989,222
237,1996,174
239,1989,215,1989,260,1991,252,1995,241,2000,204
240,1989,224,1989,266,1993,224,1999,164,2004,168
241,1993,258,1999,178
246,1990,153,1990,259
247,1989,192,1993,262,2001,188,2001,208
248,1981,258,1986,255,1989,211,1991,201
249,1986,186
250,1991,221
251,1982,250
252,1981,199,1981,251,1993,162,1996,189,1996,211
253,1996,197
256,1981,153,1982,239,1991,219,1991,272
257,1982,271,1989,161,1991,197,1991,226,1992,221,1995,156,1995,169,1995,215,1998,213,1998,215,2001,243
258,1981,172,1999,218,1999,265,2000,183
318,1996,228
319,1982,263,1989,161,1989,233,1992,262
320,1989,194,1989,216,1989,235,1992,232,1995,187
326,1982,202,2001,206
327,1982,255,1996,245
328,1982,213
332,2001,196
334,1989,225
336,1981,207,1982,183,1982,209,1983,225,1990,237,1991,268
337,1982,191,1991,216,1993,195
338,1995,205
341,1982,154
342,1982,214,1991,157,1991,166
343,1986,169,1986,175,1991,237,1997,167,1998,236,1999,191,1999,193
379,1989,181,1989,249,1989,271,1996,160,1996,181,1996,226,1996,270
380,1989,185
403,1989,167,1989,202,1989,227,2000,245
404,1981,242,1989,207,1989,242
405,1982,261,1989,240,1989,246,1999,184,1999,190,1999,214
406,1989,208,1989,249,1995,154,1996,222,1999,155,1999,241,1999,269
407,1989,217,1989,272
410,1999,257
411,1986,257,1996,153
412,1993,216
414,2001,158
417,1982,170,1992,160
418,1995,192
422,1995,247,1995,268,1998,185
423,1991,181
424,1997,218
427,1982,173,1982,180,1982,251,1992,271
428,1991,155
429,1992,260,1996,244,1998,233,1999,198,1999,271,2004,257
461,1989,202,1989,260
465,1996,234,1996,240
466,1996,176
483,1989,158,1989,235
484,2004,173,2004,220
487,1989,173,1989,217,1992,194,1997,217,1997,242
488,1986,194,1996,153,1996,161
489,1996,247,1996,255
491,1999,252,1999,273,2001,177
492,1982,243,1982,254,1998,164,1998,211,2001,188
497,1986,253,1997,154
498,1992,169,1995,248,1996,192,1999,211,2000,169,2001,213
499,1991,227,1995,256
504,1992,263
505,1992,266
507,1982,236,1994,255
508,1986,163,1986,193,1996,201,2001,195
509,1981,189,1981,249,1982,165,1991,241,1995,177
513,1986,187,1995,243,1995,271,1997,176,2001,210,2001,217
514,1982,195,1986,256,1999,154,1999,243
515,1981,248,1982,203,1989,194,1999,215,1999,233,1999,270,2004,236,2004,236,2004,244
546,1989,238,1989,242
547,1989,202,1989,224,1989,258,1989,266
550,1989,257,1996,195
551,1989,194,1989,220,1989,229,1994,197
552,1989,267
567,1989,170
568,1989,183,2004,163
569,1991,217,1997,243
570,1981,228
571,1986,263
573,1989,155,1989,188,1989,248,1993,253
575,1996,198
576,2001,268
577,1999,180,2001,256
580,1989,232
584,1992,192,1993,172,1993,196,1995,201
585,1991,239,1993,190
587,1992,185
588,1982,166,1982,240,1986,243,1992,183
589,1992,181,1992,244
590,1992,176,1992,248
591,1982,158,1992,225
593,1994,202
594,1986,187,1986,229,1986,268,1989,167
596,1982,253
600,1990,165
601,1989,228,2004,162
602,1981,168,1986,260,1999,162
629,2004,152
630,1989,207
631,1989,166,1989,206,1991,238,1993,233,1993,243
632,1989,152
634,2004,228
635,1996,153,1996,199
636,1989,235
652,2004,206
653,1989,170,1989,208,1989,250,1996,208
654,1992,254,1993,245,1995,215,1995,244,1995,266,1997,271,1999,231
655,1993,175,1995,196,1995,253,2004,260
656,2004,217
657,1981,186
658,1996,210,1996,227,1996,252
659,1993,250,1993,253,2004,203
667,1989,167,1989,178,1989,200
671,1982,238,1999,164
673,1992,174,1992,211,1992,268
674,1989,160,1992,190,1999,155
675,1986,245,1994,239,1999,175,1999,202,1999,228,1999,238
676,1986,224,1986,246,1986,257,1986,268,1999,257
677,1992,178
680,1981,177,1989,181
683,1982,200,1982,200,1982,247
713,1996,159
716,1989,168,1989,186,1989,272,1991,273,2000,268
718,1989,251
720,2004,155
721,2004,188
736,1989,230,1989,273
737,1989,158,1989,159,1989,213,1993,168
738,1989,164,1989,211,1989,252,1999,189
739,1986,257
740,1986,253,1986,267,1993,254,1993,260
741,1986,178,1989,198,1989,243,1995,247,2001,245
742,1989,160,1989,246,1989,249,1991,158,2004,163,2004,236
743,1981,167,1981,210,1982,155,1991,179,1994,212
744,1982,210,1982,253,1987,203
746,1991,173
748,1999,222
753,1989,170
759,1995,260,1996,204,1996,219
760,1982,211,1995,273,1996,229,1998,153,2001,154,2001,206
761,1994,248
763,1986,205
769,1981,241,1983,181,1991,237,1991,255
770,1981,231,1991,229
797,1996,235,1996,241,2001,235
800,1996,189
802,2004,214
803,1989,160,1989,165,1989,186,1989,249
804,1989,245,2004,159
805,1999,165,1999,241
806,1989,237,1997,257
822,1996,228
823,1994,170,1998,154,1998,199,1999,257,2004,216,2004,229
824,1981,183,1981,242,1994,229,1995,255,1997,236,1998,174,1998,187,1998,206,1998,222,1998,257,2000,184
825,1998,221
826,1986,214
829,1987,176,1987,186,1994,235
830,1982,232,1995,184,1995,214,1995,256
838,1982,268
842,2004,258
843,2001,185,2001,217,2004,249
845,1982,155,1992,203
846,1981,189,1986,157,1999,202
847,1993,212,1995,217,1999,243
848,1994,180,1994,184,1994,203
849,1982,211,1990,166,1999,255
850,2004,218
852,1996,175
855,1981,193,1982,183,1983,272,1991,160,1991,167,1991,176,1991,189,1991,224
856,1981,209,1981,215,1981,221,1991,172,1991,263
859,1982,249,1982,256
883,1996,233
887,1986,260,1996,180,1996,214,1996,228,1996,234,1996,270
888,1986,200,1993,264
889,1986,174,1989,189,1995,207,2004,271
890,2004,232
891,1986,232
906,2004,242
907,1986,238
908,1995,156,1998,221
909,1981,238,1989,245,1993,159,1994,217,1995,262
910,1981,235,1986,246,1995,184,1995,224
911,1986,189,1986,238,1990,182
912,1986,163,1986,198
914,1986,253,1994,204
915,1986,241,1987,162,1994,236
916,1987,258,1995,181
921,1981,267,1982,224,1989,202,1994,252,1998,153,1999,221,1999,267,2001,182,2001,243
922,1981,223,1982,239,1991,175
923,1981,214,1986,225,1986,226
924,1992,233
925,1991,168
930,1986,254,1995,187
931,1982,198,1982,261,1991,152
932,1992,191,1992,227,2000,178
933,1986,192,1992,232,1992,240
935,1995,152,1999,234
938,1992,159
940,1981,236,1983,239,1991,181,1991,230
941,1981,201,1982,242,1983,180,1991,178,1991,192,2001,240
942,1982,247,1989,219,1992,227
972,1996,164,1996,245
974,1986,218,1989,206
975,1998,189,2004,172,2004,182,2004,183
976,2004,273
977,1989,170,1989,204,2004,208
978,1989,209,1989,270
993,1996,220
994,1985,232,1985,272,1995,209,1998,239
995,1987,188,1992,187,1992,209,1998,273,1999,168,1999,258,2001,168,2001,173
996,1981,183,1993,242,1995,228,2000,180,2001,160,2001,173,2004,168,2004,249
1000,1986,226,1986,250
1001,1982,188,1982,196,1986,186,1987,166
1002,1986,188,1986,263,1988,188,1991,165,1994,155,1994,204,1998,173
1003,1986,193,1988,238,1991,170
1005,1982,245
1006,1989,164
1007,1982,202,1982,270,1994,254,1998,223,1999,155,1999,185,1999,234,2001,266
1015,1998,152
1016,1996,199
1017,1982,154,1986,176
1018,1992,161,2001,169
1019,1992,224,1992,259,1998,191
1020,2004,253
1022,1993,173,1996,193
1023,1986,153,1996,179
1024,1989,163
1026,1984,269,1991,177,1991,213,1991,229
1027,1986,161,1986,273,1989,172,1992,196,1994,172,1998,168,1998,186
1028,1989,236,1989,249,1994,153,1997,243,1998,178
1029,1982,192,1983,226,1983,242
1054,1996,253
1056,1996,183,1996,234,1996,251,1996,269,1996,272
1057,1996,220
1058,1996,153,1996,160,1996,194,1996,238,1996,264
1060,1981,267,1996,205,1998,201
1062,1989,239
1063,1989,169
1064,1989,218,1989,255
1077,2004,226
1078,1989,175,1996,177
1079,1996,252
1080,1986,165,1986,178,1998,182,1999,238,1999,240,1999,255,1999,267,2001,159,2001,183
1081,1998,190,1998,236,1998,271,1999,159,1999,161,1999,186,1999,195,1999,202,1999,210,1999,222,1999,237,1999,252,2001,180
1082,1998,179,1998,245,1998,273,1999,199,2001,175,2001,203,2001,211,2001,211
1083,2001,240
1087,1986,187,1986,196,1986,213,1994,250
1088,1994,210
1092,1989,187
1093,1986,209,1995,198
1100,1985,194,2000,247
1102,1986,253,1996,198,1996,199
1103,1986,171,1989,152,1989,206,1989,224,1989,231,1996,196,2004,250
1104,1996,158,2004,240
1105,1986,252,1992,244,1992,248,1995,188,1997,210,1999,171
1106,1986,251,1999,247,1999,267
1107,1994,265,1999,169
1112,1981,180,1990,217,1990,221,2001,184
1113,1981,272,1985,174,1985,205,1989,259,1993,169,1993,264,1998,243,1999,226,2001,157,2001,253
1114,1988,249,1993,196,1993,223,1995,156,1998,211,1999,246
1115,1981,195,1990,258,1990,272,2001,224
1116,1992,161,1999,260,2001,224
1137,1989,227
1139,1981,192,1993,221,1999,229
1140,1986,153,1986,207,1989,159,2001,236
1141,1996,167
1142,1996,182,1996,186,1996,240,1996,254
1143,1996,201,1996,227,1996,231,1996,268
1144,1996,232,1996,267
1145,1996,255,1996,266
1146,1996,205,1996,221,1996,241
1149,1989,159,1989,203,1989,249
1161,1989,178,1989,181,1989,199,1989,243
1162,1993,214,1993,268,1996,196
1165,1996,159
1166,1986,213,1999,160,1999,186,1999,192,1999,207,1999,214,1999,236,1999,272,2001,155,2001,257
1167,1998,160,1998,194,1998,222,1999,154,1999,159,1999,188,1999,202,1999,204,1999,215,1999,228,1999,241,1999,255,1999,255,1999,262,2001,170,2001,228
1168,1998,273,2001,155,2001,175,2001,182,2001,186,2001,187,2001,215,2001,217,2001,241,2001,241,2001,256
1170,1990,201,1995,174,2000,267
1171,1986,266
1172,1994,270
1173,1994,266,1995,241,1995,247
1174,1986,173,1986,262
1175,1986,215
1177,1999,249
1178,1989,153,1996,211
1179,1981,196,1994,230,1999,153
1187,1981,191,1991,197
1188,1996,165,1996,173,1996,220,1996,228,1996,235,1996,248,2004,223
1189,1991,181
1190,1996,195
1191,1995,157
1195,1992,258,2004,213
1196,1989,155
1198,1990,190,1991,167,1993,217,1993,253,1996,264,2001,221
1199,1985,207,1993,181,1994,253,1998,163,1998,188,1998,201,1999,162,1999,177,1999,248
1200,1982,174,1983,182,1989,195,1994,207,1998,173,1998,189
1201,1984,176,1984,245,1994,192
1202,1992,221,1993,208,1994,217,1996,206,2000,165
1203,1986,175,1994,192
1225,1981,253,1993,213,1996,233
1226,1989,201,2000,153
1228,1996,187,1996,210,1996,238,1996,268,1996,271,1996,272
1229,1996,155,1996,166,1996,173,1996,184,1996,201,1996,220,1996,232,1996,232,1996,236,1996,241,1996,247,1996,256,1996,257,1996,271
1230,1996,218,1996,220,1996,244
1231,1996,168,1996,181,1996,191,1996,212
1232,1996,248,2001,154,2004,170,2004,270
1233,1996,200,2001,214,2004,163
1234,2000,261
1235,1989,206,1989,248
1246,1996,221
1247,1995,180,1996,272
1248,1982,174,1994,203,1994,218,1994,222,1998,239
1251,2001,159
1252,1992,211,1998,181,1999,174,1999,185,1999,197,1999,201,2001,166,2001,189,2001,197,2001,215,2001,251,2001,267
1253,1981,178,1999,175,1999,205,1999,207,1999,212,1999,241,1999,250,2001,177,2001,181,2001,199,2001,211,2001,223
1254,1998,259,1999,154,1999,155,1999,189,1999,191,1999,214,1999,254,1999,259,2001,163,2001,197,2001,241,2001,259
1255,1986,265
1259,1986,268,1995,189
1260,1994,233
1262,1981,239,1992,217
1263,1981,216,1989,228,1996,194,2000,171
1264,1992,232
1265,1992,253
1266,2004,195
1273,2004,193
1274,1981,233,2004,217
1280,1999,194
1281,1989,181,1989,190,1989,255,1999,225,2004,153
1284,1994,160,1994,203,1995,215,1995,262,1999,272
1285,1986,260,1989,154,1989,198,1989,213,1993,188,1993,269,1998,267,1999,158,1999,203
1286,1982,156,1993,167,1993,170,1993,238,1993,257,1994,201,1994,216,1999,264,1999,268
1287,1982,166,1986,220,1990,243,1994,153,1994,233
1288,1986,195,1992,157,1993,238,1993,249,1994,220
1289,1986,164,1986,195
1311,1985,217,1989,168,1994,203,1994,272
1312,1989,190,1989,191,1994,164
1313,1989,187,1992,230,2004,211
1314,1995,175,1998,178,1999,249
1315,1989,219,1989,273,1996,164,1996,259,1996,265
1316,1996,234
1317,1996,179,1996,186
1319,2004,173,2004,253
1320,1989,162,1989,166,1989,189,1999,176,1999,195
1321,1989,172
1328,1989,234,1989,240
1329,1989,182,1989,238
1330,2004,251
1332,1987,252,1998,219
1333,1990,178,1992,152,1994,175,1994,236,1998,189,2004,221
1334,1986,204,1994,214,2000,222,2001,154,2004,184
1335,1992,200,2000,158,2000,261,2001,266
1336,1986,155,1992,162,1992,182,1992,197,1992,239,1992,251,2000,193,2000,244,2000,267
1338,1998,236,1999,170,1999,191,1999,191,1999,232,1999,246,1999,250,1999,260,1999,262,2001,202,2001,230,2001,244
1339,1981,181,1998,174,1998,226,1998,230,1998,235,1998,243,1999,166,1999,193,1999,220,1999,223,1999,233,1999,271,2001,211,2001,264
1340,1989,215,1994,228,1999,160,1999,176,1999,212,1999,252
1343,1986,247,1986,251
1344,1982,171,1994,187,1995,246,1996,156,1996,187
1346,1986,180
1348,1991,262
1349,1981,168,1982,171,1982,244,1982,262,1982,264,1995,200,2001,238
1350,1992,171,1999,184,2001,267
1357,1982,225,2001,247
1358,1989,259
1359,1989,221,1995,272,1996,252
1360,1995,174,1996,169,1996,199,1996,219,1996,270
1361,1981,209,1999,239
1362,1981,156,1981,220,1982,240,1996,181,2001,195
1363,1982,178
1364,1989,234
1365,1991,163,1991,179
1368,1992,189
1370,1996,153,1996,157,1996,184,1996,211,1996,242,1996,256,1996,262
1371,1996,153,1996,159,1996,164,1996,167,1996,169,1996,179,1996,188,1996,201,1996,233,1996,235,1996,249,1996,255,1996,269,1996,270
1372,1996,178,1996,198,1996,205,1996,213,1996,233,1996,238,1996,244,1996,251,1996,254
1373,1996,161,1996,164,1996,175,1996,176,1996,226,1996,269
1374,1986,158,1986,188,1986,195,1996,191,1996,255,1996,256
1375,1982,246
1397,1995,198,1996,241
1398,1988,198,1988,217,1989,186,1994,196,1994,233,1997,165,2004,229
1399,1989,182,1989,246,1989,263,1991,207,1999,163,1999,221,1999,235
1400,1981,210,1989,264,1996,160,2004,213
1401,1989,158
1402,1989,172,1989,271,1993,270,1994,238,1994,270,1995,177,1995,235,1996,153
1403,1999,223
1406,1981,166,1989,153,1989,252
1414,1989,179,1989,193,1989,227,1989,243,1993,270
1415,1995,238,2004,195
1416,1992,168,1993,170,1993,231,1995,210,2001,208,2001,273,2004,254
1417,1991,187,1995,167,1995,257,1996,181,2004,153
1418,1989,225,1993,217,1994,157,1994,171,1994,225,1994,246,1994,271,1995,250,1998,247,1999,157
1419,1982,215,1985,153,1995,246,1997,196,1997,247,2004,249
1420,1988,189,1989,220,1997,243,2004,185
1421,1992,191,1992,212,1995,268,2000,212,2000,223,2000,234,2000,239,2001,249
1422,2000,180,2000,184,2000,257,2000,266,2000,268
1423,1996,267,2001,213
1424,1992,235,1999,198,1999,238,1999,243,1999,260,2001,155
1425,1998,233,1999,205,1999,218,1999,234,1999,259,2001,201
1426,1996,170,1998,164,1999,177,1999,181,1999,184,1999,240,1999,264,1999,273,2001,189,2001,262
1427,1996,198,1996,223
1429,1986,237,1994,262
1430,1982,219,1982,228,1994,226
1431,1982,165,1982,225,1996,206
1433,1998,227
1435,1982,189,1982,236,1982,241,1982,244,1996,169,1996,231
1436,1982,250,2001,185,2001,201
1443,1992,172,1992,219
1445,1989,205,1989,267,1991,235,1996,199
1446,1992,181,1996,204,1996,214,1996,250
1447,1992,201
1448,1989,243,1989,266,1998,241,2004,213
1452,1995,199
1453,2004,206,2004,252
1454,1986,236
1456,1996,205
1457,1996,168,1996,175,1996,175,1996,228,1996,232,1996,253,1996,266
1458,1996,172,1996,208
1459,1996,201,1996,205,1996,205,1996,253
1483,1981,212,1981,261,1982,158,1982,247,1992,206
1484,1981,246,1982,195,1988,265,1989,231,1995,204,1995,236,1997,210,2000,201,2004,223
1485,1981,181,1981,187,1981,253,1995,236,1999,159,1999,162,2000,191
1486,1989,187,1999,181,1999,182
1487,1982,189,1995,261,1996,266
1488,1993,219,1995,240,1995,257,1997,241,1999,168
1491,1989,193,1989,246,1989,272
1492,1989,164,1989,229,1989,265,1989,266
1499,1995,173,1995,218,1999,156,1999,238,1999,247
1500,1986,234
1501,1991,204,1993,209
1502,1981,245,1990,181,1992,204,1994,206,1996,222,1999,178,2001,165,2004,159,2004,191
1503,2004,230
1504,1995,154,1995,160,1995,206,1999,159,1999,201,1999,217,1999,252,2001,162
1505,1981,216,1982,181,1988,224,1988,256,1991,159,1995,182,1995,197,1995,206,2004,170
1506,1986,155,1988,237,1992,228
1507,1995,154,1995,169,1995,200,1995,265,1996,265,2000,183
1508,1981,179,1992,160,1999,183,1999,210
1509,1995,179,1995,187,1995,189,1995,195,1995,197,1995,211,1995,227,1995,248,1996,226,1997,237,2001,205
1510,2001,237
1511,1998,188,1998,245,1999,159
1513,2001,212
1517,1994,174
1519,1982,154,1986,226,1989,226,1992,269,1995,255,1998,195,1998,219,1998,239,2001,202,2001,239
1520,2001,209
1521,1999,245,2000,163
1522,1992,235,1993,198,1996,257,2001,156
1523,1997,167
1525,1982,227
1530,1986,240,1999,195,1999,232
1531,1986,200,1992,231,1999,261
1532,1999,272
1534,1993,252,1999,210
1535,1981,167,2004,187,2004,230
1537,1989,239
1538,1992,269,1992,270,2004,253
1543,1996,196,1996,236
1544,1996,185,1996,198,1996,204
1545,1996,183,1996,260
1546,1989,169
1565,1996,176,1996,198
1569,1990,241,1995,199
1570,1989,207,1990,205,1991,153,1995,273,2000,156,2001,232
1571,1998,249,1999,156,2004,203
1572,1998,201,2001,211,2004,156,2004,206
1573,1989,209
1574,1986,222,1989,157,1989,216,1989,236,1998,161,1999,181,1999,243,2004,198
1575,1982,255,1982,273,1986,156,1986,215,1995,193
1576,1995,168
1577,1989,191,1989,204
1578,1989,225,1989,250
1585,1999,194
1587,1981,202,1996,186
1589,1989,166,1989,206,1989,251,1992,164,1995,162,1995,210,1999,152,1999,220,1999,236,2000,159,2001,261
1590,1982,247,1999,239
1591,1981,178,1982,211,1982,240,1995,242,1999,195,1999,216,1999,226,1999,232,2000,190,2000,207
1592,1992,249
1593,1995,180,1995,214,1995,244,1996,196
1594,1981,242,1981,247,1981,251,1981,254,1989,196,1995,221,1995,249,1995,266,1999,261
1595,1995,154,1995,271
1596,1994,198,2001,170
1597,2004,201
1599,1989,177
1600,1998,236
1602,1991,242,2004,202,2004,206
1604,1992,185,1994,164
1605,1992,246,2001,196
1616,1989,192
1617,1993,204,1993,247,1997,232,1997,259
1618,2004,163,2004,253
1619,1997,234,2004,206
1620,2004,247
1621,1996,169
1622,1996,155
1624,1991,262,1992,180,1994,173,1996,177
1625,1991,224,1992,243
1626,1981,195,1981,235,2001,175
1627,1995,258
1628,2004,195,2004,272
1629,1989,171,1989,178,1989,179,1989,191,1989,247,1996,173,1996,215,1999,272
1630,1996,247
1631,1989,215,1996,180,1999,162
1633,1993,190,1994,164,2004,242,2004,268
1634,1992,250,1998,218
1651,1996,236
1655,2001,256,2004,208
1656,2004,267
1657,1996,180,1996,268,2004,233,2004,257,2004,262
1658,1989,191,1989,208
1659,1989,224
1660,1989,199,1989,235,1989,246,1991,169,1996,229,1997,204,1999,188
1661,1990,177,1995,159,1996,224,1998,233,1998,240,1998,269
1662,1989,178,1989,267,1992,183,1996,190
1663,1996,214,1996,230,1997,198,1997,201
1664,1989,247
1668,1989,174
1672,1981,255,1999,158,1999,237
1673,1988,203,1989,199,1989,255,2001,195,2001,256,2004,217
1674,1999,239,2001,252
1675,1986,241,1996,181,1996,228,2001,183,2004,163,2004,256
1676,1982,156,1982,202,1982,266,1996,194,1996,263,2001,155,2001,166,2001,258
1677,1982,172,1982,234,1985,210,1989,217,1992,258,1998,207,1999,175,2000,206,2001,197,2004,205
1678,1981,177,1991,207,1998,202,1999,162,2000,221,2001,251,2004,165
1679,1999,257,2000,212
1680,1989,152,1989,182,1989,188,1989,221,1989,248
1681,1989,163,1989,178,1989,199,1989,216,1995,199,1997,180,1999,229,2004,272
1682,1994,165,1994,190,2001,224,2004,259
1683,1994,154,2001,214,2001,237
1684,1982,218,1992,191,1992,226,1992,259,1994,187,1994,207,1994,212,1994,269,1998,210,1999,180,1999,255
1685,1982,168,1998,178,1998,263,2001,205,2001,273
1688,2004,188
1689,1982,223,1986,152,1986,189,1989,267,1992,220,1995,156,1997,176,1997,269
1690,1982,154,1999,173,1999,189,2001,208
1691,1986,192,1997,170
1692,1981,160,2001,212
1704,1989,165,1989,172,1989,198,1989,220,1999,249
1707,1989,235,1996,221,1996,228
1708,1996,191,1996,246
1710,1996,223
1711,1991,204,1991,220
1713,1981,261,1989,169,1989,267,1999,157,1999,207,1999,235
1714,1981,157,1984,160,1989,220,1989,229,1992,259,1999,166,1999,192,2004,208,2004,234
1715,1981,189,1981,269,1981,272,1984,261,1989,199
1716,1981,270,1989,181,1989,195,1989,230,2004,152,2004,157,2004,161,2004,268
1717,1998,248,1999,157,2001,204
1718,1981,235,2004,225,2004,249
1720,1996,224
1737,1996,218,1996,230,1996,232,1996,244
1739,1981,254,1986,266
1740,1992,161,1992,164,2004,189
1741,1989,167,1996,178,1998,159,1999,210,2000,252
1743,1989,207,1991,223,1993,195,1998,247
1744,1989,201,1989,234,1989,251,1995,211,2000,240,2004,188
1745,1981,196,1981,223,1981,226,1981,230,1995,196,1999,232
1746,1989,242,1997,157,2004,209
1747,1993,155,1997,185,1998,253
1749,1982,197,1982,248,1986,232,1990,161,1991,227,1991,236
1750,1982,230,1986,209,1989,153,1989,208
1753,2001,256
1755,1995,230
1756,1996,269
1759,1989,195,1989,225,1995,196,1999,202,1999,236,1999,255,2001,250
1760,1982,254,1989,152,1989,181,1989,269,1993,211,2001,204,2001,214
1761,1981,267,2001,180,2001,181,2001,200,2001,206,2001,228,2004,182,2004,197
1762,1981,171,1982,171,1982,260,2004,176,2004,180,2004,260
1763,1981,235,1989,231,1989,242,1989,260,1993,181,1995,180,1996,190,1996,267,2000,171
1764,1981,241,1989,202,1998,184,1999,272,2001,273
1765,1981,271,1984,244,1984,251,1995,244,1997,189
1766,1981,213,1981,219,1981,244,1981,248,1989,252,1989,265,1999,191,1999,264
1767,1981,199,1989,219,1989,231,1998,160,1999,249,2004,267
1768,2001,244,2001,247
1769,1999,214,2001,158
1770,1982,174,1992,203,1998,270,1999,192,2001,154
1772,1981,153,1981,187,1981,192,1986,240,1989,181
1773,1992,160
1774,1992,217,1999,179
1775,1982,180,1982,198,1992,251,1992,271,1995,174,1999,226,2001,200
1776,1998,269
1777,1984,163,1992,173
1778,1985,247,1995,152,1995,200
1779,1991,223
1789,1981,203,1981,262,1997,163
1790,1997,161,2004,255
1791,2004,225
1793,1989,233,1992,197,1996,162,1996,188,1997,167,2000,272
1795,1989,270
1796,1995,270,1996,191,1996,217,1997,248
1798,2001,195
1799,1989,166,1989,178,1989,210,1992,180,1998,154,1998,222
1800,1981,170,1981,225,1981,261,1981,273,1982,177,1989,218,1989,239,1998,231,1999,180
1801,1989,215,1989,265,1991,170,1997,167,2004,229
1802,1986,180,1989,169,1996,182,1996,201,1996,230,1996,244
1803,1981,256,1988,259,1996,219,1998,226,2000,247
1804,1988,221,2004,198
1805,1981,165,1986,154,1994,214,1999,199,2004,186,2004,208,2004,222,2004,249
1806,1986,267
1822,1996,183
1826,1994,158,1996,258
1829,1986,154,1986,167,1989,195,1989,261,1999,208,2001,236
1830,1986,222,1989,196
1831,1996,261
1832,1995,211,2000,158
1835,1982,166,1982,238,1983,255,1986,194,1986,218,1996,221
1836,1982,221,1982,222,1991,162,1991,194,1991,248,2001,220,2001,248
1837,1982,157
1838,1989,171,1996,228,1996,251
1840,2001,206
1841,1982,206,1991,269,1995,174
1842,1995,155
1843,1999,197,2001,175
1844,1990,249
1845,1982,187,1982,187,1982,233,1982,269,1989,238,1993,190,2001,217
1846,1985,262,1990,186,1995,161,1995,234,1997,203,1999,194,1999,199,1999,263
1848,1982,220,1989,182,1989,262,2001,185
1849,1982,252,1992,184,1992,194,1995,265,2000,159,2000,221,2000,235,2000,239
1850,1992,206,1996,156,1999,208,2001,239
1851,1996,245,2001,246
1852,1981,168,1981,198,1981,226,1989,226,2004,184
1853,1986,195,1989,205,1992,207,1992,237,2004,203,2004,255
1854,1992,223,1992,264
1855,1994,245
1856,1992,264
1859,1997,154,2001,194
1860,1992,174,2001,210,2001,211,2001,266
1861,1982,166,1982,227,1992,262,2004,172
1862,2000,176,2004,254
1863,1982,241,1986,270,1992,200,1992,260,1995,185,1999,241
1864,1983,263,1985,164,1998,229
1868,1986,180
1871,1982,258,1991,191,1991,199,1991,270,1992,265
1872,1992,215,1992,244,1992,249
1875,1982,186,1996,224
1876,1982,265
1878,1989,236
1879,1989,255,1996,158,2000,244
1882,1989,251,1989,256
1883,1982,247,1989,235
1884,1989,172,2001,204
1885,1989,163,1989,216
1886,1984,166,1989,167,1989,184,1989,220,1989,228,1989,237,1993,252
1887,1989,168,1989,213,1989,224,1989,256,1997,205,2004,237
1888,1989,157,1992,164,1996,263,2004,191
1889,1996,165,1996,192
1890,1981,266,1996,193
1891,1989,181,1992,260,1996,171
1892,1986,233
1906,1996,153
1907,1996,192
1912,1996,156
1915,1999,193
1916,2001,184
1917,1989,196,1996,164
1919,1996,207,1996,238
1920,1982,178,1982,233,1989,225,2001,161,2001,209,2001,222
1921,1982,254,1989,189,1992,210,1996,204,2000,260
1922,1989,193,1989,218,1996,243,1999,188
1924,1989,216
1925,1989,220,1989,230
1926,1982,264,1989,247,1994,168,1998,185,1998,205,2001,165,2001,202
1927,1982,208,1982,247,1985,229,1988,253,1988,271,1993,226,1994,152,1994,188,1994,212,1994,232,1994,250,1995,164,1995,226,1998,230
1928,1982,191,1994,207,1994,216,1995,156,1995,243,1996,165,1996,182,1996,211,1998,205,1998,232,1998,272,1999,233
1929,1982,273,1985,238,1993,209,1993,223,1995,211,1998,219
1930,1985,166,1985,178,1985,225,1991,257,1993,220,1996,207
1931,1982,261,1982,263,1985,217,1993,222,1994,165,1994,188,1997,162,1997,207,1998,181,1999,225
1932,1995,163,1997,238
1933,1986,243
1935,1992,239,1993,152,1993,173,1993,185,1993,247,1993,249,1993,262,1998,236,1998,271,1999,250,2000,232
1936,1991,215,1993,182,1993,182,1994,160,1995,178,1996,252,1998,252,1999,162,1999,215,1999,243,1999,245,1999,255,2000,228,2000,242
1937,1989,153,1989,160,1993,170,1994,240,1995,153,1995,220,1995,246,1999,163,1999,271,2004,266
1938,1993,242,1999,242
1939,1990,215,1994,175,1994,184,1994,191,1994,201,1996,251
1940,1986,241,1988,248,1994,213,1994,229,1996,184
1941,1988,175,1988,193,1988,267,1991,195,1993,203,1993,246,1994,246,1997,273,1998,179,1999,167,1999,173,1999,225,1999,258
1942,1988,172,1988,198,1990,169,1994,191,1994,216,1994,234,1994,271,1995,172,1999,197,2000,190
1943,1996,170
1945,1981,245,1981,258,1989,175,1993,261
1946,1981,186,1982,169,1991,158,1992,186,1992,224,1997,246,1998,193,2001,177
1947,1981,263,1990,239,1991,166,1991,249,1991,264,1993,256,1996,213,1999,165
1948,1996,169,1996,250
1949,1992,213,2004,237
1957,1982,216,1982,226
1958,1989,213
1961,2001,259
1963,1998,189,1998,215
1964,1989,243
1965,1996,177
1966,1992,244
1967,1981,181,1981,196,1982,209,1982,248,1990,258,1994,172
1968,1982,172,1982,247,1984,206
1969,1982,224,1986,153,1986,166,1995,166
1970,1996,180,1996,255,1996,271
1971,1996,155,1996,164,1996,189,1996,241
1972,1994,265,1996,196,1996,206,1996,209,1996,216,1996,245
1973,1989,165,1989,219,1989,225,1996,168,1996,263,2000,229,2000,261
1974,1996,253
1975,1986,182,1996,160,1996,201,1996,206,1996,235,1996,261
1976,1993,242,1996,230,1996,253
1977,1989,212,1989,243,1989,256,1996,211,1996,234
1978,1989,199
1991,1989,263
1992,1996,219,1996,236
1993,1996,214,1996,246
1994,1996,196
1995,1996,176
2001,1995,215,1995,235,1999,176,1999,204
2002,1998,219,2001,173,2001,259,2001,269
2003,1981,243,1989,191,1989,197,1995,166,1995,190
2004,1989,162,1991,183,1999,166
2005,1989,231
2008,1982,153,1982,226,1995,213
2009,1992,203
2011,1995,206,1997,187,2001,181,2001,193,2001,240
2012,1989,171,1994,184
2013,1985,160,1985,174,1991,272,1994,186,1994,201,1994,240,1996,236,1998,256,2001,215
2014,1985,184,1985,231,1985,233,1985,267,1994,202,1995,183,1995,215,1995,227,1996,169,1996,202,1997,189,1998,186
2015,1988,234,1993,157,1993,249,1994,177,1994,208,1994,252,1998,215,2004,154
2016,1981,261,1984,184,1984,253,1993,190,1993,203,1996,207,2000,268,2004,163,2004,252
2017,1984,233,1989,199,1992,223,1995,174,1995,175,1999,180,1999,231,2000,269
2018,1986,182,1986,190,1995,185
2019,1982,162
2020,1988,188,1995,271,1999,176,2000,240
2021,1987,228,1988,162,1988,217,1994,181,1994,198,1994,199,1994,264,1999,207,1999,216,1999,258
2022,1993,166,1994,163,1994,237,1995,163,1997,189,1997,218,1997,258,1999,189,1999,193,1999,238,1999,258
2023,1989,177,1989,234,1992,230,1993,253,1994,196,1994,218,1994,245,1996,175,1996,223,1999,190
2024,1989,166,1989,183,1989,202,1989,271,1996,230,1999,194,2001,166
2025,1989,156,1989,251,1989,264,1992,191,1992,234,1994,188,1994,240,1994,256,1999,258
2026,1987,157,1989,163,1992,171,1993,161,1993,166,1994,158,1994,233,1994,262,1998,262
2027,1982,248,1989,227,1990,194,1991,232,1993,195,1993,222,1993,259,1994,179
2028,1986,165,1994,185,1994,271
2032,1981,168,1985,212
2033,1981,200,1999,197
2034,1996,170,1996,248
2035,1986,157,1996,233
2039,1992,168
2041,1992,249,2000,181
2042,1996,158
2043,1991,245,1995,224,2004,172,2004,260
2046,1989,168,1989,195,1989,241,1992,258,1999,187
2047,1989,201,1991,222,1994,238,1996,181
2048,1992,236
2050,1996,169,1996,202
2052,1982,270,1986,178,1987,186,1994,188,1999,261
2053,1981,168,1982,248,1985,243,1986,249,1990,172,1998,177
2054,1984,203,1986,266,1990,249,1990,271,1994,218
2055,1986,176
2058,1996,180,1996,183,1996,203,1996,233,1996,237,1996,260
2059,1989,156,1994,156,1994,204,1996,176,2000,222
2060,1996,245,2004,258
2061,1986,181,1996,160,1996,200,1996,202,1996,226
2062,1986,199,1991,258,1992,217,1992,229,1992,269,1995,174,1996,192,1996,229,1997,178
2063,2004,229
2070,1989,212,1996,265
2071,1989,186
2072,1989,161
2073,1989,263
2080,1996,245,1996,250,1996,261,1996,262,1996,265
2081,1996,170,1996,189,1996,231
2083,1996,240
2087,1985,177,1996,254
2088,1986,266
2089,2004,179,2004,200,2004,253
2090,1996,201
2091,1989,195
2092,1994,182,1996,227
2094,1992,163,1992,270,1995,254
2096,1981,239,1989,230,1989,244,1995,242
2097,1986,183,1986,220,1986,265,1989,158,1989,247,1999,248
2098,1986,213
2099,1982,198,1991,263,1994,156
2100,1981,198,1981,271,1994,232,1995,174,1995,268,1996,218
2101,1985,210,1985,219,1985,226,1988,158
2102,1989,182,1991,157,1991,190,1991,250,1997,210,2000,253
2103,1989,267,1990,169,1995,201
2104,1992,254,1997,156,1999,182,2001,167,2001,181
2105,2000,272,2000,273
2106,1981,170,1981,177,1981,252,1985,223,1992,152,1992,254,1994,268,1995,200,1998,210,1999,238
2107,1981,206,1986,208,1986,258,1988,240,1993,211,1998,225,1999,170,1999,232
2108,1981,224,1986,193,1995,228,1995,266,1998,211,2000,166
2109,1984,230,1988,156,1989,203,1989,208,1989,228,1992,255,1993,190,1998,267
2110,1988,184,1988,238,1992,219,1997,228,1998,163
2111,1988,200,1993,226,1994,204,1999,198,2001,222
2112,1983,186,1993,201,1994,152,1994,183,1994,188,1994,233,1994,256,1999,154
2113,1990,234,1990,234,1994,255
2114,1981,159,1994,198,1994,211,1994,216,1994,258
2115,1982,161,1982,188,1991,171
2118,1996,247
2125,1989,215
2126,1986,190,1986,237,1995,229,2004,187
2127,2001,156,2001,178
2129,1997,234
2130,1996,192,1999,153,2001,184
2131,1989,229,1992,173,1996,223,1998,245,1999,180,1999,234
2133,1989,157
2134,1987,171
2137,1999,152,2000,233
2138,1982,196,1990,267,1994,160
2139,1982,163,1995,268,1998,251
2140,1994,208
2143,1996,165,1996,181
2144,1996,159,1996,218,1996,247,1996,256
2145,1992,244,1994,244
2146,1986,249,1986,270,1992,246,1996,227
2147,1996,190,1996,237,1996,259
2148,1986,154,1989,212,1996,177,1996,179,1996,200,1996,237,1996,264,1999,255,2004,156
2149,1992,245
2150,1986,236
2153,1989,174
2156,1989,179,1989,255,1991,183,1998,200,2004,184
2157,1982,179,1982,250,1992,227,1998,270
2159,1981,240,1997,239
2168,1998,154,2001,237
2169,1996,178,1999,184
2170,1996,266,1997,217,1997,240,1997,250
2171,1989,223,1996,245
2172,1986,227,1998,185
2173,1981,180,1983,186,1992,182,1995,216,1996,230
2174,1981,153,1986,208,1986,259,1986,269
2175,1991,264,1996,212
2177,2004,208
2178,1982,223
2179,1992,176,1992,189,1995,210,1996,201
2180,1991,163
2181,1986,216,1986,273,2001,188
2183,1993,168,1993,252,1996,154,1998,186,1999,266,2001,230,2004,220
2187,1988,184,1996,249,2004,194
2188,1982,220,1992,193,1992,201,1999,249
2189,1994,163,1999,194,1999,222
2190,1995,190
2191,1985,270,1991,264,1999,165,1999,217
2192,1986,193,1992,163
2193,1986,200,1986,206,1986,216,1994,269,1996,162
2194,1990,164,1993,231,1994,154,1994,177,1994,193,1996,250
2195,1989,173,1989,176,1989,200,1992,190,1992,251,1993,183,1993,228,1996,218,1999,176,2000,267
2196,1981,244,1999,184,1999,187,2001,199
2197,1982,237,1982,257,1984,170,1994,258
2198,1994,175,1996,202
2199,1984,257,1989,228,1995,248,1995,273
2200,1983,225,1983,247,1985,178,1988,158,1988,248,1991,212,1994,165
2203,1996,179
2204,1982,212,1982,215,1982,220,1982,247,1994,244
2205,1982,193,1982,214,1983,179,1985,166,1985,271,1995,234
2206,1985,230,1995,238
2207,1982,166,1982,169,1982,209,1994,223
2208,1982,241,1991,186,1991,232
2210,1995,232
2215,1994,245,1994,247
2217,1996,253
2218,1989,236,1996,225,1998,204
2219,1996,233
2220,1984,213,1993,265
2221,1996,258
2222,1996,249
2223,1989,220
2224,1982,219,1988,204,1988,236,1990,185,1990,234,1995,200,1995,229,1995,249,2000,181
2225,1982,156,1982,272,1990,210,1993,191,1994,272
2226,1990,244,1990,267
2229,1996,253,1996,258
2230,1996,246,1996,257
2232,1992,239,1996,203,1996,236
2233,1986,269,1996,184
2234,1986,193,1996,172,1996,225
2235,1981,257,1992,235,1996,199,1996,227
2239,1989,193
2240,1991,158
2241,1981,225,1982,224,1986,249,1991,186,1998,172,1998,254
2242,1981,181,1991,217,1996,201,1996,227
2243,1982,198
2244,1981,170,1981,209,1994,164,1994,244,1995,220,1996,268
2245,1982,238,1995,198
2249,1996,152,1996,187,1996,192,1996,196,1996,260,1996,263,1996,267
2250,1996,165,1996,183
2251,1996,210,1996,265
2253,1991,249
2254,1981,196,1995,245,2004,255
2255,1996,217
2256,1981,270,1989,200,1989,224,1989,231,1997,160,1998,189,1998,223,1999,180,2000,190,2000,213,2000,218,2000,249
2257,1996,212
2258,1986,168,1998,270
2259,1995,179
2260,1994,180
2261,1992,215
2262,1986,241
2264,1991,269
2265,1981,201,1992,248,1995,200
2266,1981,234,1990,170,1992,253
2267,1982,192,1991,204,1992,224,1992,227,1999,194,2001,234
2269,2001,158
2270,2004,214,2004,232
2272,1996,211,2004,180,2004,210
2273,1981,200
2274,2001,176
2275,1989,170,1992,247,2004,237
2276,1992,227,2004,201
2277,1985,272
2278,1982,261,1985,232,1991,173,1993,217
2279,1990,195,1990,250,1994,193,1994,197,1994,200,1994,228,1994,230
2280,1982,254,1982,260,1990,178,1994,152,1994,162,1994,256
2281,1992,228,1995,199,1999,161,2001,181
2282,1981,160,2004,205,2004,232
2283,1982,191,1982,213,1985,175,1991,202,1993,179,1994,155,1994,269,2001,240
2284,1981,265,1994,152,1994,162,1994,172
2285,1981,174,1982,168,1988,245,1989,175,1989,193,1994,159,1995,255,1999,186,1999,208
2286,1981,227,1984,218,1985,235,1988,188,1988,210,1988,245,1994,175,1994,237,1994,241,1994,257,1994,265,1995,222,1996,257,1999,164,2001,268
2290,1981,263,1982,160,1985,236,1986,197,1991,158,1993,257
2291,1990,210,1991,192,1991,199,1993,254,1994,171,1994,231,1995,170,1996,158
2292,1985,244,1985,271,1988,173,1989,232,1990,185,1991,255,1995,163,1998,247,2001,179
2293,1982,241,1985,273,1986,152,1986,167,1988,215,1988,253,1988,262,1994,170,1994,250,1994,253,1996,156,1999,171
2294,1985,166,1991,160,1991,202
2297,1996,178
2302,1989,224
2303,1981,244,1993,242
2304,1989,169,1992,154,1992,222
2305,1989,271,1994,192
2308,1989,216
2309,1996,252
2310,1981,203,1982,195,1992,196,1992,256,1995,232
2311,1981,263,1982,259,1986,179,1986,236,1988,225,1990,186,1990,206,1994,254
2312,1982,251
2317,1996,164,1996,202
2318,1996,161,1996,181,1996,186,1996,226,1996,236,1996,240,1996,252
2319,1986,209
2320,1981,206,1982,252,1994,265,1996,193,1998,155,1999,168
2321,1981,231,1986,243,1986,250,1994,185,1995,268,1999,256
2322,1981,265
2324,1981,189,2001,236
2326,1982,157,1982,193,1986,191,1994,192,1996,271
2327,1996,267
2328,1982,202,1982,233,1986,183,1986,187,1989,240,1995,245
2329,1982,265,1986,251,1991,253,1995,216,2000,174
2330,1982,268,1985,253,1988,246,1990,218,1995,160,1995,242,1995,254,1998,179
2331,1982,260,1986,257,1991,222,1991,243,1995,235,1995,236
2335,1996,161,1996,189,1996,225,1996,227,1996,232
2336,1982,252,1986,172,1996,188,1996,195,1996,202,1996,253,1996,261,1996,272
2337,1981,239,1981,248,1986,220,1986,271,1989,167,1989,196,1999,270
2338,1986,164,1986,214,1988,195,1989,184,1999,178,1999,251
2339,1982,267,1985,172,1985,207,1986,186,1986,226,1988,193,1990,263
2340,1981,235,1989,244,1995,167,1998,155
2341,1992,179,1995,189,1999,172
2342,1981,158,1981,255,1989,187,1989,200,2000,268
2343,1981,168,1981,188,1982,263,1989,171,1989,220,2004,234,2004,257
2344,1989,205,1995,213,1995,233
2345,1986,164,1986,216,1986,268,1989,224,1996,152
2346,1989,182,1989,236,1989,238,1989,239,1989,243
2348,1986,260,1992,234
2350,1986,154
2351,1986,226,1995,203,2000,201
2352,1996,201,1997,215,2001,236
2353,1992,272
2357,1999,249,2004,199
2358,1996,225,1998,247,1998,251,1999,255
2359,2004,161,2004,217
2360,2004,156,2004,172,2004,172,2004,182,2004,215
2361,2004,189,2004,196,2004,205
2362,1998,213,1999,205,2001,177,2004,179
2363,1985,177,1994,273,1995,205
2364,1986,200,1994,250
2365,1990,166,1990,173,1990,209,1990,233
2366,1982,230,1985,195,1991,252,1999,154
2367,1986,226,1989,163,1991,236,1992,207,2004,248
2368,1999,208,2004,258
2369,1982,160,1982,229,1995,193,1996,169,1999,173,1999,197,2001,160
2370,1982,162,1982,215,1982,225,1982,243,1985,197,1990,206,1994,270,1995,220,1998,245
2371,1981,227,1982,273,1987,256,1993,156,1993,161,1993,176,1993,177,1993,181,1993,230,1993,263,1994,235,1994,250,1999,186
2372,1988,186,1993,229,1993,231,1993,268,1994,192,1994,220,1994,225
2373,1996,238,1996,252,1996,262
2376,1982,204,1990,176,1991,234,1991,240,1993,196
2377,1981,177,1982,166,1985,152,1985,188,1985,263,1993,211,1994,197,1994,200
2378,1981,267,1983,252,1985,224,1985,261,1988,251,1989,257,1993,254,1994,153,1994,160,1994,229,1996,239,1999,222
2379,1981,161,1990,210,1991,220,1991,242,1993,232
2384,1997,191,1998,218,1998,273,2004,152,2004,197,2004,264
2387,1986,195
2388,1993,227,1996,203,1996,243,2004,187
2389,1996,212
2390,1996,185
2392,1994,209,1996,162,1996,162,1996,180,1996,194,1996,261
2393,1996,252
2395,1989,193,1989,267,1999,214
2396,1982,221,1989,156,1989,173,1992,222,1992,264,1994,164,1994,208,1999,208
2397,1981,233,1982,222,1993,194,1994,262
2400,1996,247
2401,1996,171,1996,185,1996,194
2402,1996,177,1996,188,1996,254
2404,1988,186,1996,210
2405,1989,165,1989,246,2004,206
2406,1988,176,1988,237,1988,250,1989,202,1994,265,1996,270,2004,210
2407,1982,191,1982,235,1985,228,1990,167,1994,202,1994,248,1996,221
2408,1989,234,1999,191
2409,1992,193,1992,273
2410,1986,227,1993,239,1994,172,1995,159
2412,1986,175,1986,198,1986,233,1995,165,1995,177,1995,249,1996,212,1996,218
2413,1981,160,1989,190,1989,263,1995,175
2414,1981,236,2004,205
2415,1982,240,1995,254,1995,255,1996,242
2416,1990,176,1990,214,1993,248,1995,266
2420,1996,226
2421,1996,156,1996,173,1996,196,1996,208,1996,213,1996,220,1996,223,1996,273
2422,1986,246,1989,268,1993,172,1996,199,1996,228,1996,251,1996,258,1996,260,1996,268,2000,191
2423,1988,169,1989,192,1993,271,1995,167,1996,157,1999,238,1999,251,2000,160
2424,1982,203,1986,175,1986,186,1988,190,1988,257,1999,230,2000,168
2425,1986,166,1988,160,1988,271,1998,160,1999,238,1999,243,1999,273
2426,1981,202,1989,155,1989,212,1989,239,1989,248,1989,269,1992,246,1996,212
2427,1989,219,1995,213,1996,154,1996,178,1996,193,1996,234
2428,1984,172,1989,175,1989,270,1995,194,1997,222,2000,187,2000,197,2000,221
2429,1986,226,1986,229,1986,236,1986,246,1989,223,1992,223,2000,209,2000,254
2430,1986,210,1989,263,1991,239,1992,162,1993,210
2431,1989,159,1989,237,1989,251,1996,239,2004,161,2004,197,2004,220
2432,1986,228,1989,180,1989,189,1989,226,1991,192,1996,170,2004,253
2433,1993,172,1993,248,1999,169
2434,1993,227
2436,1986,171,1986,212
2437,1996,190
2438,1986,202,1989,204,1992,175,1992,200
2439,1989,185,1989,200
2442,2004,156
2443,1989,191,1998,193,2004,174
2444,1996,226,2001,171,2001,200,2001,261
2445,1988,207,1989,167,1989,236,2004,180
2446,1981,259,1993,166,2004,265
2447,1988,269,2000,270,2004,176,2004,187,2004,192,2004,198
2448,1999,209,2004,163,2004,175,2004,244
2449,1985,219,1990,241,1990,246,1990,251,1994,152
2450,1986,203
2451,1988,195,1989,249,1990,158
2452,1985,181,1987,232,1990,198,1990,200,1990,227,1992,158,1992,196,1992,273,1998,208
2453,1985,267,1992,165,1992,172,1995,192,1995,262,1998,188,1998,213,2001,266
2454,1999,188,1999,271,2004,173
2455,1989,245,1992,232,1994,208,1995,259,2001,184
2456,1982,265,1985,171,1985,260,1994,221,1995,175
2457,1982,226,1986,157,1988,243,1992,205,1993,269,1994,189,1994,191,1994,242,1994,270,1996,261
2458,1982,166,1982,222,1983,184,1983,242,1993,257,1994,153,1994,181,1994,239,1996,184
2459,1988,208,1993,200,1993,260,1993,272,1994,246,1996,214,2000,160
2460,1988,226,1994,201,1994,223,1996,171,1999,179
2461,2000,226
2462,1988,187,1993,222
2463,1986,249,1995,188,1995,270
2464,1985,191,1994,187,1998,153
2470,1981,191,1989,229,1992,205,1998,164,1998,171,1998,234,1999,175
2471,1981,160,1992,220,2004,267
2472,1986,262
2473,1984,253,1989,189,1992,232,1999,177
2474,1996,169,1996,199,1999,227
2475,1996,211
2478,1996,272
2479,1996,188,1996,231
2481,1996,158,1996,176,1996,254
2482,1982,232,1982,242,1986,154,1986,208,1993,241,1996,188
2483,1986,258,1990,240
2484,1985,256
2485,1994,241,1996,259,1996,273
2487,1996,227,1996,232,1996,244,1996,269,1996,272
2488,1996,156,1996,214,1996,219,1996,220,1996,248,1996,263
2489,1996,221,1996,224
2490,1989,217
2491,1981,168,1981,177,1989,170,1989,195,1989,256,1989,262,1993,214
2492,1989,262,1993,241,1997,209,1998,173,2004,154
2493,1982,261,1995,213,1999,252,1999,264,2004,165
2494,1981,257,1996,177,2000,166
2495,1995,158,1998,198
2496,1981,187,1981,260,1995,251,1997,205
2497,1999,163
2498,1991,241,1996,192,1998,159,2004,222
2499,2004,193,2004,256,2004,259
2500,1993,184,1996,175,2004,239
2501,1990,186,1990,210,1990,211,1995,179
2502,1991,215,1997,228
2503,1989,182
2506,1998,197
2507,1981,258,1996,210,2004,153
2508,1991,191,1991,265,1995,173,1996,167,1996,173,1998,234,2000,199,2000,249
2509,1985,196,1986,176,1986,177,1986,195,1989,220,1998,222
2510,1981,273,1986,269,1988,271,1989,158,1994,169,1999,197,1999,212
2511,1986,226,1986,257,1988,199,1988,228,1989,248,1999,168,1999,206,1999,234,1999,246,1999,266
2512,1981,235,1985,264,1986,248,1999,231
2514,1996,162
2517,1989,256
2518,1986,153,1986,246,1991,154
2520,1986,261,1996,230
2523,1997,263
2524,1982,267
2525,1989,198
2526,2004,227
2528,1993,169
2529,2001,160,2001,183,2001,244,2004,264
2530,1999,251
2531,1998,213,2001,153,2001,163
2532,1992,181
2533,1998,174,1999,160,2004,182
2534,1989,257,2004,176,2004,209,2004,223,2004,225,2004,244,2004,269
2535,1992,240,1994,191
2537,1990,169,1994,217
2538,1994,158,1994,181,1995,255,1996,262,1997,268
2539,1989,179,1992,211,1992,228,1992,238,1998,219,1999,203
2540,1981,182,1981,220,1981,248,1982,243,1989,250,1996,159,1996,227,1999,172,1999,229
2542,1986,253,1994,163,1994,210,1994,264
2543,1994,168,1994,231,1994,237
2544,1983,203,1989,240,1994,161,1999,272
2545,1982,229,1988,220,1993,152,1994,163,1998,166,1999,162,1999,192,1999,237,1999,258,1999,263,2000,246
2546,1982,272,1988,270,1993,155,1993,165,1994,159,1994,171,1994,199,1994,272,1995,230,1999,256
2547,1992,179,1994,232,1994,272,1996,207,1998,210
2548,1982,269,2004,209
2549,2004,213
2550,2004,206
2555,1996,174,1996,175,1996,202,1996,211,1996,213
2556,1995,167,1999,273
2557,1989,183,1992,207,1993,272,1996,178,1997,157,2000,152,2001,268,2004,271
2558,1981,173,2004,175
2560,1996,163
2563,1986,188
2566,1982,213
2567,1982,156,1986,163
2570,1985,181,1985,223,1996,162
2571,1994,185
2572,1995,270
2573,1981,207,1991,153,1991,161,1991,262,1994,186,1994,191
2574,1994,179,1996,170
2575,1989,189,1989,197,1993,161,1996,267,1997,212,1997,245,1998,152,2004,261
2576,1989,179,1989,195,1989,203,1989,217,1989,222,1989,239,1989,245,1989,259,1989,261,1989,268
2577,1988,167
2578,1982,165,2001,257
2579,1989,245,1993,220,1999,223,2001,224,2004,230
2580,1988,209,1996,216,1996,217,1996,221
2581,1981,208,2001,223
2582,1986,199,1986,264
2583,1981,228,1995,157,1995,205
2584,1996,208,1996,215,1996,252,1996,260
2585,1981,186,1989,214,2000,232
2586,1981,242,1989,178,1989,253,1993,251,1995,270,1996,263,1999,189,1999,254,2004,226
2587,1981,205,1983,186,1983,253,1990,200,1995,219
2591,1986,200,1986,201,1986,249,1986,271
2592,1995,189,1995,194,2001,162,2004,259
2593,1981,190,1981,190,1986,213
2594,1986,270,1988,246,1988,270,1991,205,1996,175,1996,193
2595,1986,236,1988,158,1988,168,1988,222,1989,185,1989,208,1990,199,1990,219
2596,1985,158,1985,207,1988,155,1989,221,1994,187,1996,202,1999,235,1999,251
2597,1982,235,1982,261,1988,184,1988,237,1988,259,1994,211,1994,239,1998,185,1999,270
2598,1981,241,1986,159,1986,169,1988,171,1989,234,1994,171,1994,260,1995,158,1999,164,1999,189
2599,1981,194,1982,221
2602,1989,164,1989,222,1989,254,1996,203,1997,269,2004,165
2603,1989,169,1989,261,1989,262,1991,254,1995,229,1996,235
2604,1993,153
2605,1989,172
2606,1992,252,2000,211
2609,1982,232
2610,1982,247,2001,173,2001,194
2612,1993,228,1997,164
2613,1997,154
2614,1986,170,1986,205,1997,222
2615,1989,206,1989,236,2004,156,2004,182
2616,1996,186
2617,1986,168
2618,1986,204
2619,1992,170,2000,164,2001,179
2620,1992,155
2621,1983,271,1986,218,1987,265,1994,196
2622,1983,155,1985,230
2623,1983,210,1994,220,1996,191
2624,1991,187,1992,258,1993,223,1994,241,1995,272,1996,203
2625,1982,259,1986,260,1992,207,1995,194,1995,239,1998,213,2001,211,2004,214
2626,1992,266,1995,270,1999,220,2001,202,2001,205
2627,1981,195,1981,235,1989,177,1989,179,1989,188,1989,217,1989,237,1996,183,1996,244
2628,1983,224,1989,265,1994,257
2629,1982,164,1988,259,1993,235,1994,154,1994,210,1994,248
2630,1983,208,1983,252,1996,185,1996,221,1996,222
2631,1981,233,1990,212,1993,201
2632,1981,237,1982,191,1982,250,1984,180,1992,159,1999,244
2633,1986,273,1993,175,2000,244,2000,260
2634,1993,229,1994,157,1994,170,1994,218,1994,242,1994,247,1999,172
2635,1988,228,1993,193,1994,213,1994,214
2636,1988,199,1994,153,1994,215,1994,260,1998,197
2637,1989,202,1996,221,1998,270
2641,1991,202,1992,173
2642,1993,238,1995,185,1995,220,1996,208,1998,172,1999,163,1999,225
2643,1992,239,1992,258,1995,227,1999,187,1999,241,2000,180
2644,1983,273,1987,220,1996,181,2001,241
2645,1984,169
2646,1986,230
2649,1986,239
2651,1986,231,1996,261
2653,1986,183,1986,215
2654,1986,163,1986,268,1996,152,1996,258,2001,246
2655,1981,163,1981,200,1981,220,1986,267,1992,266
2656,1982,180,1982,225,1982,237,1991,220,1991,228,1992,161,1998,261,2001,181
2657,1981,197,1981,231,1994,173,1994,177,1994,210,1999,152
2659,1985,261,1994,181,1994,236,1998,188
2660,1981,168,1981,236,1985,191,1986,169,1989,174,1994,169,1994,193,1994,203,1996,170,1996,205,1999,157,1999,211,1999,225
2661,1986,244,1986,264,1989,229,1996,190,1996,254,1996,268
2662,1989,195,1989,262,1996,152,1996,180,1996,194,1996,196,1996,218,1996,273,2004,203
2663,1986,162,1989,171,1993,196,1996,165,1996,166,1996,177,1996,179,1996,185,1996,217,1996,218,1996,233,1996,248
2664,1991,267,1996,164,1996,166,1996,186,1996,200,1996,215,1996,226,1996,253,1998,192
2665,1994,237,1996,227,1996,241,1996,264,1999,271
2666,1991,264
2667,1982,165,1986,167,1989,184,1997,252,1999,238
2668,1981,153,1981,191,1981,243,1981,268,1986,231,1986,266
2669,1989,161,1989,182,1993,232,2004,203,2004,259
2670,1981,185,1989,185,1989,262
2671,1986,214,1993,164,1995,205,1995,208,1997,255
2672,1981,220,1989,224,1990,188,1993,161,1997,258,1998,152,1998,178,1998,198
2673,1981,185,1991,233
2677,1986,155,1986,203
2678,1981,175,1981,235,1991,197,1995,207,1995,239,1998,251,2000,154
2679,1981,202,1989,160,1989,182,1989,222,1995,175,2004,186,2004,260
2680,1986,184,1986,252,1989,258,1996,188,1996,262
2681,1986,244,1988,189,1990,228,1999,161,1999,220
2682,1987,227,1987,231,1988,154,1988,219,1988,222,1988,258,1989,177,1989,216,1989,272,1995,199,1998,192,1999,161,1999,260,1999,273
2683,1988,165,1988,223,1989,210,1995,182,1998,241,1998,261
2684,1981,239,1986,240,1988,215,1988,257,1989,178,1989,221,1994,267,1998,259
2685,1982,192,1982,253,1988,201,1990,183
2687,1996,221
2688,1986,249,1989,219,1996,182,1996,214,1996,215,1996,219,1996,235
2689,1981,201,1989,180,1989,219,1992,210,1998,162,1998,170,1998,203,1999,184,2000,250,2004,209
2690,2001,249
2692,1986,263,1992,178
2694,1985,262,1990,158,1998,195
2695,1989,197,1989,210,1989,225,2004,192
2696,1989,214,2004,174
2698,1986,160,1986,194
2705,2004,232
2708,1986,253,1988,152
2709,1982,220,1983,209
2710,1982,187,1985,180,1987,263,1994,156,1995,179,1997,182,1998,241
2711,1981,204,1982,215,1992,253,1993,227,1993,254,1994,200
2712,1981,251,1992,185,1992,241,1993,181,1995,176,1995,226,1995,243,1999,221
2713,1989,154,1989,159,1989,219,1989,242,1990,221,1996,246
2714,1989,156,1994,159,1994,196,1994,203,1994,234
2715,1986,187,1986,238,1992,168,1994,163
2716,1986,242,1988,152,1996,233
2717,1981,187,1983,159,1985,190,1990,202,1994,154,1994,240,1999,257,2000,223
2718,1988,164,1988,249,1993,204,1993,226,1993,254,1993,271,1994,190,1994,232,1998,191,1999,182
2719,1993,173,1993,181,1993,221,1993,232,1993,238,1993,238,1993,242,1993,251,1994,157,1995,158,1999,170,1999,175,1999,185,1999,186,1999,254
2720,1985,157,1986,155,1986,268,1993,158,1993,233,1994,216,1995,172,1995,266,1998,266,1999,253,1999,254,1999,260
2721,1982,203,1982,221,1985,166,1985,240,1986,241,1988,204,1988,235,1990,168,1995,263,1996,190,1996,203
2722,1985,202,1993,268,1999,257
2729,1996,195,1999,250,2000,245
2730,1996,251,1996,265
2731,1996,228
2737,1996,220
2738,1981,173,1981,237
2739,1986,171,1986,204
2740,1996,207
2741,1993,261
2743,1994,159
2744,1981,255,1994,216,1994,251
2745,1982,186,1982,218,1982,237,1998,231
2746,1981,154,1981,228,1981,237,1989,196,1994,228,2000,212
2747,1994,259
2748,1986,153,1986,211,1994,178,1994,253,1996,249,1996,252,1996,270
2749,1986,156,1986,188,1986,242,1996,156,1996,158,1996,202,1996,220,1996,231,1996,236,1996,260
2750,1994,178,1996,229,1996,238,1996,258
2751,1981,204,1996,160,1996,174
2752,1982,214,1996,239
2753,1981,252,1989,202,1991,161,1996,256,1997,203,2000,227
2754,1986,154,1986,192,1994,160,1998,214,2001,168
2755,1982,164,1993,206,1994,259
2756,1982,164,1982,166,1982,168,1982,172,1982,220,1995,190,1995,200,1995,224,1998,159
2757,1995,197
2758,1990,192,1992,268,1996,222
2764,1981,204,1983,252,1985,177,1986,209,1989,163,1991,164,1993,158,1995,240,2000,230
2765,1989,224,1992,253,1996,196,1999,189,2004,170,2004,184,2004,231,2004,253,2004,261,2004,265
2766,1986,212,1987,155,1996,212,1999,156
2767,1987,271,1990,271,1999,212
2768,1989,167,1989,196,1989,226,1989,252,1989,253,1989,269,1994,173,1999,212
2769,1981,249,1983,182,1988,257,1989,192,1989,197,1989,240,1990,179,1995,165,1995,205
2770,1996,267
2773,1996,167,1996,181,1996,223,1996,250
2774,1996,262
2775,1995,230,1997,188,1999,227
2776,1992,189,1998,262,2000,207,2000,264
2777,1985,186
2778,1982,155,1982,158,1982,186,1982,197,1982,203,1982,219,1990,187
2779,1982,184
2780,1986,187,1986,206
2781,1992,167,1995,166,2001,185
2784,1981,271
2787,1996,212
2792,1982,203
2793,1986,204
2794,2004,253
2795,1981,167,1989,157,1992,241,1996,192,1999,234,1999,245
2796,1982,191,1989,214,1989,264,1991,180,1998,190,1999,170
2797,1996,199,1996,213,1996,218,1996,254
2798,1992,157,1992,240,1996,174,1998,265,1999,263
2799,1989,171,1994,241,1996,247,1999,154,1999,185,2004,227
2800,1981,162,1990,257,1994,184,1994,204,1994,242,1999,224
2801,1981,206,1986,242,1986,272,1988,173,1996,178
2802,1981,244,1989,234
2803,1983,200,1983,203,1996,230,1996,250,1999,182
2804,1985,251,1993,189,1993,205,1993,221,1993,223,1994,215,1994,251,1999,247,2000,210
2805,1985,227,1993,174,1993,180,1993,197,1993,225,1993,227,1993,268,1993,271,1994,205,1998,248,2000,169,2001,260
2806,1981,250,1982,182,1982,214,1982,245,1984,228,1985,161,1985,226,1985,234,1988,216,1991,197,1993,180,1993,216,1993,217,1999,207
2807,1982,156,1982,254,1983,268,1985,207,1986,224,1991,228,1994,204
2808,1986,186,1988,243,1994,165,1994,170,1994,207,1995,178,1996,174
2816,1996,258,2004,240
2818,2004,259
2819,1994,262
2823,1986,182
2824,1986,256,1986,265
2825,1986,152,1986,195,1986,238,1996,153,1996,194
2826,1992,216,1996,193,2004,167
2829,1983,213,1994,174,1999,254
2830,1983,264,1995,192,1995,270,1995,273,2000,157,2000,251,2000,253
2831,1988,187,1988,189,1988,226,1990,187,1994,250,1994,260,1999,157
2832,1990,196,1994,193,1994,265
2833,1981,154,1981,185,1986,182,1986,185,1986,219,1986,254,1996,211
2834,1986,209,1986,255,1994,219,1996,176,1996,197,1996,269
2835,1983,189,1986,165,1986,168,1986,181,1986,200,1986,229,1994,261,1996,158,1996,181,1996,209
2836,1986,165,1994,171,1994,175,1994,202,1994,203,1994,263
2837,1981,173,1981,221
2838,1981,220,1981,230,1995,166,1996,268
2839,1981,199,1981,269,1982,176,1986,160,1986,264
2840,1981,208,1989,265,1990,160,1991,233,1995,185
2841,1985,156,1990,269,1998,226
2844,2000,162
2845,1993,221
2849,1981,159,1990,271,1995,246,1996,263
2850,1989,183,1989,201,1989,248,1998,200,1998,221
2851,1996,161,1996,269
2852,1991,188,1996,202,1998,264,2000,174
2853,1990,178,1990,265,1999,160,1999,162,1999,222,2000,159
2854,1988,173,1994,268,1999,175,1999,179,1999,241,1999,246
2855,1996,160
2858,1996,219,1996,226,1996,261,1996,261
2859,1996,163,1996,166,1996,197,1996,200
2860,1992,219
2861,1989,261,1993,269,1994,220,1996,220,1998,260,2001,268,2004,190
2863,1993,260,1996,237,1999,226
2864,2000,169
2865,1986,195,1986,237,2004,234
2874,1986,177,1986,196
2879,1993,179
2880,1981,158,1981,231,1989,157,1989,186,1989,187,1992,262,1993,177,1993,241,1996,190
2881,1989,185
2882,1986,214,1995,238
2883,1984,228,1984,264
2884,1984,243,1991,220,1992,208,1995,212
2885,1984,232,1988,243,1996,214,2004,237
2886,1990,248,2004,212
2887,1988,249,1990,227,1990,249,1990,252
2889,1982,206,1993,155,1999,178
2890,1989,210,1993,155,1993,214,1996,153,1997,211,1999,267
2891,1994,253,1995,168,1995,184,1996,210,1996,228
2892,1981,165,1982,259,1985,179,1985,222,1988,233,1989,262,1993,172,1994,226,1994,260,1995,251,1996,157
2893,1981,233,1985,262,1989,232,1990,233,1994,159,1994,236,1994,268,1996,186
2894,1994,267
2895,1982,197
2900,1981,156
2902,1996,246,1996,271,1996,273
2903,1996,157,1996,160,1996,192,1996,255
2904,1986,178
2905,1986,230
2910,1981,273,1986,210,1986,237
2911,1986,158,1986,179,1986,180
2913,2004,168,2004,215
2915,1985,165,1985,221,1989,210,1996,252
2916,1981,261,1981,272,1982,205,1985,216,1985,239,1988,218,1989,202,1989,270
2917,1989,163,1989,166,1989,179,1989,265,1994,183,1996,174,1996,204
2918,1982,273,1989,153,1989,183,1989,186,1989,193,1989,245,1994,157,1994,203,1994,213
2919,1982,248,1986,164,1986,182,1986,237,1994,160,1994,165,1996,186,1996,238
2920,1983,228,1986,245,1989,262,1989,268,1996,164,1996,258
2921,1983,263,1986,230,1986,250,1989,270,1994,185,1996,268,2000,162
2922,1981,156,1989,214,1989,261,1989,265,1991,223,2000,218
2923,1981,213,1986,155,1986,260,1989,201
2924,1981,161,1981,193,1999,224,1999,232
2925,1989,163
2926,1989,189,1989,234,2001,225
2927,1981,192,1982,224,1984,207,1986,227,1993,215,1995,157
2928,1991,202,1991,257
2931,2004,248
2932,1996,233
2933,1996,262
2937,1996,167,1996,189,1996,211
2938,1982,164,1982,230,1986,261,1996,163,1996,165,1996,213,1996,232
2939,1989,235,1996,189,1996,199,1996,206,1996,255,1999,227,1999,236
2940,1996,203
2942,1996,177,1996,213,1996,225,1996,227
2943,1982,165,1996,163,1996,214,1996,252
2944,1981,219,1996,153,1996,235,1996,239,1996,253
2945,1986,193,1986,208,1987,270,1988,222,1996,157,1996,198
2946,1989,224,1993,252,1999,264
2947,1986,167,1992,161,1992,166,1993,207
2948,1989,203,1989,227,1998,177
2949,1981,211,1981,232,1989,205,1989,234,1996,251
2951,1997,273
2954,1996,199,1996,202
2955,1996,174,1996,232
2960,2001,228
2963,1986,178
2964,2004,269
2965,2001,249,2004,175,2004,212,2004,268
2966,1984,269,1989,197,1989,264,1995,238,2004,252
2969,1982,201,1982,268,2004,267
2970,1981,178,1981,236,1981,247,1981,259,1982,231,1982,266,1985,221
2971,1992,212
2972,1986,158,1994,181,1998,159
2973,1982,192,1989,166,1990,193,1990,227,1990,245,1993,158
2974,1994,257
2975,1984,229,1993,216
2976,1989,155,1989,233,1989,268,1989,272,1991,192,1996,231,1996,266,1997,205,2004,212,2004,268
2977,1985,161,1988,235,1990,240,1994,233,1995,258,1996,186,1998,200
2978,1982,166,1982,249,1985,188,1990,267,1991,183,1991,246,1992,228,1994,154,1998,232
2979,1984,201,1985,156,1993,198,1993,237,1993,242,1994,192,1994,208,1995,263,1998,161
2980,1981,165,1982,195,1988,181,1993,237,1994,220,1998,247
2981,1994,266
2987,1982,213
2990,1991,192
2991,1986,155
2993,1986,176,1986,224,1986,232
2998,1982,160,1986,248,1992,169,1997,228,1999,242
2999,1989,160,1989,187,1989,192,2004,212,2004,238,2004,241
3002,1989,201,1989,207,1989,242,1994,190,1994,225,1994,260,1995,222,1995,228
3003,1986,221,1988,210,1989,242,1994,227,1994,237,1994,273
3004,1989,176,1994,160,1994,204,1994,223,1994,233,1996,177,1999,199
3005,1983,230,1986,154,1986,229,1986,260,1994,253
3006,1986,170,1986,185,1986,196,1986,230,1986,231,1994,273,1996,169,1996,206
3007,1986,198,1986,248,1986,268,1996,218
3008,1989,172,1989,237,1989,268,1996,230,2000,197
3009,1986,214
3010,1996,168,1996,174,1996,179,1996,204,1996,210,1996,225,1996,262,1996,264
3011,1981,154,1996,245,2000,172,2004,207
3012,1990,206,1991,227,1995,186,1996,166,2000,265
3013,1985,211,1989,179,1990,205,1991,157,1991,186,1996,190,2004,161
3017,1989,197,1999,260,2004,263
3018,1996,165,1996,183,1996,249
3021,1982,229,1996,205,1996,238
3022,1996,231,1996,235,1996,251
3024,1982,206,1996,167,1996,209,1996,222,1996,229,1996,231,1996,239,1996,264,1996,265,1996,268
3025,1996,164,1996,197,1996,198,1996,251,1996,267
3026,1996,250
3027,1996,191
3028,1986,180,1986,228,1987,179,1996,228,1996,272
3029,1982,222,1982,223,1986,203,1987,195,1987,196,1987,203,1994,155,1994,189,1994,241
3030,1981,194,1986,219,1990,184,1990,206,1994,249
3031,1986,220,1986,271,1990,155,1991,153,1994,211,1999,255
3032,1989,168,1992,240,1996,155
3033,1986,242,1993,224,1997,190
3034,1981,233,1986,195,1989,273,1996,245,1998,201
3035,1996,262
3039,1986,169,1998,158
3040,1996,225,1996,254
3041,1981,174,1986,261,1995,250,1996,197,1999,180
3042,1994,213,1994,250,1998,219
3043,1982,173,1986,238,1996,178,1999,173
3044,1981,184,1987,266,1989,160,1989,172,1989,265,1996,264
3045,1989,155
3046,1996,246
3047,1999,173,1999,190,2001,238
3048,1992,199
3049,1995,245,1995,269,1998,214
3051,1992,164
3052,1992,265,1995,252
3053,1989,193,1991,254,1998,158,2004,190
3054,1982,166,1993,206,1998,182,2001,268
3055,1986,170
3056,1996,266
3057,1989,251
3058,1989,210
3059,2004,163
3060,1998,226
3061,1989,186,1990,198,1992,205,1994,272,1995,180,1996,160,2000,263,2004,249
3062,1982,165,1982,179,1985,170,1986,184,1986,214,1990,184,1991,244,1993,159,1993,202,1995,177,1995,187,1996,155,1996,187,1999,194
3063,1984,175,1985,158,1988,163,1988,183,1988,215,1993,164,1994,180,1994,194,1994,259,1995,207,1995,266,1996,197,2001,183
3064,1982,256,1984,215,1991,248,1993,195
3065,1981,256,1993,265,1994,179,1995,215,1995,253,1996,154
3066,1994,212,1999,228,1999,264
3071,1994,193,1996,254
3073,1981,181,1982,224,1986,261,1991,248
3074,1996,210,1997,213,1999,230
3075,1996,253
3077,1982,217,1986,155,1986,185,1986,258,1994,165,1996,246
3078,1995,269
3079,1986,153,1986,169,1986,187,1986,239,1993,198,1996,155
3080,1995,237,1996,253
3083,1984,217,1990,233,1990,255,1990,263,1993,211,1993,235,1996,272
3084,1981,206,1995,181
3085,1981,216
3086,1984,172,1989,188,1989,223,1991,222,1991,242,1991,265
3087,1989,247,1991,193,1992,216,1999,217
3088,1989,208,1994,180,1995,157,1995,161
3089,1989,257,1994,154,1996,269,1999,215,1999,254
3090,1981,160,2004,263
3091,1981,218,1981,221,1982,237,1985,206,1985,218,1986,272,1990,160,1990,173,1990,194,1990,247,1994,164
3092,1990,166,1990,200,1990,270,1993,167,1994,258,1996,164,1999,239
3093,1986,163,1993,160,1994,177,1995,192
3095,1996,208,1996,215,1996,255
3096,1984,240,1989,161,1989,221,1996,155,1996,159,1996,177
3097,1986,209,1996,253
3098,1991,184,1995,196,1996,154,1998,171,1998,249
3099,1981,248,1993,256,1995,259
3104,1996,189,1996,244,1996,251
3106,1996,172,1996,271
3107,1996,154,1996,181,1996,210,1996,214,1996,225,1996,239,1996,241
3108,1996,206
3109,1996,194
3110,1996,183,1996,186,1996,189,1996,216,1996,235,1996,241,1996,257,1996,267
3111,1996,155,1996,182,1996,196,1996,232,1996,270
3112,1996,185
3113,1989,266
3114,1986,184,1986,206,1989,202,1989,222,1990,167,1996,185
3115,1983,194,1986,156,1986,194,1986,196,1986,220,1990,223
3116,1986,155,1986,172,1990,153,1990,215,1994,204,1996,199,1996,210
3117,1986,226,1988,179,1990,227,1991,257,1992,214,1994,255,1994,270
3118,1981,169
3125,2004,237
3127,1987,215,1987,243
3128,1982,159,1995,238
3129,1981,187,1981,263,1985,223,1989,245,1990,273,1991,251,1996,247,1999,197
3130,1991,227,1991,261,1995,157,1998,271
3131,1981,156,1981,163,1986,173,1986,203,1994,156
3132,1996,163
3133,1992,175,1992,183,1992,185,1996,154,2001,190
3134,1991,183,1991,246,1996,256,2004,226
3135,1985,242,1993,216
3136,1985,177,1985,220,1991,225
3138,1986,266
3139,1997,231,1997,256
3140,1999,251,2004,153
3141,1995,226
3142,1989,184,1992,194,1992,234,1994,246,1996,214,1998,195
3143,1999,231,2000,262,2001,239
3144,1986,180,1989,217,1992,214
3145,1989,154
3146,1986,243
3147,1982,152,1985,270,1988,260,1989,204,1993,154,1993,231,1993,254,1994,238
3148,1982,197,1988,197,1993,231,1993,251,1994,152,1994,168,1994,217,1994,232,1995,216,1996,175,1998,204,1999,244
3149,1981,204,1985,209,1985,219,1988,212,1994,170,1994,183,1994,183,1994,273,1998,213
3150,1985,159,1985,172,1985,172,2000,253
3152,1982,195
3157,1997,221,1999,219,2004,210
3158,1982,230,1994,202,1995,228,1995,251,1999,154,1999,156,2001,228
3159,1981,268,1994,228,1995,190,1999,219
3160,1981,209,1982,193,1987,163
3161,1993,272,1994,152,1994,154,1994,174,1994,213,1994,224,1995,171,1995,176,1995,199,1995,227,1996,196
3162,1996,179
3164,1995,225,1996,213,1998,168
3165,1981,162,1995,208,1998,210
3166,1996,240,1998,166,1998,225,1999,242
3167,1986,168,1996,173,1996,191
3169,1985,155,1985,209,1985,270,1990,262,1991,153,1995,156,1995,200,1995,270,1996,201,1996,222
3170,1981,225,2004,220
3171,1986,214,1995,203,1995,228,1996,240
3172,1992,178,2000,264
3173,1989,271
3174,1993,199
3175,1982,177,1982,196,1996,222,1996,244,2004,225
3176,1996,207,1999,192,1999,220,2000,177
3177,1981,173,1981,229,1988,223,1989,230,1990,155,1992,247,1993,251,1994,184,1998,200,2000,199
3178,1993,182,1993,240,1994,162,1994,268,1998,187
3181,1996,173,1996,217,1996,258
3182,1981,238,1986,242,1989,152
3183,1986,231,1988,219,1995,255,1996,172,1996,186,1998,166
3184,1981,267,1990,152,1990,194,1995,252
3189,1989,231
3192,1996,230
3193,1996,168,1996,201,1996,269
3194,1996,169,1996,180
3195,1996,232,1996,235,1996,269
3196,1996,175,1996,194,1996,198,1996,214,1996,222,1996,239,1996,256
3197,1996,158,1996,171,1996,185,1996,195,1996,201,1996,222,1996,223,1996,231,1996,233,1996,235,1996,244,1996,245,1996,251,1996,255,1996,261
3198,1983,204,1986,175,1986,233,1986,250,1996,215,1999,200
3199,1986,155,1986,216,1986,247,1986,252,1995,199,1996,176,1996,230
3200,1983,214,1986,229,1988,220,1988,223,1989,187,1990,173
3201,1983,172,1983,212,1983,230,1988,176,1988,200,1988,213,1989,224,1994,201,1994,235,1996,152,1996,193
3202,1982,159,1982,170,1989,160,1989,182,1989,204,1996,258
3203,1982,261,1985,156,1989,270,1990,186,1991,181,1995,228,1999,176
3204,1986,164,1986,271
3211,1996,244
3212,1996,270
3214,1982,181,1990,216,1990,248,1992,210,1995,196
3215,1981,239,1982,237,1992,247,1995,239,1996,213,1998,219
3216,1989,166,1989,234
3225,1982,190,1989,182,1992,195
3226,1989,154,1992,186
3227,2000,235
3228,1998,220,1999,169,1999,215
3229,1981,170,1981,181,1981,187,1992,156,1997,157,1999,168,1999,204
3230,2001,165,2001,219
3231,1981,205,1981,220,1985,152,1995,168,1995,241
3232,1992,166,1998,224,2004,195,2004,217,2004,265
3233,1982,221,1986,157,1988,201,1988,254,1988,259,1991,202,1992,177,1994,170,1994,194,1994,240,1996,191,1999,220
3234,1982,164,1984,181,1984,199,1984,262,1984,273,1989,218,1989,241,1990,268,1994,153,1994,172,1994,222,1994,252
3235,1983,227,1987,204,1993,154,1993,234,1994,251,1994,254,1994,258,1994,265,1994,271,1995,244,2000,247
3236,1988,223,1993,175,1993,215,1998,171
3239,1990,152,1995,247,1995,270
3241,1995,178,2001,201,2001,229
3242,1981,233
3243,1997,156,1999,163,1999,259
3244,1996,189,1998,238
3246,1986,181,1996,164,1996,194,1996,224
3247,1982,264,1985,254,1994,154
3248,1994,207
3249,1985,219,1987,246,1994,169,1995,258,1996,261
3250,1982,155,1994,166,1994,223,1995,168,1998,157,1998,217
3251,1982,226,1996,199,2001,195
3252,1981,171,1994,259,1998,219
3253,1996,173,1996,175
3254,1986,187,1989,259,1990,182,1993,242,1994,231,1996,235
3255,1981,252,1982,197,1985,217,1988,211,1988,224,1988,237,1994,153,1998,156,1999,186,2001,241,2001,262
3256,1994,257,2004,192
3257,2004,206
3258,1996,190,2001,254
3260,1996,231,1996,237,2004,242
3261,1989,205,1989,240,2004,169,2004,223
3262,1996,198,1996,210,1997,169
3263,1985,183,1985,242,1985,242,1988,174,1988,188,1990,160,1994,208,1994,218,1994,224
3264,1994,156,1994,160,1994,195,1994,256,1996,153,1998,152,1999,179
3268,1981,169,1981,201,1981,242,1981,253,1992,187,1992,193,1993,266,1997,178
3269,1986,209,1990,228,1991,193,1995,264,1996,206,1997,154,1997,221
3270,1991,154,1991,181
3272,1996,193
3275,1996,160,1996,215,1996,251
3277,1996,179,1996,224,1996,225,1996,258,1996,267,1996,272
3278,1996,161,1996,174,1996,188,1996,200,1996,261,1996,261,1996,272
3279,1996,153,1996,167,1996,184,1996,190,1996,208,1996,229,1996,259,1996,267
3280,1996,157,1996,179,1996,180,1996,228,1996,239,1996,267,1996,271
3281,1996,152,1996,155,1996,169,1996,181,1996,186,1996,188,1996,213,1996,218,1996,245
3282,1996,197,1996,202,1996,207,1996,213,1996,216,1996,220,1996,223,1996,235,1996,237,1996,241,1996,247,1996,247,1996,258
3283,1986,160,1986,223,1986,239,1994,168,1994,200,1996,188,1996,193,1996,208,1996,243,1996,267,1999,270
3284,1983,155,1983,160,1983,163,1986,175,1986,190,1996,230
3285,1986,182,1986,202,1986,248,1994,154,1996,152,1996,164,1996,205,1996,215
3286,1986,187,1986,205,1988,175,1988,214,1988,264,1989,201,1989,204,1996,240
3287,1983,185,1983,242,1986,234,1988,174,1989,219,1989,256,1989,264,1989,264,1990,226,1994,234,1994,256,2000,258
3288,1986,230,1986,255,1994,222
3289,1990,163
3295,1993,252
3296,1996,198
3300,1981,239,1981,270,1990,227,1990,238,1991,244,1992,159,1994,179,1995,161,1995,183,1995,210
3301,1981,191,1981,255,1981,273,1985,220,1992,244,1992,268,1996,255,1998,153
3302,1986,225,1988,220
3303,1988,234,1992,176,1995,164,1995,214,1996,160
3304,1993,193
3305,1999,209,1999,257,2001,191
3310,1996,183
3311,1996,233,1996,242
3312,1996,204,1996,206
3313,1996,209,1996,270,1999,179
3314,1996,253,2001,162,2004,211
3315,1981,170,1989,269,1992,257,1996,219,1997,264,1999,166,1999,214
3316,1989,221,1999,227,1999,255,2001,152
3317,1998,228,2004,179,2004,237
3318,2004,180
3319,1982,181,1985,239,1993,253,1996,201,1996,226
3320,1982,272,1984,165,1984,181,1984,201,1985,205,1991,271,1993,157,1996,188
3321,1984,244,1985,153,1985,167,1991,169,1991,262,1993,182,1993,192,1994,188,1994,206,1994,240,1996,207
3322,1985,195,1985,269,1987,253,1994,223,1995,241,1996,166
3323,1982,158,1984,176,1984,224,1990,253,1996,234,1996,247
3324,1991,210,1991,257
3327,2001,237
3328,1981,155,2004,253
3329,1989,167,1991,239,1992,221
3330,1989,208,1989,266,1996,175
3331,1989,161
3332,1981,225,1989,193,1989,257,1995,181,1996,181
3334,1991,157,1995,159
3335,1982,178,1986,155,1986,174,1986,177,1991,240,1994,239,1999,223
3337,1981,192,1994,265,1996,160,1999,155,1999,260
3338,1981,172,1981,174,1986,167,1992,198,1992,233,1995,223
3339,1986,213,1989,268,1996,178
3340,1981,160,1986,220,1994,187,1994,227,1999,257
3341,1981,236,1986,182,1989,164,1992,170,1993,224,1993,250,1994,272,1998,271,1999,199
3342,1981,221,1981,235,1986,212,1986,256,1989,257,1994,176,1995,219,1996,192,2004,177
3343,1989,220
3344,1989,159
3345,1989,215,1989,237
3346,1994,216
3347,1981,268,1989,205,1992,254,1994,227
3348,1989,231,1996,194,1998,175,2001,249
3349,1982,160,1985,199,1985,249,1987,233,1988,253,1993,192,1994,238,1995,242,1995,250
3350,1981,215,1981,216,1986,185,1986,225,1992,224,1993,206,1998,166,2000,180
3353,1996,251
3354,1986,217,1993,221
3360,1989,172,1989,234
3364,1996,167,1996,195
3365,1996,171,1996,176,1996,195,1996,202,1996,204,1996,209,1996,221,1996,240,1996,248,1996,269
3366,1996,176,1996,185,1996,187,1996,203,1996,212,1996,215,1996,221,1996,233,1996,243,1996,244
3367,1996,152,1996,163,1996,180,1996,183,1996,206,1996,218,1996,243,1996,247,1996,247
3368,1983,202,1983,209,1996,157,1996,173,1996,175,1996,181,1996,202,1996,203,1996,211,1996,271
3369,1983,165,1983,223,1994,247,1996,233,1996,239
3370,1986,175,1986,224,1986,268,1988,196,1988,230
3371,1986,165,1986,213,1986,264,1988,155,1990,235,1994,215,1996,218
3372,1986,196,1986,264,1990,246,1994,192,1996,213
3373,1986,173,1986,224,1987,226,2000,218
3374,1996,164
3379,1982,167,1982,184,1991,266,1993,189,1995,171
3380,1992,215
3382,1981,256,1996,259
3383,1996,211
3384,1986,212,1996,152
3385,1982,184
3386,1981,216
3387,1986,189,1986,193,1993,183
3388,1994,182,1994,232,1994,234
3389,1984,213,1994,192
3390,1981,250,1988,191,1988,270,1991,160,1995,157,1996,269,1998,233,2001,184
3391,1988,196
3393,1989,261,1999,197
3394,1986,226
3396,1989,193
3398,1989,254
3399,1986,238,1986,250,1989,188,1989,263,1992,198,1993,153,1993,234,1995,203,1996,234,1996,248
3400,1986,209,1986,215,1992,164,1993,164,1995,273,1996,223,1999,250
3401,1982,246,1982,255,1982,259,1984,243,2001,154,2001,231
3402,1989,266,1997,176,2004,256
3403,1982,229,2004,199,2004,213
3404,1997,243,2004,170,2004,200,2004,238
3405,1986,267,1989,258,1996,181,1996,190,1999,218,1999,266
3406,1983,179,1983,189,1983,251,1986,241,1996,182,1996,193,1996,217,1996,226
3407,1983,231,1986,225,1996,176,1996,187,1996,192,1996,240
3408,1982,259,1983,181,1983,242,1985,198,1996,205
3409,1982,169,1982,185,1987,225,1990,208,1990,237,1991,176,1991,201
3410,1982,246
3412,1994,172
3413,1986,205,1989,261,1993,214,2001,166
3414,1995,200
3415,1991,204
3417,1989,191,1997,207
3418,1996,213
3419,1996,229,1996,231
3420,1989,223,1991,207,1992,246,1993,198,1995,216
3421,1987,156,1996,194,1999,222
3424,1989,266,1996,200,1996,201,1996,248
3425,1985,152,1985,165,1995,161,1996,264,1998,157
3426,1990,255,1998,164,1999,210,1999,228,1999,229
3427,1998,236
3428,1981,167,1991,244,1995,171
3429,1989,198
3430,1989,188,1996,226
3431,1996,157
3434,1981,225,1981,246,1989,205,1989,206,1992,213,1995,157,1997,256
3435,1988,152,1988,158,1988,223,1988,254,1994,171,1994,201,1998,182
3436,1985,208,1985,241,1998,264,1999,248
3440,1986,178,1986,256,1996,162
3449,1996,193,1996,205
3450,1996,171,1996,216,1996,219,1996,269,1996,269
3451,1996,176,1996,190,1996,236,1996,263
3452,1996,161,1996,174,1996,213,1996,251,1996,264
3453,1996,182,1996,182,1996,223,1996,224,1996,228,1996,263,1996,263
3454,1983,188,1983,218,1996,155,1996,174,1996,212,1996,228,1996,235,1996,254,1996,257,1996,260
3455,1983,185,1986,199,1986,205,1994,230
3456,1983,241,1986,180,1987,271,1994,207
3457,1983,198,1986,258,1987,262,1996,157,1996,167,1996,172,1996,211
3458,1986,154,1990,248,1994,232,1996,255
3459,1982,170
3464,1996,214
3465,1996,239
3467,1992,177,1993,205
3468,1982,244,1993,249,1997,190,2000,248
3469,1981,249,1983,243,1986,167
3473,1989,168,1993,229,1994,186
3474,1994,199,1994,203
3475,1987,261,1990,263,1994,273
3476,1989,155,1992,164,1994,163,1995,236,2000,251
3477,1989,189,1999,155
3479,1986,261,1989,168,1989,170,1996,219
3481,1989,174
3482,1989,187
3483,1989,245,2000,245
3485,1981,249,1982,169,1982,265,1989,217,1990,270,1995,258,1996,212
3486,1981,186,1984,179,1989,198,1989,205,1995,231,1996,159,1996,169,1996,221,1998,198
3487,1984,163,1989,222,1994,194,1996,206,2001,177
3489,1999,236,2004,179
3490,2004,170
3491,1986,248
3492,1983,179,1986,219,1986,233,1986,241,1986,250,1986,255,1996,234,2004,241
3493,1983,252,1986,154,1986,248,1986,257,1994,179,1996,215,1996,224,1996,239
3494,1986,161,1986,169
3495,1982,232,1987,213,1995,254
3499,1981,166,1985,235,1991,238,1992,157,1992,241
3500,1995,249,1998,165,1998,251
3501,1998,204,2001,220
3502,1981,240,2004,241
3503,1989,228,1989,263,1996,237
3504,1989,198,1989,228,1996,184,1996,265,1999,176,2001,240
3506,1991,169,1995,206,1999,187,2004,247
3507,1981,175,1985,233,1991,254
3509,1996,210,1996,228
3510,1986,190,1986,236,1986,248,1986,258,1986,270
3511,1986,191,1986,223,1986,241,1986,254,1996,202
3512,1983,254,1988,210,1989,273,1994,153,1999,216
3513,1981,175,1986,225,1988,204,1988,219,1994,181,1994,212,1999,188,1999,242
3515,1989,248,1999,239,2004,193,2004,221,2004,243
3517,1992,251
3518,1996,269
3520,1996,183,1996,200,1996,217
3521,1981,159,1981,177,1981,202,1985,188,1988,224,1988,232,1991,252,1999,261
3522,1981,250,1981,263,1985,256,1988,194,1993,250,1994,192,1994,231,1994,255,1994,259,1994,269
3523,1986,214,1986,240,1994,165,1994,196,1994,201
3525,1996,194
3526,1986,198,1986,254
3530,1996,178
3535,1996,216,1996,247
3536,1996,196,1996,203,1996,207
3537,1996,155,1996,252,1996,252
3538,1996,228,1996,236,1996,248,1996,255,1996,255,1996,272
3539,1996,166,1996,166,1996,169,1996,179,1996,192,1996,193,1996,205,1996,205,1996,206,1996,212,1996,239,1996,242,1996,261
3540,1982,212,1982,218,1994,242,1996,168,1996,176,1996,185,1996,201,1996,207,1996,212,1996,219,1996,222,1996,235,1996,252,1996,258
3541,1983,205,1983,241,1983,269,1986,159,1986,164,1986,167,1986,184,1986,238,1996,270
3542,1983,158,1986,205,1986,225,1986,242,1986,254,1994,153,1994,161,1995,264,1996,182,1996,246
3543,1987,179,1990,167,1996,201
3547,1996,216
3548,1982,187
3550,1996,153,1996,169,1996,171,1996,240
3551,1981,262,1989,168,1989,219,1996,154,1996,229,1996,264
3552,1992,263,1994,159
3553,1981,228,1985,178,1986,158,1986,227,1994,268
3554,1989,224,1992,254,1993,208,1993,272
3556,1981,206,1981,221,1983,157,1991,219
3557,1982,202,1986,180,1991,250,1996,175,1998,156
3558,1982,154,1990,271
3559,1984,259,1986,210,1989,257,1994,253,1996,255
3560,1986,205
3561,1990,226
3562,1981,192,1982,174,1982,270,1983,221,2004,269
3563,1981,167,1981,253,1986,247,1989,263,1991,248,1993,177
3564,1996,217
3565,1981,230,1989,188
3567,1982,172,1982,262,1996,260,1999,254
3568,1998,222
3569,1989,199
3570,1986,190,1993,203,1994,199
3571,1981,220,1981,247,1982,166,1982,209,1987,205,1987,233,1989,158,1989,262,1996,176,2000,269,2004,223
3572,1981,204,1989,212,1993,180
3573,1986,209,1989,240,1993,177,1996,157
3574,1999,168
3575,1993,236,2004,237
3576,1993,193,1993,223
3578,1983,164,1983,218,1996,210,1996,229,1996,238,1996,255,1996,256
3579,1983,253,1986,214,1994,232,1996,153,1996,221,1996,223,1996,227,1996,264,1996,273
3580,1982,225,1989,179,1989,273,1996,201
3581,1995,154,1996,236
3582,1983,186
3585,1983,167,1985,266,1991,266,1992,215,1995,162,1995,236,1998,201
3586,1981,236,1983,170,1998,166,1998,213
3587,1981,208,1981,254,1986,197,1986,262,1995,173,1996,180
3588,1981,166,1981,251
3589,1981,211,1985,228
3590,1981,249,1982,231,1994,229,1998,225,1999,223,2001,189
3591,1982,184
3592,1981,253
3593,1985,160
3594,1986,216
3595,1986,237,1986,273
3596,1986,260
3598,1981,228,1988,179,1996,222,1998,273
3599,1988,230,1993,271,1994,161,1995,197,1995,205,1998,270
3600,1992,163,1992,272,1994,178,2000,265
3601,1989,204,1989,204,1989,249,1989,253,1996,261,1997,241
3603,1984,235,1989,192,1993,164
3604,1984,247,1989,152,1989,169,1989,196,1989,262,1995,169,2000,157
3605,1989,213
3606,1999,221
3607,1988,215,1988,267,1993,195,1993,254,1994,157,1994,211,1994,260,1999,214,1999,237
3608,1981,217,1981,255,1988,158,1989,272,1994,162,1998,219
3609,1981,175,1986,216,1994,248,1996,237
3610,1984,273
3611,1996,216
3612,1996,260
3614,1996,179
3615,1996,183,1996,196
3616,1996,228
3617,1996,216
3622,1996,189,1996,272
3624,1996,168,1996,169,1996,198,1996,262,1996,272
3625,1996,196,1996,214,1996,225,1996,256,1996,271
3626,1986,159,1986,159,1996,190,1996,203,1996,225,1996,258,1996,265
3627,1988,199
3628,1981,261,1982,255,1988,164,1996,160,1996,246
3629,1981,200,1986,216,1986,267,1996,215
3630,1990,244
3632,1996,256
3633,1993,171,1996,222,1998,267
3634,1985,193,1986,272,1988,261,1993,216,1993,253,1993,255,1993,263,1994,249,1995,215,1995,244
3635,1991,232,1991,236,2001,154
3636,1995,153,1996,163,1996,221,1996,237,2001,159
3637,1996,178,1996,217,1996,271
3638,1989,256
3639,1996,161
3640,1982,194,1989,154,1996,193
3641,1988,218,1996,157,1996,237
3642,1985,171,1991,215,1993,236,1995,266,1996,252
3643,1982,192,1994,155,1998,245
3644,1994,264,1997,196
3645,1987,163,1987,169,1996,178,2000,271
3646,1986,197
3647,1986,203,1994,181,1996,194
3649,1981,174,1996,193,1998,263
3651,1986,219,1992,238
3654,1986,255,1989,236,1989,253,1995,269,1996,166,1996,199
3656,1988,240,1992,203,1992,255,1994,207,1998,227,1999,211
3657,1986,171,1986,228,1986,252,1994,164,1994,202,1994,238,1995,194,1995,218,2001,223
3658,1996,191,1996,215,1996,218
3660,1999,252
3661,1994,167,2004,162,2004,176
3662,2004,272
3664,1986,167,1986,204,1986,239,1986,244,1996,198
3665,1983,239,1996,160,1996,166,1996,171,1996,211
3666,1993,212,1994,153,1994,188,1994,273,1999,233,1999,238,2001,215,2001,217
3667,1985,189,1985,199,1989,245,1998,170,1998,208,1999,265,2000,162,2000,194,2000,248
3668,1981,183,1983,173,1983,192,1991,159,1991,195,1991,211,1991,238,1992,160
3669,1981,155
3671,1983,229,1985,261,1991,197,1991,199,1991,201,1993,236
3672,1981,167,1981,184,1981,224,1982,244,1985,178,1985,181,1993,255,1995,191
3673,1982,267,1986,169
3674,1982,157,1982,177,1982,232,1988,186,1991,157,1994,202,1995,201,1995,238
3675,1982,173,1984,177,1985,201,1987,190,1994,203,1996,188
3676,1981,181,1982,243,1987,188,1992,154,1994,235
3677,1982,244,1988,186,1991,187,1991,208,1991,254
3678,1986,206
3679,1982,157,1996,229,2001,197,2001,217
3680,1994,153,1994,211,1996,247,2001,186,2001,191,2001,231,2001,247
3681,1994,259,1995,220,1999,176
3682,1992,175,1998,163,1998,216,2001,171,2001,178
3684,1981,214
3685,1996,156,1996,163,1996,179,1996,186,1996,188,1996,196,1996,196,1996,197,1996,220,1996,233,1996,233,1996,240,1996,268
3686,1989,177,2000,201,2000,227
3687,1981,185,1981,226,1981,247,1981,265,1988,181,1994,191,1996,166,1999,168,1999,194,1999,210
3688,1981,214,1988,186,1988,253,1989,242,1992,174,1995,253,1996,152,1999,250
3689,1982,177,1989,196,1991,251,1995,228
3690,1989,230,1996,234
3693,1982,273,1989,196,1989,220,1989,229,1994,234
3694,1986,154,1986,214,1996,212
3695,1989,162
3699,1996,200
3700,1996,161,1996,194,1996,196,1996,210,1996,213,1996,228,1996,232,1996,242,1996,242,1996,254
3701,1996,155,1996,156,1996,160,1996,163,1996,194,1996,204,1996,211,1996,222,1996,225,1996,241,1996,260,1996,271,1996,273
3702,1996,173,1996,183,1996,190,1996,206,1996,231,1996,234,1996,243,1996,256,1996,261
3709,1996,227
3710,1996,247
3711,1996,181,1996,253
3713,1996,241
3716,1982,212,1982,243
3717,1996,258
3718,1996,244,1996,270
3719,1986,154,1986,176,1986,210,1986,269,1990,257,1993,168,1993,169,1995,172,1995,246,1996,197,1996,222
3720,1985,162,1985,236,1985,271,1991,165,1991,188,1991,226,1993,232,1994,265
3721,1982,228,1985,163,1994,224,1994,244,1994,268,1995,152,1995,182,1995,215,1999,191,1999,245
3722,1985,171,1994,155,1995,246
3724,1984,210,1989,208
3725,1992,205
3726,1994,194,1994,225,1995,226,1998,163
3727,1982,176,1996,194,1996,237
3730,1981,273,1994,186,1994,193,1994,255,1999,185
3731,1995,172,1998,196,1999,215
3732,1986,153
3733,1981,156,1995,254,1998,255,1999,246
3734,1981,162,1989,159,1994,171,1995,243,1999,180,1999,227,1999,231
3735,1983,202
3738,1989,262,2001,210
3739,1981,205,1992,241,1999,168
3740,1992,166,2004,181
3741,1989,243,2004,175,2004,268
3742,1995,201,2000,161
3744,1992,182,1992,233,1992,246,1995,259,1999,228
3745,1986,215,1992,158,1992,198,1992,238,1998,198,1999,215
3746,2004,223
3747,1986,255
3749,1986,202,1989,269
3751,1996,155,1996,181,1996,224,1996,255,1996,260
3752,1989,206,1994,208,1994,230,1994,253,1996,159,1996,160,1996,232,1996,241,1998,165,1998,223,1999,239,2001,158
3753,1982,157,1983,164,1994,217,1998,197,1998,230,1999,197,1999,207,1999,240,1999,240,1999,263,2001,181
3754,1981,236,1983,223,1983,254,1991,165,1991,215,1991,228,1991,266,1991,272,1991,273,1993,221
3755,1991,270
3758,1995,155,1995,233,1997,212
3759,1995,245,1998,223
3761,1988,218,1990,157
3762,1982,175,1986,167,1991,228,1994,163,1995,186
3763,1985,160
3764,1982,241
3765,1985,212,1994,194,1995,250,1999,169,2001,173
3766,1994,213,1994,214,1994,235,2001,204,2001,241
3767,1986,155,1986,257,1996,248,2001,165,2001,223,2001,259
3768,1994,199,1994,200,1994,203,1998,163,1999,238,2001,193,2001,202,2001,270
3769,2004,202
3771,1996,173,1996,179,1996,190,1996,216,1996,253,1996,253,1996,256,1996,262
3772,1981,200,1981,204,1989,180,1989,191,1996,231,1996,253,1996,270,2000,228,2004,156,2004,208
3773,1981,155,1981,155,1995,224,1995,260,1999,252,2004,197
3774,1989,220,1995,191,1995,221,1999,255
3775,1981,180,1981,241,1989,237,1993,247,1995,214
3776,1989,232,1996,247,1996,258
3777,1984,255,1989,244
3779,1982,259,1986,159,1986,235,1986,261
3780,1986,155,1986,170,1986,178,1986,189,1989,153,1996,172
3782,1996,272
3785,1985,260,1987,213,1991,236,1994,188,1994,261
3786,1993,222,1993,251,1994,229,1996,215,1996,217,1996,233,1996,243,1999,168
3787,1996,163,1996,183,1996,216
3788,1982,200,1982,235,1986,210,1993,190,1994,161,1996,247,1996,254
3789,1993,267,1996,171
3797,1996,195,1996,252,1996,253
3798,1996,164,1996,212,1996,226,1996,256
3799,1996,163
3802,1981,160,1982,210
3803,1996,268
3805,1982,152,1995,157
3806,1982,236
3807,1981,169,1981,246,1982,235,1991,160,1992,194,1996,232
3808,1983,178,1983,180,1988,160,1992,239,1993,185,1998,201
3810,1996,233,1996,257
3812,1989,204,1993,224
3813,1993,241,1994,200,1995,228,2000,237
3814,1981,261,1985,205,1992,252,1995,158,1995,192,1995,213,1995,248,1998,170
3815,1982,255
3818,1993,190,1993,258,1994,250,1995,208,2001,166
3819,1994,168,1994,233,1995,205,1998,159,1998,180,1998,193,1999,197
3820,1985,214,1985,263,1993,257,1994,157,1994,219,1995,257,1996,169,1996,206,1998,202,1999,237
3821,1981,192,1985,179,1985,194,1993,192,1994,223,1995,190,1998,197
3824,1986,165,1989,269,1995,170,2001,226
3825,2004,159
3826,1981,230,1989,181
3829,1981,248,1985,252,1986,230,1994,186,1998,157,1998,171,1998,180,2000,160
3830,1981,176,1992,205,1992,225,1992,272,1995,204,1998,165,1998,176,1998,180,1998,201,1999,153,1999,167,1999,178,1999,194
3831,1986,262,1999,229,2000,173,2000,239,2001,203,2001,254
3835,1996,254
3836,1996,218,1996,251
3837,1996,154
3838,1985,260,1987,214,1994,252,1998,201,1998,205,1999,204,1999,220,1999,263,2000,185
3839,1991,248,1993,210,1993,246,1995,158,1995,273,1998,209,1998,261,1998,271,1999,197,1999,273
3840,1982,168,1982,224,1982,244,1982,265,1984,219,1985,243,1987,238,1991,172,1991,177,1991,223,1991,261
3841,1981,229,1985,177,1991,237
3843,1991,152,1991,194
3844,1982,181,1990,217
3845,1983,213,1983,273,1996,188,1999,181,2001,259
3846,1988,195,1989,247,1994,152,1994,158,1996,152,1996,172,1996,227
3847,1982,184,1982,186,1982,189,1996,192
3848,1985,161,1986,235
3849,1981,187,1982,172,1989,182,1991,239,1991,244,1996,169,1996,212,1996,259,1999,207
3850,1986,153,1989,163,1989,164,1989,198,1992,223,1992,247,1999,205,2000,193
3851,1998,230
3852,1998,215
3853,1986,157,1986,166,1994,167,1994,184,1998,212,2001,245
3854,1982,165,2001,202,2001,203,2001,225,2001,233,2001,235,2001,266
3855,1994,154,1994,183,1994,205,1994,218,1994,263,1994,268,2001,189,2001,206,2001,213,2001,232,2001,247,2001,261,2001,269
3856,1984,193
3857,1989,175,1989,262
3859,1981,229,1992,189,1996,198,1996,265
3860,1993,199,1993,237,1995,249,1997,190
3861,1991,230,1994,161,1994,213
3862,1989,228,1996,181,2004,208
3863,1989,165
3865,1983,231,1996,255,1996,262
3866,1986,164,1986,213,1996,168,1996,171,1996,175,1996,257
3867,1996,178
3871,1986,268,1988,155,1989,261,1993,259,1995,218,1995,262,1995,273
3872,1986,194,1986,209,1993,170,1993,195,1993,228,1993,273,1994,224,2000,262
3873,1993,156,2000,241
3874,1993,187,1993,196,1993,204,1993,260,1993,265,1995,187,1999,224,1999,242,1999,266,2000,239,2000,247
3875,1982,201,1998,204,1998,241,1999,233
3876,1986,216,1986,268
3883,1996,163,1996,189,1996,227
3884,1996,190,1996,192,1996,211,1996,219,1996,229,1996,231,1996,244
3885,1996,223
3886,1984,209,1987,182
3889,1986,173,1996,237,1998,153,1999,157
3890,1996,195
3893,1996,239
3894,1999,269
3895,1990,214,1993,154,1997,194
3896,1999,164,1999,195,1999,207,2004,210
3897,1984,180,1989,272,2004,180
3898,1981,241,1995,187
3899,1981,263,1990,238,1991,266
3900,1994,244,1994,271,1995,233
3901,1981,204,1995,204
3902,1982,245
3903,1982,184,1984,180,1987,182
3904,1982,217,1982,230
3905,1981,210,1981,227,1982,203,1986,237,1989,224,1994,153,1996,225,2001,242
3906,1982,198,1986,230,1991,227,1993,250,1994,154,1994,162,1994,191,1995,261,1998,173,1998,204,1999,219,2001,183
3907,1991,193,1995,168,1999,204,2000,156,2000,187,2000,229
3908,1996,198
3909,1989,192,1989,198,1993,241,1993,247,1995,234
3910,1989,193,1989,209
3911,1982,189,1989,241,2000,175,2001,273
3912,1992,196,1992,227,1992,256
3914,1981,199,1991,180,1992,194,1998,161,1998,168,2000,183
3915,1982,158,1982,185,1982,203,1985,246,1991,216,1991,217,1993,241,1998,193,1998,273,2000,193,2000,211,2000,263
3916,1991,222,1994,170,1994,201,1999,174,1999,254,2000,254,2001,213
3920,1996,205,1996,235
3921,1996,222
3922,1996,179
3923,1983,215,1996,155,1996,156,1996,179,1996,180,1996,190,1996,193,1996,209,1996,215,1996,251
3924,1981,179,1985,273,1991,197,1991,243,1993,255,1996,157,1996,185,1996,230,1998,259,1998,263,1999,188
3925,1982,179,1982,183,1982,192,1983,156,1983,184,1985,233,1990,197,1990,223
3926,1986,161,1990,257,1998,180,1998,186,1998,200
3927,1986,228,1991,167,1993,227,1998,165,1998,210,2000,196
3931,1982,212,1982,215,1982,265
3932,1988,240,1994,180,1995,195,1995,195,1995,199,1996,172,1999,219
3933,1982,166,1982,217,1994,206,1994,267,1995,167
3934,1981,183,1981,267,1989,159,1992,180,1992,226,1992,226,1993,207,1998,263,1999,209,1999,257
3935,1981,199,1981,265,1989,176,1989,194,1989,200,1992,252
3936,1991,236,1994,236,1995,182,1999,246,2004,217
3937,1986,173,1989,224,1995,263,2004,185
3938,1982,218,1988,254,2001,221,2001,243
3939,1986,207,1992,173,1994,219,1997,237,1997,267
3940,1982,162,1986,178,1986,237,1992,170,1992,196,1992,236,1992,259,2001,163,2001,265
3941,1994,172,1996,214,1998,192,1998,230,2000,204,2001,174,2001,271,2001,273
3942,1994,191,1994,220,1996,222,1996,254
3943,1986,213,1994,238,1996,249
3944,1982,225,1984,212
3945,1989,180,1992,266
3946,1989,194,1992,241,1996,163,1996,214,1996,242,1996,251
3947,1986,225,1987,224,2004,203
3948,1993,248,1996,228,1996,265
3949,1989,267,1996,154,1996,154,1996,166,1996,177,1996,222
3950,1989,196,1989,239
3951,1986,168,1996,250
3952,1988,167,1996,163,1996,190,1996,205
3955,1996,252
3957,1986,211,1988,246,1993,248,1994,208,1999,176
3958,1986,251,1993,231,1994,184,1994,202,1994,265,1995,204,1997,250,2001,159,2001,218
3959,1993,182,1993,273,1994,182,1994,257
3960,1986,168,1986,192,1989,192,1993,200,1993,214,1994,235,1999,218,1999,249
3961,1996,200
3962,1996,261,1996,264
3963,1996,152,1996,185
3969,1996,213,1996,237,1996,245,1996,267
3970,1996,152,1996,172,1996,216,1996,234,1996,236,1996,269
3971,1986,186
3972,1983,239,1986,169
3973,1986,231,1986,273
3974,1985,186,1985,240,1996,155,1998,236,1999,243
3975,1989,183,1989,190,1994,177,1995,170,1995,192,1999,264
3976,1991,154,1995,178
3978,1986,249,1996,238
3979,1986,268
3980,1986,197,1988,214,1996,213,1996,243,1999,164
3981,1981,161,1986,261,1986,270,1988,273,1989,189,1989,232,1989,244,1992,154,1992,176,1994,159,1999,203,1999,224,1999,268,2000,155
3982,1982,262,1985,217,1992,219,1993,266,1994,242,1996,242,1998,218,1999,246
3983,1982,240,1982,252,1993,203,1994,198,1998,235,1998,243,2000,156
3984,1984,182,1989,167,1989,242,1999,209
3985,1981,226,1992,200,2000,230
3986,1989,238,1996,205,1999,154
3988,1981,225,1996,270,1998,191,1999,214,1999,271
3989,1992,271,2004,251,2004,269
3990,1996,231
3992,1991,214,1991,251
3993,1989,197,1992,204,1994,195,1996,162,2000,174
3994,1996,208,2004,221,2004,241
3995,1989,171
3997,1986,152,1986,193
3999,1996,194,2004,223
4000,1991,223,1995,269,1997,182,2000,228,2001,207
4001,1984,237,1992,250,1995,185,1995,225,1998,258,1999,156,1999,184,1999,190,1999,198,1999,205,2000,185,2000,194
4002,1981,219,1992,227,1995,155,1996,266,2001,234
4004,1996,172
4006,1996,242
4007,1996,152,1996,155,1996,199,1996,214,1996,235,1996,264
4008,1986,271,1996,173,1996,183,1996,184,1996,189,1996,198,1996,209,1996,246,1996,246,1996,253,1996,254,1996,265
4009,1988,155,1990,225,1990,257,1994,271
4010,1981,199,1981,229,1982,203,1982,220,1982,226,1991,160,1995,190,1995,193
4011,1981,235,1982,184,1982,238,1982,250,1982,272
4012,1981,180,1981,230,1981,271,1985,162,1991,185,1998,199
4013,1982,167,1985,181,1985,187,1985,198,1985,221,1992,231
4017,1994,184,1996,153,1996,261,1998,167
4018,1981,242,1982,160,1994,223,1994,249,1995,195
4019,1982,174,1982,202,1992,222,1994,184,1994,258,1995,267,1999,225
4020,1981,170,1981,185,1981,267,1981,272,1995,178,1995,203
4021,1981,191,1981,248,1981,256,1989,196,1992,164,1992,223,1995,216,1995,239,1999,195
4022,1981,157,1986,193,1989,220,1995,211,1995,216,1995,254,1996,231,1996,235,1999,163,1999,244
4023,1981,214,1995,198,1996,248,2004,237
4024,1981,165,1981,216,1982,179,1998,227
4025,1982,208,1992,155,1992,159,1992,215,1999,224,2001,152,2004,227
4026,1986,207,1995,235,1995,238,1995,257,1997,201,2001,210,2004,222
4027,1982,254,1989,269,1994,169,1995,189,1995,204,1995,204,1995,233,1995,256,1995,265,1996,233,2001,204,2001,253
4028,1982,221,1982,246,1982,256,1989,259,1994,159,1994,244,1998,178,1998,231,1998,237,1998,263,1999,210
4029,1982,155,1982,185,1986,206,1986,232,1986,256,1996,169
4030,1986,260
4031,1981,182,1989,181,1989,241,1995,181
4032,1986,157,1989,181
4033,1996,185,1996,203
4034,1996,168,1996,177,1996,199,1996,207,1996,242
4035,1996,218
4036,1989,250
4037,1992,237,1998,170
4038,1995,205
4041,1996,152
4042,1996,223,1996,224,1996,224,1996,261,1996,265
4043,1982,256,1992,216,1994,249,1999,161,1999,186,1999,189
4044,1992,191,1994,226,2000,264
4045,1981,226,1994,156,1994,212,1994,264,1997,198
4046,1995,159,1995,171,1999,163,1999,191
4047,1982,205,1993,188,1993,228,1995,270,1999,200,1999,258
4048,1996,177,1996,235,1996,244,1996,256
4049,1996,270
4050,1996,233
4054,1996,199,1996,201,1996,202,1996,228,1996,229
4055,1996,224
4056,1996,175,1996,234,1996,266
4057,1982,242,1983,236,1986,239,1996,248,1996,250,1996,257
4059,1996,261
4060,1982,189,1994,239,1995,245,1996,225
4061,1981,167,1982,202,1982,226,1983,183,1985,245,1991,164,1998,174
4062,1989,202,2004,265
4063,1984,220,2004,173,2004,180
4065,1986,268
4066,1988,166,1990,199
4067,1986,254,1988,196,1988,210,1989,221,1992,264,1999,198,1999,254
4068,1988,169,1989,188,1992,155,1996,171,1996,213
4069,1982,197,1982,218,1983,208,1992,160,1994,175,1994,217,1994,238,1994,251,1994,262,1996,174
4070,1994,191
4071,1982,172,1982,222,1989,198,1992,177,2004,162
4072,1981,240,1981,252,1993,206,1996,227
4073,1996,202
4074,1996,161
4075,1992,227,1996,262,2004,263
4076,1982,255
4078,1996,175
4079,1981,231,1992,167,1992,223,1998,254,2004,153,2004,160,2004,191,2004,207
4080,2004,178,2004,181,2004,184,2004,272
4081,2004,247
4082,1989,186,1992,191
4083,2000,248
4084,1989,189
4085,1981,267,1989,260
4086,1989,165,1992,221,1992,253,1995,158,1999,211,1999,261,2000,225
4087,1992,161,1992,183,1992,249,1994,230,1995,189,1995,208,1995,217,1995,218,1995,235,1995,267,1998,272,1999,178,1999,247,2001,188,2001,232
4088,1986,190,1986,239,1992,237,1995,193,1999,199,2000,205
4090,1996,198
4091,1992,192,1992,269,1994,206,1997,241,2001,204,2001,225
4092,1992,234,1993,221,1999,260,2001,206
4093,1993,217,1996,180,1996,211,1997,161,1998,154
4094,1983,224,1983,237,1986,164,1996,215
4095,1983,189,1986,222,1987,188,1996,230,1997,183
4096,1981,210,1991,219,1993,187,1993,197,1993,242
4097,1981,204,1981,215,1990,240,1992,266
4098,1981,168,1981,222,1981,254,1991,205,1991,213
4103,1982,158,1982,164,1982,214,1982,245
4104,1988,264,1990,164,1995,189,1996,195,1999,178,1999,237,1999,238,1999,239
4105,1981,227,1985,258,1992,221,1995,257,1996,182
4106,1981,203,1982,190,1985,156,1996,191,1996,227
4107,1981,214,1990,259,1992,225,1994,197
4108,1982,244,1982,259,1985,156,1990,243,1992,224,1995,226
4109,1998,254
4110,2001,166
4111,1995,227
4113,1996,259,1996,262,1998,169,1998,183,1999,234,2001,187,2001,212,2001,236,2001,254
4114,2001,216,2001,267
4115,1994,203,1996,161
4120,1989,164,1996,154
4122,2004,227
4123,1996,214,1996,238,1996,265
4124,1996,173
4125,1996,174,1996,177,1996,199,1996,200,1996,235
4126,1981,164,1996,182,1996,217,1999,185
4127,1994,172
4128,1981,240,1996,159,1996,162,1996,163,1996,181,1996,186,1996,188,1996,201,1996,271
4129,1981,256,1995,268,1996,206,1999,247,2000,211
4131,1981,268,1993,202,1994,161
4132,1981,248,1981,248,1982,180,1988,193,1988,205,1993,248,1995,271,1999,186
4133,1982,173,1982,181,1982,181,1982,245,1982,271,1993,229,1994,247,1995,199,1998,221
4134,1986,184,1996,188,1996,217,1996,244,1996,257
4137,1991,187,1991,226,1991,255
4138,1991,200,1991,238,1995,174,1995,213,1995,248
4141,1996,195,1996,196
4142,1996,160,1996,216
4143,1986,202,1986,266,1996,241
4145,1986,252,1996,195
4146,1981,208,1982,174,1995,184,1996,262
4147,1985,187,1985,227,1985,272,1991,226,1991,255,1995,247,1995,255,1995,264
4148,1985,267,1989,211,1989,264,1993,198,2004,160
4149,2001,251
4151,1986,177
4152,1986,225,1986,258,1988,187
4153,1988,180,1988,227,1988,247,1988,247,1989,206,1995,235,1996,162,1997,157,1999,264
4154,1982,257,1988,232,1988,254,1996,197,1996,213,1996,237,1997,181,1997,255
4155,1988,188,1988,261,1993,221,1994,167,1994,247,1995,175,1996,156
4156,1982,219,1993,184,1996,249
4157,1984,183,1984,218,1989,163,1996,223,1998,177,2000,159,2004,180
4158,1983,211,1992,264,1996,153,2004,248
4159,1993,162,2001,178
4160,1984,265,1989,197,1992,174,1992,227,1999,218,2004,171
4161,1994,191,1995,223,1998,165,1998,184,1998,194,1999,157,1999,209,2000,214
4162,1992,207,1992,254,1992,262,1993,154,1995,154,1999,255,2001,239,2004,152
4163,1986,168
4164,1995,166,1995,252
4165,1983,260,1996,187,1996,193
4166,1996,185
4168,1986,248
4169,1996,204
4171,1981,208,1989,255
4172,1992,157,1992,251,1992,253,1992,268,2000,163
4173,1989,168,1992,154,1992,170,1992,179,1992,186,1992,231,1992,243,1992,268,1992,270,1992,273,2000,186,2000,251,2001,271
4174,1992,160,1992,170,1992,186,1992,195,1992,209,1992,242,1995,206,1999,186
4175,1996,212
4176,1992,181,1992,193
4177,1982,216,1994,198,2001,181,2001,247
4178,1998,208
4179,1996,268
4180,1986,232,1992,175,1996,227
4181,1986,220,1988,216,2000,219
4182,1981,171,1985,170,1991,257,1992,241,1995,270
4183,1991,175,1991,228,1996,212,2000,249
4184,1994,250
4189,1981,187,1982,208,1982,231
4190,1982,180,1982,251,1983,161,1984,258,1985,194,1985,220,1989,219
4191,1981,206,1985,237,1999,258
4192,1990,212,1994,211,1995,179,2001,269
4193,1981,157,1983,225,1989,163,1990,177,1990,273,1993,158,1994,229,1994,266,1995,234,1995,264,1996,216,2001,255
4194,1981,240,1982,160,1982,178,1982,248,1985,227,1988,167,1993,189,1994,202
4195,1986,178,1994,183
4196,1986,255
4197,1996,225,1996,244,1998,161,1998,245,1999,272,2004,165
4198,1998,180,1998,182,1998,257,1999,180
4199,1998,183,2001,265
4200,1986,252,1994,200,2004,258
4201,1981,210,1986,252,1992,215
4204,1986,220,1986,222
4205,1981,219,1996,181,1996,233,2004,202,2004,249
4206,1981,223,1988,262,1991,187,1996,157,1996,265,2004,269
4207,1986,183,1988,185,1989,206,1989,264,1989,272,1996,206
4208,1989,271
4209,1996,202,1996,272
4210,1987,160
4211,1994,189,1996,152
4212,1996,205,1996,228,1996,260
4213,1996,173,1996,216,1996,220
4214,1981,161,1981,181,1981,234,1986,224,1996,213,1998,191,2000,196
4215,1983,236,1986,191,1986,216,1986,248,1994,188,1999,209,2000,222
4216,1994,158,1996,197,2000,188,2000,240
4217,1981,170,1981,184,1981,231,1991,238,2000,215,2000,232,2000,254
4218,1981,187,1981,230,1981,240,1986,213,1986,272,1996,173,1999,239
4219,1981,272,1986,162,1986,212,1986,218,1993,256,1996,158
4220,1987,236
4223,1982,153,1982,162,1982,186,1993,212,1995,187,1995,216,1995,257,1995,259,1996,190,1996,258
4224,1981,262,1982,213,1982,225,1983,171,1995,228,1999,227
4225,1982,170,1982,206,1982,270,1996,239,1996,256,1996,256
4226,1996,162,1996,217
4227,1983,251,1996,176
4228,1996,181,1996,190
4229,1981,230,1982,153
4230,1993,163,1996,156
4231,1986,227,1986,267,1987,187,1987,258,1996,184
4233,1996,269,1999,205
4234,1986,153,1986,204,1986,207,1993,249,1994,273,1996,227,1996,257
4235,1983,246,1986,260,1986,261
4236,1983,221,1983,249,1986,237,1986,252
4237,1986,231
4238,1992,193,1993,160,1996,258
4239,1985,214,1988,252,1992,214,1999,204,1999,259
4240,1989,175
4241,1989,169,1989,228,1992,264,1999,267,2000,212
4242,1981,232,1992,236,1993,238,1998,186,1999,187,1999,188,1999,267
4243,1989,165,1990,180,1990,186,1993,167,1993,178,1993,261,1994,165,1994,197,1998,176,2000,154
4244,1982,266,1995,243
4245,1989,160,2001,249
4246,1989,210,1999,178,1999,194,1999,198,2004,166,2004,224,2004,241,2004,258
4249,1986,204,1986,230,1992,250
4250,1996,161,1996,242
4251,1996,155,1996,228,1996,235
4252,1982,200,1986,260,1996,263
4253,1981,165,1989,218,1997,205
4256,1994,158,1996,200
4257,1981,160,1981,234,1989,187,1993,165,1995,197,1996,232
4258,1981,238,1989,271,1992,178,1995,270,2000,187,2000,226
4259,1991,263,1992,168,1992,192,1992,201,1992,214,1992,239,1994,168,1995,216,1995,218,1996,256,2000,209
4260,1986,240,1992,184,1992,198,1992,220,1992,248,1992,266,1992,272,1995,198,1995,239,2000,170,2000,206,2000,219,2000,241,2001,178
4261,1986,250
4262,1982,213,1982,233,1996,240,1998,224,2001,265
4263,1981,225,1998,219
4265,1982,212,1982,248,1995,200
4266,1982,178,1982,224,1995,186
4267,1999,236,1999,241,1999,256,2001,179
4268,1986,243
4269,1993,241
4270,1986,218,1992,166,1993,256
4271,2000,188,2001,168
4273,1986,182
4274,1993,235
4278,1981,235,1989,180,1995,244
4279,1989,170,1989,176,1989,267,1993,248,1999,255
4280,1995,212
4281,1982,159,1982,226,1992,221,2004,181,2004,247
4282,1986,225
4284,1989,197,1991,155,1998,181,1998,252,1999,258
4285,1989,190,1991,230,1994,162,1997,221,2001,192
4286,1984,232,2004,198,2004,266
4287,1986,262,1989,209,2004,227
4292,1986,271,1989,172,1996,161,1996,162,1996,164,1996,182,1996,196,1996,243,1996,259,1996,265
4293,1986,211,1986,255,1988,245,1996,184,1996,202
4295,1996,183,1996,187,1996,200,1996,233,1996,246
4296,1987,253,1996,202,1996,263
4297,1986,266,1993,162,1993,261,1994,168,1994,173,1994,189,1994,193,1994,213,1997,227
4298,1981,266,1994,185
4299,1992,153,1999,181
4300,1986,242,1986,261,1996,156,1998,239
4301,1986,159,1986,169,1986,228,1986,273,1989,157,1989,166
4302,1989,246,1996,166,1996,224
4303,1983,202,1983,255,1986,218,1986,226,1999,252,2000,248
4304,1986,214,1994,180,1994,222,1994,228,1996,209,2000,167,2000,262
4305,1983,171,1986,246,1986,255,1986,258,1996,164,1996,187
4306,1982,185,1982,230,1982,231
4308,1995,169
4309,1982,157,1982,160,1982,191,1982,244,1990,237,1990,269
4310,1982,245,1987,187,1987,214,1987,268,1995,229,1996,194,1996,261,1998,157
4311,1986,183,1989,264,1996,250,1998,158,1998,170
4315,1981,273,1989,184,1995,179,1995,246,1998,191,1999,164,2000,185
4316,1986,189,2004,269
4319,1981,238,1982,165,1993,158,1996,193,1999,236
4320,1983,173,1986,210,1986,266,1994,242,1996,224
4321,1986,163
4322,1983,181,1986,195,1986,203,1986,212,1996,168,1996,240
4323,1986,192,1986,220,1996,273
4324,1998,223
4325,1991,192,1992,188,1992,198,1992,261,1992,272,1998,205,1998,205,2000,193
4326,1991,160,1991,256,1992,187,1992,188,1992,252,2004,202
4327,1992,197
4328,1986,247,1987,243,1989,201,1994,164,1999,184,1999,228
4329,1985,183,1991,232,1991,261,1995,158,1995,200,1998,178
4330,1982,224,1985,220,1991,243
4331,1984,237,1994,248,1997,178,1997,209,1999,158,2004,180,2004,206
4332,1989,175,1989,235,1989,257,1989,257,1989,264,1992,251,1992,256,1997,237
4333,1992,156,1992,198,1996,208,1999,153,2001,220,2001,232
4337,1996,164
4338,1981,192,1981,197,1986,212,1997,199
4339,1981,160,1984,172
4340,1992,152,1992,172,1992,203,2001,177
4342,2004,222,2004,227,2004,234
4343,1981,214,1981,252,2004,158
4344,1981,190,1992,160,1992,169
4345,1981,201,1981,241,1981,262,1985,166,1991,166,1995,226,2000,260,2001,221
4346,1986,161,1986,230,1998,198,2000,174,2000,184
4348,1992,181,1999,152
4349,1994,255,2001,205,2001,215
4350,1982,191,1994,156,1994,169,1998,178
4353,1986,182
4357,1986,223,1992,273
4360,1993,199
4361,1996,162
4362,1994,268,2004,246
4363,1986,267,1989,152,1999,197,2004,181
4364,1996,199,1996,241,1996,271
4366,1995,162,1995,183,1995,186
4367,1981,268,1986,194,1989,221,2001,161
4369,1989,230,1993,242
4371,1989,194,1989,205
4372,1991,218
4373,1989,183
4374,1981,152
4378,1986,184,1988,242,1996,175,1996,194,1996,214,1996,214,1996,231
4379,1984,222,1988,260,1989,188,1996,154,2004,251
4380,1996,199
4381,1996,207,1996,218,1996,243,1996,251
4382,1981,167,1981,270,1991,206,1994,165,1994,255
4383,1986,187,1988,250,1993,221
4384,1981,269
4385,1986,169,1996,230,1999,249
4386,1986,224,1986,228,2004,226
4387,1986,221,1994,157,1996,224
4388,1983,224,1994,185,1996,179,1996,188
4389,1986,175,1986,226,1996,238,1996,255
4390,1981,194,1986,157,1994,193,1996,154,2000,262
4391,1981,203,1986,221,1990,192,1990,214,1995,157,1995,181,1999,240
4392,1983,183,1985,155,1985,158,1989,216,1990,191,1995,162
4393,1982,239
4394,1990,236,1994,249,1995,272
4395,1994,162
4396,1981,195,1981,254,1981,269,1982,202,1986,183,1986,223,1996,186
4397,1981,261,1982,248,1982,269,1994,257
4398,1996,178
4400,1986,216,1996,154
4401,1981,246,1986,198,1986,255
4402,1996,263
4403,1986,166
4404,1981,184,1983,245,1986,175,1994,201
4405,1983,217,1986,229,1986,250,1993,267
4406,1981,162,1981,268,1996,244
4407,1994,159,1994,177
4408,1981,248,1986,197
4409,1982,252,2001,178
4410,1992,268,1999,247,2000,248,2001,208
4411,1982,246,1992,155,1992,210,1992,227,1992,234,1992,269
4413,1986,210,1987,263
4414,1996,225,1997,192,1997,197,1998,155,1998,171,1999,205,1999,209,1999,217
4415,1981,193,1986,169,1986,171,1992,189,1995,203,1995,205,1999,227
4416,1986,179,1986,244,1992,268,1997,233
4417,1998,220,1999,225,1999,232
4418,1983,188,1989,265,1997,240
4419,1988,227,1998,174,1998,177,1998,209,1998,260,2000,165
4425,1992,167
4426,1997,250
4427,1987,168,1987,258
4428,1982,244,1989,188,1989,189,1989,203,1989,256,1993,230,1997,155
4429,1989,155
4430,1989,238
4435,1982,227,1995,173,1995,191,1996,228
4436,1982,211
4437,1996,244
4438,1995,152
4439,1999,202
4440,1981,175
4441,1995,192,1997,169,1999,233
4444,1996,224
4445,1995,253
4447,1992,182
4449,1986,180,1989,260
4450,1996,211,1996,216,1997,202
4451,1986,225,1999,207
4452,1992,215
4457,1989,236,2004,190
4458,1989,223,1989,235,1989,237,1989,245
4459,2004,198
4460,1989,176
4463,1996,259
4464,1989,195,1996,190
4465,1989,217,1989,262,1999,154
4466,2004,221,2004,259
4467,1994,229,1996,221,1996,228,1999,176,2004,244
4468,1989,167,1996,267
4469,1982,177
4470,1989,228,1989,255,1996,228,2000,178
4471,1996,165,1996,172,1996,193,1996,214,1996,236,1996,236
4472,1986,192,1986,227,1989,269,1995,190,1995,264,1996,252
4473,1981,270,1986,178,1991,206,1996,248
4474,1981,230,1983,215,1996,178,1996,181,1996,204,1996,238,1996,254,1999,251
4475,1990,214,1994,214,1994,257,1996,200,2000,260
4476,1981,238,1986,233,1988,169,1989,247,1990,186,1990,218,1996,185,1998,228,1999,233
4477,1982,223,1986,153,1986,153,1986,179,1986,190,1986,201,1986,259,1988,247,1988,271,1990,254,1993,156,1994,234
4478,1983,239,1985,235,1986,235,1990,251,1990,273
4479,1982,271,1996,195
4480,1982,181,1988,194,1994,216,1995,215,1995,217,1995,271,1995,273,2001,187
4481,1981,183,1981,200,1982,165,1989,163,1996,189,2001,222
4482,1981,199,1981,222,1981,241,1981,255
4483,1981,255,1986,161,1989,186,1989,227,1989,241,1989,268,1995,226,1999,238
4484,1989,200,1996,228
4485,1989,203
4486,1989,230,1998,156,2001,156,2004,194
4489,1987,171,1987,262,1996,220
4490,1986,186
4491,1986,265,1996,197,1996,222
4492,1981,196,1981,201,1981,214,1981,264,1989,251
4494,1981,221
4495,1984,240,1999,178,2000,202
4496,1982,242,1996,204,1996,268,1998,211,1999,217,1999,237,2001,180,2004,153,2004,204
4497,1996,239,2004,248,2004,266,2004,268
4498,1989,164
4499,2000,181
4500,1981,206,1981,226,1982,218,1982,273
4501,1981,188,1985,177,1992,232,1999,190
4502,1981,263
4503,1999,242
4505,1999,187
4506,1985,245,1985,246,1989,270,1996,187,1996,194,1996,197
4508,1989,161,1989,214,1989,269,1992,198,1992,260,1993,205,1997,253
4509,2001,271
4510,1984,257
4512,1989,163
4513,1989,163,1994,252,2004,168
4514,1981,222
4515,1991,176,1991,179,1992,229
4516,1995,264
4521,2004,196
4526,2004,167
4529,1989,156
4532,1997,203
4534,1989,208,1992,163,1992,170,2004,236
4535,1981,250,1989,226,1999,270,2000,196
4536,1996,177
4537,1992,156,2001,255
4538,1985,239,1991,240,1992,193,1992,205,2004,240
4541,1982,183
4547,1989,229,2004,182
4550,1981,200,2004,164
4551,1989,165
4553,1996,173,1996,187,1996,214,1996,268
4554,1988,272,1996,190,1996,192
4555,1989,188
4556,1981,219,1989,157,1993,180,1994,227
4557,1989,226,1996,170
4558,1981,211,1981,240,1982,182,1982,221,1985,176,1985,186,1986,262,1990,184,2000,188
4559,1988,187,1993,214,1996,167
4560,1996,182,1996,218,1996,233,1996,267,1999,267,2000,273
4561,1983,189,1985,156,1986,200,1990,226,1990,240,1994,243,1998,187,1999,261
4562,1981,193,1981,255,1986,190,1986,203,1986,214,1986,224,1990,172,1990,216,1990,230,1991,180,1994,236,1999,220
4563,1981,239,1988,183,1989,272,1990,187,1990,206,1990,217,1990,232
4564,1981,204,1990,168,1998,245
4565,1991,239,1995,246,1996,175,1996,262
4566,1981,195,1982,166,1994,242,1995,179,1995,230,1996,196
4567,1986,183,1986,186,1989,237,2000,191
4568,1981,184,1981,197,1996,153
4569,1981,180,1982,170,1995,230
4570,1989,199
4571,1989,173,1989,178,1992,156,1992,231,1992,267,1995,242,1999,243
4572,1981,164,1989,206
4575,1988,218
4576,1983,210,1986,167
4577,1986,157,1986,213
4578,1982,220,1987,220
4579,1986,159
4580,1984,179,1999,170
4581,1981,242,1988,205,1991,240,1991,245,1992,176,1992,186,1992,207,1992,225,1995,160,1995,271,1997,243,1999,156,2004,208
4582,1981,192,1981,210,1992,263
4583,1989,273
4585,1981,167,1989,170,1996,152
4586,1982,192,1982,195,1982,208,1982,261,1990,213,1996,199
4587,1990,176,1991,175,1992,238,1998,252
4588,1986,181
4589,1982,186,1982,196,1997,154,1997,161,1997,194,1999,256,2000,165,2000,230
4591,1992,153,1992,266,2004,168,2004,210,2004,240
4592,1989,222
4593,1989,192
4594,1996,197,2004,170,2004,196
4595,1995,164
4597,1989,241,1997,182,2004,153,2004,173,2004,237
4598,1992,160,2004,184,2004,244
4604,1986,169,1987,192,2000,254
4611,1995,271,1999,181
4612,1991,159,1991,259,2000,193,2001,171
4613,1986,168,1989,222,1994,243,1997,201,1999,270
4615,1982,164
4616,1982,257,1993,247,1994,154
4620,1989,174,1993,252,1999,155,1999,197,1999,260,1999,272
4621,1981,270,1991,191,1992,204,1992,273,1994,259,1999,248,2000,223
4622,1981,259,1981,269,1984,209,1990,155,1993,250
4623,1988,220,1989,171,1998,153
4624,1986,223,1995,226,1998,163
4633,1989,157,1989,192,1998,179
4634,1989,166,1989,248
4636,1986,234
4637,1996,180
4638,1996,241
4639,1996,272
4640,1982,234,1996,236,1996,238,1996,244,1996,269
4641,1998,249,2001,215
4644,1981,207,1990,271,1991,165,1991,208,1991,235,1996,194,1996,222,1999,165
4645,1981,174,1981,230,1981,235,1988,203,1988,263
4646,1989,190,1991,190,1994,187,1994,202,1998,257,1999,222,2000,252
4647,1985,219,1986,273,1990,226,1990,226,1991,166,1991,270,1994,210,1998,164,1998,256,1999,261
4648,1981,227,1982,263,1985,271,1986,236,1990,153,1990,258,1991,248,1991,273,1998,224
4649,1981,259,1991,166,1991,180
4651,1989,206,1991,166,1993,267,1994,166,1994,236,1995,153,1999,255
4652,1989,168,1996,244,1996,256,2000,205
4653,1981,152,1999,182
4654,1982,152,1986,172,1986,197,1986,204,1989,166,1996,246
4655,2004,189,2004,200,2004,232
4657,1999,221,2001,243
4658,1992,203,1998,272
4661,1982,155
4662,1982,182,1983,263,1986,205,1999,177
4663,1986,163,1986,177,1986,241,1986,243,1994,224,1996,207
4664,1982,216,1994,214,1996,182
4665,1996,236,1996,271
4667,1989,193,1995,161
4669,2001,177
4671,1981,182,1981,182,1981,251,1996,212,1997,210
4672,1986,254,1996,248
4673,1981,268,1982,260,1992,172,1994,172
4674,1992,240
4676,1989,217,1989,238,2004,206
4678,1981,161,1989,230
4679,1999,198
4681,1989,182,1995,225,1999,182,2004,223
4683,1992,158
4684,1993,244
4685,1996,163
4686,1996,261
4687,1996,160,1996,192,1996,227,1996,240,1996,268
4688,1982,228,1996,214
4689,1998,168,2000,186,2000,190,2000,241
4690,1986,176
4695,1992,193
4697,1981,153,1982,182,1991,183,1991,249
4698,1981,246,1989,266,1991,189,1999,176
4700,1989,247,2004,155,2004,157,2004,230
4702,1999,222
4705,1981,152,1981,172,1984,249,1989,223,1994,170,1994,170
4706,1988,199,1988,269,1992,268,1994,167,1994,247,1994,259,1999,171,1999,256,2001,194,2001,226,2001,255
4707,1981,264,1992,273,1993,183,1993,191,1993,201,1993,226,1993,266,1994,248,1994,254,1998,153,1998,205,1998,209
4708,1982,218,1982,267,1984,229,1988,193,1988,194,1988,257,1993,213,1993,218,1993,264,1993,268,1994,229,1995,181
4709,1981,181,1981,204,1981,233,1981,239,1981,256,1987,192,1992,239,1992,242,1993,192,1993,195,1993,203,1993,212,1993,235,1993,235,1993,257,1995,200
4710,1981,258,1985,176,1995,165,1995,170,1995,208
4713,2001,201,2001,266
4720,1993,171,2004,193
4724,1996,194,1996,239
4725,1996,259,1996,273
4727,1993,242,1999,162,1999,175
4730,1985,244,1986,175,1986,180,1986,231,1986,231,1987,152,1991,220,1994,161,1994,223
4731,1987,197,1988,197,1988,228,1988,233,1988,272,2000,196
4732,1986,230,1986,256,1991,227,1991,228,1991,239,1993,220,1994,189,1999,266
4733,1983,167,1983,186,1983,272,1988,267,1990,209,1991,181,1995,238,1995,239,1995,272,1998,157,1998,253,1999,169
4734,1983,187,1983,199,1991,206,1991,219,1991,254
4736,1996,242
4737,1996,165,1996,179,1996,200,1996,209,1996,225,1996,226,1996,238,1996,263
4738,1996,203
4739,1993,195,1996,177,1996,194,1996,199,1996,207,1996,215,1996,236,1996,259,1996,261
4740,1981,185,1981,199,1989,259
4741,1986,169,2001,249,2001,253
4742,1992,173,1992,249,1993,244,1998,158,2001,174
4743,1999,243
4745,1993,237
4750,1984,227,2000,269,2001,179,2001,183
4751,1989,219,1993,244,2000,252,2004,200,2004,267
4753,1981,254
4754,1981,177,1992,225,1992,262
4755,1989,196
4756,1982,158
4757,1992,166,1992,248
4758,1989,206,1989,238,1996,161,1996,235
4759,1981,215,1986,219,1986,270,1995,185,1996,243,1998,251
4760,1989,156,1989,195,1989,238,1989,256,1993,250,1995,247
4761,1989,158,1989,162,1989,187,1989,203,1989,214,1989,223
4762,1989,186
4763,1989,183
4764,1989,211,2004,265
4765,1989,242,1996,160
4767,1996,233
4768,1989,181,1999,207,1999,209
4769,1989,247,2004,262
4770,1989,201,1995,164,2004,162
4772,1981,254,1982,214,1995,182
4773,1997,201
4774,1986,200,1989,175,1993,175,1997,198,2000,184
4775,1992,166,1992,195,1992,247
4779,1988,207
4780,2004,215
4781,1996,198
4782,1991,154,1991,269
4783,2004,234
4785,2004,209
4787,2004,167,2004,185
4788,1989,194,1996,229,2001,174
4789,1993,203,1994,271
4790,1982,184,1982,225,1982,238,1989,239,1991,154,1992,251,2000,156
4791,1986,160,1986,163,1986,165,1986,244,1994,208,1996,247,1999,222
4792,1985,159,1993,178,1994,166
4793,1984,187
4794,1982,158,1984,183,1988,225,1988,267,1993,177,1993,184,1993,227,1994,171,1994,205,1994,209,1994,222
4795,1981,163,1981,198,1988,162,1988,217,1992,178,1992,239,1993,162,1993,237,1994,182,1994,272,1995,152,1995,224
4796,1998,239
4797,1995,172
4798,1994,210,1994,268,2004,241
4799,1992,214,1992,260
4800,1992,263,1994,161
4801,1989,156
4802,2004,165
4810,1996,233
4813,1996,165
4815,1998,186
4816,1996,220
4817,1981,167,1981,241,1986,218,1991,244
4818,1986,197,1986,237,1990,183,1990,202,1990,210,1990,235,1991,226,1993,202,1995,177,1999,186,1999,188,1999,252,2000,171
4819,1986,168,1990,157,1990,270,1995,208,1995,269
4822,1996,174,1996,183,1996,228,1996,272
4823,1996,162,1996,194,1996,208
4825,1991,164,1992,190,1992,222,1992,259,2001,230
4826,1981,163,1989,214,1992,205,1995,212
4827,1986,155,1994,258,2000,225
4828,1989,164,1989,227,1992,209,2004,220,2004,226
4829,1981,158,1989,162
4830,1981,172
4831,1981,185,1981,266,1992,168,1998,187,2000,253
4832,1984,167,1995,236,2004,170
4833,1992,239
4834,1982,262
4835,2001,173
4836,1992,267,2000,231,2000,258
4837,1989,155,1989,158,1989,159
4838,1981,218,2004,182
4839,1997,154
4840,1989,245,1996,255,1997,188
4841,1989,208,1999,244
4842,1996,175,1999,219,2004,180
4843,1984,257,1993,252,1993,270
4845,1981,249,1992,210,2000,245,2001,196
4846,1989,244,1996,155,1996,244
4847,1989,156,1989,181,1989,260,1992,255
4848,1991,169,1996,254,2004,192,2004,264,2004,270
4849,1989,158,1989,159,1989,229,1989,235,2004,236,2004,247
4850,1989,154
4852,1996,212
4853,1997,215
4854,1989,177,1997,168
4855,2004,201,2004,211,2004,246
4856,1981,162,1989,187,1989,256,1989,273,1998,194,1999,232
4857,1997,212
4858,1985,238,1992,210,1994,241,1996,241
4859,1981,154,1984,212,1994,179,1994,185
4860,1997,163,1997,204,1998,238,2000,173,2001,245
4861,1992,168,1992,257,1994,158,1994,211,1997,214
4865,1997,254,1999,171,1999,218,2004,240
4866,1992,249,2004,240
4867,1992,240,1992,249,1997,184,1997,263
4868,2004,173
4869,1996,170,2004,156,2004,251
4871,2004,265
4872,1983,170
4874,1994,205
4875,1984,273,1994,241
4876,1981,241,1985,210,1985,240
4879,1982,168,1984,246,1985,247,1989,174,1993,168
4880,1981,240,1981,252,1981,255,1984,224,1988,156,1988,184,1993,183,1993,206,1993,241,1993,263,1994,209
4881,1985,158,1987,154,1996,174,1996,215
4882,1984,226,1994,205,1995,263
4883,1993,158
4884,1989,229,1992,171,2004,234
4885,1992,206,1998,222,2004,205
4886,1992,189,1992,259,1992,269
4887,1985,260,1996,184
4888,1992,241,1999,160,1999,165,1999,176,2001,244
4889,1982,158,1982,266
4894,1996,254
4895,1996,228
4896,1996,223,1996,246
4897,1996,154,1996,158,1996,160,1996,179,1996,186,1996,195,1996,231
4898,1996,204,1996,205,1996,260,1996,263
4899,1996,176,1996,245
4900,1996,238
4901,1986,245
4902,1994,157,2000,233
4903,1981,272,1986,195,1986,246,1989,209,1991,227,1995,250,1999,153,1999,167,1999,201,1999,219,1999,260
4904,1981,153,1981,243,1986,186,1986,271,1988,234,1990,219,1990,273,1991,193,1993,231,1995,200
4905,1993,204
4907,1982,262,1982,268
4908,1996,155,1996,192,1996,193,1996,239,1996,239,1996,267
4909,1996,267
4910,1992,241,1995,250,2001,207,2004,155
4911,1992,247
4916,1989,257,1992,240
4917,1984,183,1987,261,1992,273,1994,257,1996,174,1999,174
4918,1989,168,2004,218
4919,1982,197
4920,1982,203,1989,187,1989,197
4921,1996,214
4922,1998,179
4923,1992,172,1998,177
4924,1994,194
4926,1981,162
4927,1989,247,1994,218,1999,220
4928,1981,245,1981,272
4929,1996,226,1996,266
4930,1981,217,1981,226,1981,246,1986,246,1989,157,1989,175,1992,195,1995,239,1995,258,1997,203,1999,168,1999,235
4931,1981,159,1992,206,1992,229
4932,1981,162,1985,264
4933,1981,250,1981,269,1986,209,1989,172,1995,184,1995,216,2004,189,2004,239
4934,1989,159,1989,273,2004,238
4936,2004,254
4941,2004,181,2004,244,2004,247
4942,1997,195
4943,1989,206,1992,194
4944,1999,168,1999,186,2001,206
4946,1992,195,1992,210
4947,1992,160,1992,173,1992,174,1992,194,1992,202,1992,214,1992,251,1992,262
4950,1992,215
4951,1984,234
4953,1989,191,1992,201
4954,1999,165,1999,228
4955,2004,175,2004,215
4956,2004,167,2004,265
4957,1999,167
4958,1999,270,1999,273
4959,1982,270
4960,1989,204,1989,262,1992,254,1994,248
4961,1985,216
4964,1997,213
4965,1981,250,1982,196,1983,206,1985,243,1991,159,1991,267,1993,207,1994,227,1994,239,1995,163,2000,169,2001,171
4966,1981,266,1982,217,1983,204,1992,169,1993,206,1993,231,1994,157,1999,159,1999,196
4968,1981,239,1985,218,1988,190,1992,233,1993,152,1995,163,1995,237
4969,1995,170,1995,183,1996,248
4970,1982,198
4972,1981,215,1982,154,1993,235
4974,1992,154,1999,243
4976,1999,198
4977,2004,176
4980,1996,249
4981,1989,166,1989,234,2004,215
4982,1989,192,1996,210
4983,1996,154,1996,169,1996,173,1996,174,1996,176,1996,184,1996,187,1996,200,1996,215,1996,219,1996,225,1996,272
4984,1996,178,1996,207
4985,1996,231
4986,1986,242
4987,1986,165,1986,178,1994,189
4988,1981,211,1981,250,1993,262,1994,157,1995,157,1999,202
4989,1982,271,1986,185,1986,219,1986,252,1991,177,1991,213,1995,165,1995,193,1999,169,1999,181,1999,206,1999,230,2001,169
4990,1994,193,1994,236,1995,153,1995,158,1995,200,1995,261,1998,258,1999,241
4993,1986,162,1986,243,1991,160,1998,243,1999,187,1999,239
4994,1981,200,1989,199,1989,215,2000,273
4995,1996,174,1996,190,1996,207
4996,1996,164
4998,1996,215
5001,1989,207
5002,1998,220
5004,2004,200
5006,1994,234,1996,227,2000,195
5007,1999,185,2000,166,2004,158
5008,1989,157,2004,264
5009,2004,177,2004,225,2004,253
5010,1989,252,1995,160
5012,1981,179,1989,247
5013,2004,229
5014,1986,208,2004,205,2004,217
5015,2004,194
5016,2004,173,2004,258
5018,1992,264,1996,215
5019,1981,244,1981,258,1989,158,1996,251,2004,198
5020,1992,196,1996,193,1997,217,1999,198
5025,1989,204,1996,251
5026,1989,235,1989,238
5027,1997,193,2004,208
5028,1989,161,1989,210,1989,265,1997,235
5032,1986,230,1996,201,2001,236
5033,1986,234,1994,188,2001,172
5037,1997,171,1997,232,2001,160,2001,235,2001,238
5039,1989,204
5040,1986,241,1996,169,1996,261
5041,1986,248,1986,252
5042,1982,155,1982,169,1982,184,1993,163,1996,196,1996,212
5043,1993,263,1994,233
5044,1993,165
5046,1983,264
5050,1984,173,1994,197,1999,260
5051,1988,163,1993,204,1993,261,1993,269,1994,202,1994,265,1999,222,1999,248,2000,197,2000,211,2001,191,2001,210
5052,1993,270,1999,265,2000,248
5053,1982,261,1983,181,1993,186,1993,228,1993,239,1994,185,1999,186
5054,1981,210,1981,241,1982,256,1982,259,1988,246,1992,186,1993,153,1994,253,1997,165,1997,242,1998,250
5055,1996,239
5056,1982,261,1989,247,1992,163,1994,217
5057,1994,234
5058,1985,265
5059,1991,202,1991,232,1995,196
5062,1996,170,1996,189
5063,1999,173
5067,1996,270
5068,1996,162,1996,172,1996,181,1996,198,1996,219,1996,250
5069,1996,158,1996,184,1996,187,1996,201,1996,210,1996,211,1996,214,1996,230,1996,235,1996,244,1996,265
5070,1996,156,1996,191,1996,221
5071,1996,172,1996,194,1996,202,1996,268
5073,1987,178,1999,245
5074,1986,153,1986,156,1986,218,1986,234,1991,172,1994,220,1995,168,1998,201,1998,209,1999,154,1999,200,1999,263
5075,1981,194,1982,268,1985,192,1985,259,1986,186,1986,188,1989,169,1990,268,1991,200,1993,186,1993,231,1993,251,1993,255,1998,193,1998,230
5076,1982,224,1994,175,1995,171
5077,1994,212
5078,1982,236,1986,154
5079,1996,225
5080,1989,188,1989,234,1989,270
5081,1989,180,1996,191
5083,1981,187,1995,184
5087,1992,178
5088,1992,261,1996,213,2004,173
5089,1986,245,1999,226
5091,1986,242,1992,239,1999,156
5092,1992,248
5093,1991,260,2004,158
5094,1996,189,1996,273
5097,1989,230,1996,156,1996,193
5099,1989,222
5100,1989,170,1989,200,1992,169,1992,252,1998,159
5101,1984,201,2004,272
5102,1993,227,2004,252
5103,1989,164,1989,249
5104,1984,247,1991,169
5105,2004,166
5106,1992,206,1992,241,1998,268,2001,178,2004,252
5111,1989,221,1989,254,2004,253
5119,1992,241,1994,196,1997,244
5120,1994,198
5121,1992,157,1992,163,1992,169,1992,184,1992,225,1993,173,1999,153,1999,202,1999,234,1999,242,2000,200
5123,1992,244,1992,250,1996,240,1997,179,1997,215,1997,255
5124,2001,231
5125,1989,178,1993,161,1993,233,1997,209,1998,180,1998,206,2000,242
5126,1984,177,1986,234
5127,1996,252
5128,1982,225,1982,231,1996,159
5129,1984,267,1994,211,1996,181
5130,1994,246
5131,1992,249
5132,1996,182,1999,239
5133,1989,248
5135,1992,174
5136,1992,160,1992,253,1993,184,1993,228,1996,217
5137,1981,255,1984,184,1984,186,1993,200,1993,202,1993,218,1993,232,1993,267,1994,158,1994,192
5138,1994,189,1995,250
5139,1982,247,1984,232,1987,216,1991,253,1994,160,1994,178,1994,241
5140,1984,160,1988,190,1988,255,1994,205
5141,1982,243,1989,224
5142,1986,195,1991,219,1993,222,1996,214
5143,1981,269,1989,172,1992,219
5144,1986,214
5148,1982,193,1982,254,2004,243
5149,1992,240,1999,184,1999,262,2004,217
5151,1989,152,1989,241
5152,1993,199
5153,1989,174,1996,252,1999,252
5154,1996,159,1996,190,1996,202,2004,269
5155,1983,263,1996,174,1996,179,1996,185,1996,197,1996,210,1996,210,1996,214,1996,218,1996,243,1996,261,1996,269,1996,273
5156,1989,206,1996,214,1996,216,1996,231
5157,1998,243
5158,1982,253,1991,188,1991,238
5159,1982,163,1982,198,1982,232,1986,232,1992,190,1998,179,1998,217
5160,1982,245,1982,254,1991,162,1995,243,1999,229,1999,246,2000,182
5161,1984,208,1990,244
5164,1981,214,1981,256,1989,223,1996,219
5165,1981,247,1989,270,1992,199,1996,230
5166,1989,159,1989,269,1989,273
5167,2004,165,2004,186
5169,1981,156,1997,251
5172,1996,167,1996,229
5173,1999,155
5174,1992,153,1992,179
5175,1997,226
5176,1989,249,1991,164
5177,2004,209,2004,215,2004,272
5178,1993,181
5180,1999,192,2000,182
5181,1992,249,1997,221,2001,262
5183,1996,192
5184,1997,249
5185,1999,152,1999,244,1999,252
5187,1989,226
5188,1989,208,1989,243
5189,2004,201
5192,1999,207,1999,251
5195,1999,240
5196,1992,170,1992,248,1992,258
5198,1989,221
5204,1981,232,1986,180,1992,163,1992,168,1992,204,1992,213,1994,191,1999,220
5205,1992,158,1992,194,1994,194,1994,199,1994,209,1994,209,1997,270,1999,211,1999,215,1999,221,1999,240
5206,1996,198,1997,156,1999,229
5207,1986,218,1989,232,1992,224,1992,254,1992,265,1993,268,1999,192,2000,165
5208,1999,200
5209,1986,191,1992,169,1992,257,1997,234,1997,250,1997,267,2001,195,2001,222
5210,1981,210,1992,241,1992,263,1993,164,1993,170,1997,231,1997,235
5211,1984,200,1994,171,1998,199,1998,243,2000,191,2000,268,2001,221,2001,231,2001,235
5212,1984,186,1993,240,1994,220,2000,239,2000,240,2001,158
5213,1994,190,1994,197,1996,164,1996,225
5214,1982,173,1982,234,1994,252,1996,166
5215,1982,187,1982,202,1982,222,1982,233,1985,206
5216,1982,167
5217,1993,190,1997,153
5218,1989,174
5219,1989,168,1989,191,1989,202,1989,210,1989,214,1989,215,1989,219,1989,223,1989,234,1989,237,1989,258,1989,263
5220,1992,152,1992,220,1996,156,1996,180,1996,254,2001,270
5221,1997,153,1998,243
5224,1984,218,1993,176,1995,209
5225,1984,197,1993,173,1993,197,1993,254,1994,167,1994,197,1997,204
5226,1984,179,1984,208,1993,176,1993,228,1993,250,1993,251,1994,158,1998,192
5227,1984,185,1984,203,1989,251,1989,259,1994,225,2000,270
5228,1989,181,1989,206,1993,262,1993,264,1994,267
5234,1999,175
5236,1989,185
5237,1981,173,1981,244,1995,172,1996,222,1997,239,1998,199
5238,1995,236,1999,174,1999,273
5239,1996,236,1999,185
5240,1981,197,1996,157,1998,228,2004,179,2004,265
5241,1981,189,1988,157,1992,230
5242,1981,194,1986,189,1993,198,1993,217,1993,272,1996,264,1998,212,1999,179,1999,206,1999,237,1999,244,1999,247,2000,217
5243,1981,180,1991,173,1993,240,1994,225,2001,163,2001,209
5244,1986,239
5245,1981,177,1981,249,1998,193,1998,225,1999,245,2000,192
5246,1982,155,1982,166,1982,180,1982,238,1982,251,1982,253
5250,1996,248
5251,1996,206
5252,1992,211,1994,217
5253,1981,181,1981,192,1992,164,1992,170,1992,186,1998,180
5254,1982,157,1984,156,1984,229,1989,251,1993,245,1995,165
5255,1982,235,1983,180,1986,257,1993,211,1993,239,1996,232
5256,1984,154
5257,1991,213,1995,172,1996,169
5261,1989,154,1989,161,1995,264
5263,1989,190,1989,194,1989,212,2000,205,2004,153
5264,1989,176,1989,258,1993,206,1993,248,1998,211,2004,161,2004,218,2004,270
5266,2004,193
5267,1989,200,1989,229
5268,1989,193
5269,1989,182
5270,1989,182,1989,202,1989,239,1989,241,1989,247
5271,2004,152
5272,1996,248,2004,217
5274,1989,218,1989,262
5275,1989,167,1989,223
5277,1989,204
5278,2004,183
5279,2004,186
5281,1994,243,1995,271
5282,1989,255,1994,169
5283,1995,257
5284,1984,185,1989,248,1989,252
5285,1989,253
5287,1981,158
5289,1996,238
5290,1993,206,1997,198,1999,225
5291,1989,152,1989,203,1992,227,1992,273,1994,237,1997,155
5292,1990,262,1997,192
5293,1992,232,1993,237,1997,200,1997,220,2000,194,2000,210,2000,226
5294,1985,221,1986,154,1994,177,1997,204,1997,238,2000,187
5295,1986,155,1986,209,1994,247,2004,241
5296,1986,159,1994,250
5297,1984,203,1984,226,1984,227,1986,238,1992,224,1997,208,1998,266,2000,220
5299,1994,241
5300,1994,256,1999,229
5301,1994,194,1996,181,1996,197
5302,1996,201
5303,1984,182
5304,1989,184,1989,227,1993,156,1996,161,1996,231,2001,233
5305,1981,225,1989,157,1989,195,1989,195,1989,198,1997,252
5306,1992,241,1992,255,1996,217,1997,182,1997,263,2001,179
5307,1986,224,1992,162,1995,264,1996,237,1997,172,1997,255,1998,256
5310,1985,186,1990,182,1993,155,1993,209,1997,188,1998,269,1999,185,1999,218
5311,1984,173,1984,213,1989,206,1989,213,1992,207,1993,158,1993,265,1998,226,1999,239,2001,264
5312,1993,184,1993,189,1994,163,1994,213,1994,229,1998,257
5313,1989,160,1989,167,1989,178,1989,273,1995,204,1996,177,1999,190,1999,251
5314,1984,244,1993,202,1996,168,1996,217,1996,261,2000,252
5315,1989,174,1989,205,1993,171
5316,1982,217
5318,1996,192,1996,199,1996,226
5322,1989,225
5323,1982,152,1982,267,1986,265,1989,181,1989,229,1989,248
5324,1982,153,1989,183,1998,179,1998,185,1998,187,1999,223,1999,240
5325,1986,161,1996,154
5326,1983,160,1985,247,1990,227,1999,203
5327,1981,266,1989,182,1989,215,1989,233,1989,244,1990,269,1993,187,1993,193,1996,270,1999,180
5328,1986,206,1992,259,1993,190,1993,247,1993,258
5329,1989,265,1996,208,1999,263
5330,1996,203,1996,221,1996,226,1996,233,1996,240,1996,260,1996,263,1996,268,1996,268
5331,1996,251,1998,244
5332,1982,184,1982,187,1982,265
5334,1996,270
5335,1996,174,1996,176,1996,185,1996,229,1996,268,1996,273
5338,1982,153,1995,157,1999,244,2000,264,2004,238
5339,1981,265
5341,1990,266
5346,1982,153,1982,154,1994,176,1995,260,1996,212
5347,1989,176,1992,253,1995,194
5348,1986,166,1994,191,1995,163,1998,221
5349,1996,205,1996,210
5353,1993,222,1996,193,1999,160
5354,1999,178
5355,1989,189,1999,215
5356,1989,224,1998,182
5357,1989,202,1989,273,1991,154,1997,213
5358,1992,234
5363,1981,256
5364,1989,173,1989,223
5365,1984,228,1989,233,1989,267,1992,233
5366,1984,194,1989,156
5368,1981,196,1993,235
5369,1993,172,1995,239,1999,211,1999,253,2004,168,2004,226
5370,1989,218,1989,266,1994,193,1995,161,1995,200,1995,231,1995,251,1999,206,1999,257,2000,253
5371,1989,161,1992,235
5372,1981,153,1981,216
5374,1994,254
5375,1999,242
5376,1981,156,1994,233,1999,185
5377,1984,264
5378,1981,221,1981,236,1984,216,1993,222,1994,255,1995,220
5379,1992,244,2000,241,2001,170,2001,172
5380,1994,181,1994,249
5381,1996,189
5390,1992,168,1992,253,1997,268,1999,261
5391,1983,176,1989,167,1993,161,1993,164,1993,189,1997,183,1997,193,1997,266
5392,1991,260,1992,239,1992,242,1992,250,1993,184,1997,261
5393,1989,185,1992,250,2000,185,2000,268,2001,183
5394,1982,182,1982,212,1982,251
5395,1989,162,1992,204,1997,176
5396,1981,261,1982,157,1986,174,1988,169,1989,201,1989,215,1993,222,1993,262,1993,267,1994,196,1998,195,2000,245,2000,248
5397,1989,168,1993,218,1994,155,1999,185,1999,243,2000,156,2000,183,2000,208,2001,158
5398,1983,206,1983,240,1993,215,1994,166,1994,200,1994,229,1994,249
5399,1986,164,1989,244,1995,178,1998,168,1999,158
5400,1984,227,1989,164,1999,192
5401,1982,173,1982,173,1982,259,1994,163
5402,1982,176,2001,251
5403,1984,181,1989,229,1999,182,1999,229,2004,183
5404,1986,169,1990,250,1992,160,1993,258,1996,239,1999,236,2001,153
5406,1989,201,1992,249,1999,269
5409,1981,157,1981,166,1981,226,1981,247,1986,168,1988,246,1989,155,1989,158,1994,164,1994,216,1994,250
5410,1981,191,1981,235,1986,252,1989,184,1990,189,1992,187,1992,192,1992,249
5411,1981,229,1993,224
5412,1994,272
5413,1996,155,1996,159,1996,190,1996,191,1996,198,1996,252,1996,266
5414,1981,179,1990,183,1990,232,1990,248,1993,152,1993,246,1996,191,1999,212
5415,1982,180,1989,200,1993,182,1993,245,1999,263,2000,226
5416,1996,154,1996,182,1996,183,1996,194,1996,199,1996,200,1996,205,1996,223,1996,223,1996,256,1996,272
5417,1996,172,1996,178,1996,188,1996,192,1996,192,1996,194,1996,206,1996,220,1996,238
5420,1996,166,1996,171,1996,175,1996,182,1996,189,1996,204
5421,1996,195,1996,205,1996,212,1996,213,1996,226,1996,269,1996,273
5422,1996,158,1996,162,1996,227
5424,1986,206
5426,2000,158
5428,1981,253
5429,1982,152,1982,157,1982,201,1982,234,1982,245,1996,270,1999,155
5430,1982,160,1982,205,1982,210,1982,227,1986,221,1989,259,1999,248,2001,188
5431,1986,255,1989,173,1992,172,1992,212,1996,163
5432,1982,176,1982,201,1989,243,2000,227
5433,1989,155,1989,226,1992,164,1995,251
5434,1998,246
5435,1996,222
5437,1996,193,1996,236
5441,1981,269,1991,195,1991,238
5442,1981,171,1994,258,1995,212
5444,1989,185
5446,1982,175,1989,153,1989,168
5447,1996,174
5448,1996,155,1997,171,1999,173,1999,228,2004,242
5449,1981,192,1981,193
5450,1989,162,2004,188,2004,194
5451,1992,185,1999,164,1999,261
5452,1984,227,1989,241,1989,241,1989,271,1992,192,1995,256,1995,267,1999,211,1999,238
5453,1981,220,1998,263,1999,192
5454,1981,190
5457,1994,183,1998,169,2000,225,2000,247
5458,1992,209,1992,228,2000,238,2001,184
5460,1981,153,1986,191,1996,186,1999,252
5461,1981,196,1993,174,1994,272,1997,155
5462,1981,259,1981,262,1983,153,1983,170,1985,252
5463,1981,196,1981,215,1981,240,1996,244
5464,1981,268,1988,232,1993,208,1993,212
5465,1992,225,1992,266,2004,216
5466,1992,195
5470,1996,159,1996,232
5476,1997,233
5477,1989,156,1995,153,1995,262,1997,231,1997,239
5478,1986,159,1986,191,1986,226,1989,197,2000,171
5479,1993,206,2000,160,2000,181
5480,1997,208,1997,226
5481,1992,193,1997,189,1997,200,1998,213,1999,225
5482,1986,207,1989,223,1997,165,1997,209,1997,215,1997,267,1998,252,2000,195
5483,1981,257,1983,180,1994,192,1996,182,1996,215,1996,260,1996,262
5484,1983,224,1994,246,1996,170
5485,1983,180,1983,182,1989,180,1994,197,1994,204,1995,164
5486,1996,169,1996,174,1996,184,1996,190,1996,238,1999,216
5487,1983,241
5488,1986,251,1989,210,1989,261,1998,197,2004,188
5489,1981,203,1981,240,1981,241,1989,189,1991,158,1991,197,1992,196,1992,214,1992,239,1992,266,2000,204,2001,168
5490,1981,208,1989,155,1989,167,1989,218,1995,170,1998,173,1998,231
5491,1984,172,2004,163
5492,1993,212,1995,167,1999,247
5495,1985,188,1988,261,1990,152,1991,236,1993,228,1995,234,2000,199
5496,1994,193,1994,197,1994,205,1994,238,1994,265,1998,238
5497,1993,264,1994,243
5498,1982,169,1982,262
5499,1986,225,1996,195,1996,211,1996,220,1996,237,1999,222
5500,1981,172,1981,178,1981,261,1982,223,1998,246
5501,1981,194,1981,211,1981,247,1982,204,1982,271,1982,273,1989,213,1990,201,1990,238,1994,155,1994,233,1998,202,1999,167
5502,1996,159,1996,212,1996,217,1996,225,1996,238,1996,242,1996,246,1996,259
5503,1996,158,1996,161,1996,165,1996,179,1996,179,1996,184,1996,186,1996,194,1996,200,1996,206,1996,219,1996,225,1996,246,1996,272
5504,1996,168
5505,1996,220,1996,272
5506,1996,153,1996,161,1996,180,1996,185,1996,189,1996,199,1996,216,1996,216,1996,225,1996,226,1996,229,1996,238,1996,240,1996,244,1996,262
5507,1996,179,1996,187,1996,188,1996,212,1996,221,1996,230,1996,236,1996,250,1996,271
5508,1996,208,1996,248
5510,1986,225,2004,256
5511,1981,218,1986,183
5512,1981,252,1986,175,2000,229
5513,1992,177,1996,199
5514,1981,269,1996,243
5516,1996,204,1996,261
5517,1989,204,1996,258
5518,1989,273
5519,1989,152,1989,167,1989,264,1989,266,1996,262
5520,1981,200,1984,239,1989,248
5521,1989,262
5522,1989,156
5523,1996,154,1996,164,1996,219
5525,2004,215,2004,237
5526,1996,241
5527,1995,237,2004,184
5529,1992,268,1994,206,2001,271
5530,1981,162,1984,202,1984,240,1989,205,1995,238,1995,247,1995,248,1995,260,2000,186
5533,1986,211,1992,215,1996,155
5534,1987,218,1996,224,1996,271,1998,216
5535,1996,164
5536,1997,249,1998,179,1999,183,1999,233
5538,1981,188,1981,207,1981,239,1981,256,1985,167,1985,222,1991,157,1991,218,1991,249
5539,1981,196,1985,204,1986,264,1994,241,1995,225
5540,1981,173,1991,262,1992,200,1994,244,1995,218,1995,228
5541,1981,259
5542,1981,205,1989,235,1996,198,1996,242
5543,1989,229,1994,163,2000,208,2001,236
5544,1984,256,1993,230,1996,237
5546,1981,196,1981,209,1981,262,1996,251,1998,260
5547,1982,267,1983,185,1983,204
5548,1981,224,1987,245,1989,262,1992,157,1994,214
5549,1981,202,1982,212,1988,162,1989,265,2000,205,2000,228
5550,1981,229,1981,250,1988,205,1989,226,1992,178,1992,271,1993,174,1994,231
5551,1984,240,1985,173,1993,165,1993,176,1997,204,2001,249,2004,172
5552,1989,236,1996,170
5555,1996,260
5556,1996,161
5558,1996,159
5559,1982,220
5560,1981,210
5563,1994,189,1994,263,1996,195,1999,228
5564,1982,221,1984,235,1986,153,1994,216,1994,223
5565,1982,187,1982,243,1982,252,1991,245,1993,179
5566,1992,211,1992,249,1999,262,2000,156,2000,217
5567,1995,224,1995,269,1996,267,2000,168,2000,169,2000,228,2000,257
5568,1982,175,1989,234,1992,216,1994,167,1996,206,1997,269,1998,270,1999,155,2000,174,2000,179,2000,191,2001,162
5569,1982,166,1983,241,1993,225,1994,175,1994,228
5570,1983,259,1996,203,1996,213,1996,240
5571,1981,176,1986,222,1989,176,1996,197,1999,234,2000,174,2000,244
5572,1981,250,1983,171,1999,253,1999,257
5573,1998,175,1998,225
5574,1989,208,1989,230,1989,243,1989,267,1990,170,1993,259
5575,1981,213,1981,232,1989,223,1989,227,1989,238,1989,241,1992,236,1999,176,1999,240,1999,241,1999,255,2000,180
5576,1981,181,1989,154,1989,259,1993,200,1996,204,1998,273
5577,1997,272,2004,232
5578,1989,159,1989,161,1989,239,1989,250
5579,1986,180,1992,182,1992,223,1996,261,1999,155,1999,266
5580,1996,245,2004,169,2004,176
5581,1983,156,1983,209,1989,228
5582,1990,182,1990,189,1990,269,1994,198,1994,231,1994,239
5583,1989,209,1994,233,1994,260,1999,198
5584,1981,197,1982,271,1988,267,1989,194
5585,1986,239,1989,169,1992,222,1994,206,1994,258,1999,155
5586,1985,231,1994,192,1994,211,1996,245,1996,264
5587,1981,156,1985,261,1990,152,1993,162,1993,224,1999,196,1999,267
5588,1996,255
5589,1996,161,1996,174,1996,213,1996,219,1996,224,1996,245
5591,1996,155,1996,156,1996,178,1996,199,1996,220,1996,225,1996,225,1996,249,1996,262,1996,265,1996,273
5592,1996,175,1996,208,1996,216,1996,216,1996,221,1996,255,1996,265,1996,266,1996,272
5593,1996,158,1996,167,1996,168,1996,224,1996,230,1996,256
5596,1996,220
5597,1992,178
5598,1988,192,1995,170,1995,183,1995,237
5599,1995,271,1996,183,2004,246
5600,2004,227,2004,229
5603,1981,223,1994,216,2000,236
5604,1981,253
5605,1996,187,1996,204
5607,1989,174,1989,190
5608,1986,196,1989,178,1996,219,1996,229,1996,265
5609,2004,185
5610,1982,242,1982,254,2001,207,2004,168
5611,1994,202,1995,173,1995,231,2001,204
5612,1981,155,1981,238,1981,251,1981,273,1991,184,1991,270
5613,1994,200,1999,194
5614,1996,192
5615,1984,206,1992,189
5616,1990,206,1992,213,1994,175,1999,271,2004,251
5617,1999,223,1999,261,2004,214
5618,1985,229,1985,231,1992,188,1993,200
5619,1986,164,1986,229,1989,166,1992,208,1992,223,1992,259,1992,265,1997,174
5620,1986,179,1992,170,1992,199,1992,202,1992,244,1994,259
5621,1981,173,1984,182,1984,247,2004,213
5624,1995,241,1996,155,1997,264,2001,204
5625,1989,158,1989,224,1994,176,1994,248
5626,1996,265
5629,1981,194
5630,1992,258,1997,205
5631,1986,249,1993,183
5632,1981,190,1981,239,1992,186,1992,264,1994,191,1994,201,1997,185,1997,248,1998,159,2001,186
5633,1992,220,1992,251,1997,239,1998,188,2001,187,2001,192
5634,1997,200,1997,221
5635,1981,234,1981,234,1981,251,1981,264,1993,200,1993,248,2000,197,2000,264
5636,1981,178,1981,220,1981,247,1988,160,1988,256,1997,168
5637,1981,189,1987,181,1989,211,1999,191
5638,1989,184
5643,1994,231
5644,1996,156,1996,218,1996,254
5650,1996,269
5651,1984,207,1988,184,1993,223
5652,1982,231,1992,168,2000,185
5653,1994,206,1997,192,1999,155,1999,177,1999,221,2000,247,2000,264
5654,1997,157,1997,216,1997,222
5655,1996,155,1996,156,1996,185,1996,202
5656,1983,194,1983,210,1986,216,1996,166,1996,185,1996,194,1996,259
5657,1996,161
5659,1989,206
5660,1984,153,1993,191,1995,260
5661,1981,188,1981,262,1984,203,1984,234,1989,201,1989,232
5662,1981,200,1989,197,1989,219,1994,208,1996,222,1996,269,1998,186,1999,204,1999,270
5663,1984,256,1989,237,1996,177
5664,1981,190,1983,153,1989,166,1989,192,1996,213
5665,1992,153
5666,1982,229,1994,153,1995,161
5667,1982,170,1982,231,1989,262,1994,160,1996,163,1996,270
5668,1990,182,1990,187,1990,257
5669,1981,270,1989,161,1993,227,1994,263,1997,184,1997,206,1999,160
5670,1989,271,1994,204,1998,219
5671,1981,267,1988,180,1988,207,1988,214,1988,251,1989,230,1990,187,2000,271
5672,1981,226,1986,180,1986,259,1987,186,1988,184,1988,199,1989,157,2000,204
5673,1981,248,1985,225,1985,272,1988,217,1994,214
5674,1981,245,1994,202,1996,200,1996,211
5675,1981,182,1981,202,1986,238,1994,184
5676,1993,219,1993,273,1996,218,1996,220,1996,221,1996,255,1996,258
5677,1996,154,1996,164,1996,182,1996,191,1996,196,1996,206,1996,223,1996,233,1996,246,1996,255
5678,1996,157,1996,172,1996,201,1996,215,1996,225,1996,250,1996,258
5679,1986,165,1996,156,1996,164,1996,183,1996,195,1996,242,1996,253,1996,271
5683,1995,159,1999,254
5684,1982,158,1982,236,1982,239,1982,248,1982,254,1999,216,1999,245
5685,1982,190,1982,230,1989,192,1998,176,1999,172,2001,160
5686,2004,248
5687,1996,197
5688,1996,178,1996,219
5689,1996,209,1996,219,1996,225,1996,248
5690,2000,211,2001,194
5691,1996,269
5694,1996,227
5695,1995,212,1996,249
5696,1999,267,2001,219
5700,1992,229
5701,1992,265
5702,1986,153,1992,219,1997,243
5703,1982,222,1982,257,1992,175
5705,1989,161,1992,201,1997,154,1997,157,1997,192,1997,209,2000,248
5706,1986,161,1986,241,1995,183
5709,1986,250,1996,180,2004,239
5710,1987,224,1992,160,1992,180,1992,243,1998,242,1998,271
5711,1992,163,1996,270
5712,1989,224,1995,271,1999,157,2001,271
5713,1989,169,1989,228
5716,1986,177,1996,171,1997,259
5718,1992,240,1994,154,1994,193,1997,271
5719,1997,185,1997,231,1999,234,1999,264,2001,213
5720,1981,153,1981,155,1981,179,1981,273,1995,227,1996,248,1997,163,1997,219,1999,217,1999,242,2000,228
5721,1981,174,1981,174,1981,200,1981,224,1981,243,1981,257,1981,272,1993,228,1993,242,2000,198
5722,1981,158,1981,263,1981,272,1988,201,1988,203,1993,258
5731,1986,159,1986,214,1986,222
5732,1981,229,1981,237
5733,1981,153,1993,255,1996,160
5734,1981,153,1981,262,1996,217
5735,1986,246,1996,251
5736,1996,171
5737,1989,210,1996,243
5738,1986,168,1996,153
5739,1982,166,1993,258,1996,167,1998,205
5741,1996,263
5742,1996,186,1996,195
5744,1989,186,1997,255
5745,1984,222,1996,236
5747,1986,266,1996,160,1996,169,1996,192,1996,261,1996,267
5748,1981,160,1986,178,1986,214
5749,1996,271
5750,1996,172
5751,1986,161
5752,1994,163
5753,1990,162,1994,252
5754,1986,273,1992,155,1995,238,1998,210,1999,194
5755,1989,246,1993,233,1995,162,1999,184,1999,205,1999,252,2000,195,2000,229
5756,1983,177,1983,261,1988,247,1990,180,1994,174
5757,1983,251,1983,264,1990,263,1994,237,1994,257
5758,1981,192,1986,202,1994,163,1994,183,1994,257,1994,269,1999,203
5759,1981,204,1986,185,1986,223,1994,197,1994,226,1996,255
5760,1981,204,1994,158,1994,207,1994,223,1996,270
5761,1981,169,1981,216,1981,268,1986,158,1986,203,1986,225,1986,255,1990,230,1994,197,1999,164
5762,1986,195,1986,196,1986,212,1993,216,1996,169,1996,200,1996,262,1996,273
5763,1986,162,1986,164,1986,247,1996,257
5764,1986,153
5770,1981,183
5771,1995,271,1996,191
5772,1996,249
5773,1996,182,1996,233
5774,1986,154
5775,1996,203
5777,1989,186
5781,2001,200,2001,214,2001,245,2001,249
5782,2001,254
5783,2001,210
5786,1982,192,1991,244,1992,166,1993,157,1994,181
5787,1992,251,1993,155,1996,209,1999,223
5788,1989,189,1992,234,1998,195
5789,1982,158,1982,219,1982,267,1987,256,1995,156
5790,1982,198
5791,1986,177,1991,259,1992,160,2001,182
5792,1992,231
5794,1992,205,1992,237,1997,262,2004,211,2004,264
5795,1989,201,1989,267,2001,212,2004,241
5796,1992,214
5797,1986,234,1992,180,1992,228,1997,265
5798,1999,266
5802,1986,170,1986,247,2000,205
5803,1986,182,1994,219
5805,1982,173,1996,153,1996,195
5806,1981,195,1981,202,1981,231,1981,266,1988,223,1992,214,1995,243,1999,219,1999,266
5807,1981,155,1981,212,1981,229,1981,233,1981,261,1986,239,1993,255,1995,248,1995,264
5808,1981,196,1984,178,1986,162,1988,168,1990,204,1995,179
5809,1985,248,1993,195,1995,218
5815,1986,253
5816,1982,214,1990,258,1994,160,1994,171,1996,271
5817,1986,264,1999,224,1999,241
5818,1981,254,1982,179,1990,271,1993,248,1993,250,1993,273,1994,211,1999,158
5819,1985,188,1986,170,1986,216,1986,267,1991,202,1999,174
5820,1981,165,1985,153,1985,224,1986,178,1986,210,1991,193,1993,178,1993,204,1994,169,1994,181,1995,213,1999,187
5821,1988,171,1988,211,1988,268,1993,163,1993,196,1993,214,1993,218,1993,258,1995,175,1995,179
5822,1982,202,1994,206
5823,1985,228,1994,213,1996,239,1996,269,1999,211,1999,267,1999,271
5824,1981,187,1981,223,1999,208,2000,209
5825,1981,235,1994,234,1995,187
5829,1982,242
5830,2000,249
5831,1984,214,1989,212,1989,220,1989,229
5833,1996,179
5834,1982,213,1989,238
5836,1982,235
5839,1981,189,1982,167,1985,183,1990,170,1995,174,1995,230,1998,260,1999,212
5840,1981,257,1982,216,1989,155,1994,263,1996,213,1996,273,1998,227,1999,256,2001,209
5841,1982,190,1999,184,1999,207
5842,1981,223,1985,175,1995,252,1997,271,1999,164,1999,181,1999,189
5843,1986,228,1989,176
5844,1981,214,1994,162,1994,201,1994,261
5845,1986,160,1986,202,1986,220,1989,184,1994,220,1994,226,1994,254,1996,204,1996,249
5846,1989,262,1993,184,1994,156,1994,171,1994,242
5847,1986,256,1986,257,1989,262,2000,161
5848,1982,247,1986,162,1986,174,1986,182,1986,188,1986,256
5849,1986,173,1986,243
5851,1986,226,1986,270,1986,271,1996,232,1996,234,1996,241
5853,1994,232
5856,1986,220
5857,1996,181,1999,153
5858,1986,155,1986,156
5859,1986,218,1986,251,1996,170
5860,1986,182
5861,1981,236
5862,1989,272,1996,168,1996,267
5865,2001,176
5870,1992,260,1999,158,2001,199,2004,177
5871,1995,206
5872,1994,166,1994,234,1994,255,1994,272
5873,1983,170,1994,154,1998,160,2000,244
5874,1988,187,1989,247,1994,237,1994,262
5875,1982,241,1988,224,1993,187,1996,224
5876,1982,160,1982,221,1984,164,1994,256,1996,181,1996,228
5877,1981,159,1981,178,1981,209,1981,216,1989,218,1994,179,1994,216,1994,272
5878,1981,262,1993,184
5879,2004,155,2004,181,2004,191,2004,196,2004,257
5880,2004,152,2004,173,2004,207,2004,207,2004,233,2004,253
5881,1989,166
5884,2004,190
5886,1986,196,1986,221,1986,256,2000,173
5887,1985,264,1986,246,1992,180,1995,158,2001,187,2001,263
5888,1986,195,1986,205,1989,203,1992,156,1992,168,1992,211,1992,273,1997,211,2000,175,2001,188
5889,1992,158,1999,255,2001,152
5890,1999,211,2001,204
5891,1986,208,1996,214,2000,192
5892,1986,235,1988,157,1988,201,1989,196,1993,186
5893,1986,166,1996,272
5896,1996,174,1996,247
5897,1981,185,1996,197
5898,1982,217,1998,210
5901,1996,242
5902,1996,175,1996,271
5903,1993,240
5904,1985,163,1993,175,1996,202,1999,181
5905,1981,155,1981,197,1985,271,1986,175,1988,216,1989,186,1989,264,1993,165,1994,252,1998,198
5906,1981,174,1981,244,1981,250,1989,172,1989,178,1989,229,1989,272,1990,190,1991,253,1994,252,1995,183,1995,244,1999,252,2001,257
5907,1985,176,1985,242,1989,203,1993,174,1993,220,1994,270,1995,215,1995,230,1996,229,1997,212,1997,242,1997,246,1998,208,2001,267
5908,1993,158,1993,161,1993,217,1993,219,1993,258,1994,251,1995,207,1999,166,1999,240,2000,226,2001,270
5909,1983,253,1999,247,1999,269,2000,260
5910,1982,198,1982,220,1982,230,1995,230
5911,1982,163,1982,178,1982,243
5912,1996,258
5913,1982,152,1982,232,1993,200
5914,1981,200,1981,236,1989,175,1999,174,1999,242,2000,191
5915,1982,242,1989,227,1992,190
5916,1987,220,1989,206,1989,231,1989,240,1989,265,1995,192,1996,158,1996,272
5917,1984,191,1984,219,1984,235
5918,1986,224,1996,213
5919,1983,211
5920,1994,200
5921,1986,220,1987,212
5922,1993,208
5924,1986,241
5925,1988,251,1988,263,1989,172,1989,234,1993,237,1995,213,1999,206
5926,1982,211,1985,152,1985,266,2000,224
5927,1983,192,1987,235,1988,168,1988,215,1989,185,1992,193,1992,267,1992,273,1999,267
5928,1981,190,1981,260,1990,172,1990,231,1995,152,1996,170,1996,208,1999,239
5929,1994,179,1996,172,1996,174,1996,215,1996,240,1996,265,2000,243
5930,1983,180,1986,180,1986,272,1994,152,1994,198,1996,249,1999,184,1999,213
5931,1986,190,1986,215,1986,238,1986,250
5932,1986,163,1986,167,1986,175,1986,188,1986,217,1986,252,1986,255,1986,256,1986,273,1996,259
5933,1981,173,1981,247,1986,264,1990,257,1994,260
5934,1986,162,1986,200,1986,244,1986,254,1996,160,1996,231
5935,1981,170,1994,251,1996,272,1999,169,1999,213
5936,1981,239,1986,177,1986,249,1994,216
5937,1986,236,1986,248,1986,263
5938,1986,168,1986,225,1986,240,1993,226
5939,1981,247,1984,196,1993,241,1994,257
5940,1986,172
5943,1995,178,1995,272,2004,195
5944,1986,154,1986,238,1986,263,1995,187
5945,1996,198,1996,225,1996,233,1996,234,1996,244,1996,254
5946,1996,248
5947,1996,239
5953,1982,245
5954,1995,253,1995,265
5955,1992,206,1993,211,1994,230,1995,200,1996,200
5956,1989,244,1992,272,1995,266,1997,220
5957,1992,153,2004,241
5958,1994,247
5959,1988,217,1988,234,1988,241,1989,159,1994,225,1996,203
5961,1981,222,1987,226,1988,222,1989,223,1989,243,1990,248,1990,257,1993,224,1994,157,1994,185,1994,261
5962,1982,189,1982,196,1982,202,1985,154,1989,192,1989,236,1989,261
5963,1994,173,1994,192,1994,257
5964,2004,173,2004,236
5965,2004,152,2004,157,2004,188,2004,190,2004,193,2004,202,2004,204,2004,224,2004,230,2004,244,2004,253,2004,258
5966,2004,171,2004,201,2004,216
5968,2004,230,2004,256
5969,2004,245,2004,246,2004,259
5971,1999,153
5972,1981,156,1986,163,1986,238,1992,170,1992,191,1992,225,1993,164,1997,238
5973,1981,247,1986,172,1986,260,1997,218,1997,233,1998,261,2000,246
5974,1997,267,1999,232,1999,267
5975,1987,240,1999,184
5976,1986,215,1986,253,1989,159,1994,172,1994,176,1996,177
5977,1986,217,1986,243,1995,230,1996,237,1996,252
5978,1981,240,1989,272,1995,241,1999,230
5979,1981,271
5982,1996,168
5983,1981,179,1981,230,1985,188,1993,170,1993,268,1995,255,1999,205,2000,174
5984,1981,185,1981,252,1982,183,1996,163,1996,168,1996,200,1996,230,1996,231
5986,1992,227
5987,1983,245,1986,262,1992,222,1992,222,1992,247,1997,255,1997,259,1997,265,1998,269
5988,1990,210
5989,1985,202,1985,220,1985,252,1986,260
5990,1981,170,1981,188,1985,270,1991,215,1993,209
5991,1985,156,1985,241,1988,191,1991,178,1993,164,1993,176,1993,194,1993,242
5992,1981,186,1985,155,1985,246,1987,188,1993,185,1993,211,1993,258
5993,1986,168,1988,181,1996,196,1996,230
5994,1993,162,1993,169,1993,213,1993,220,1997,256
5995,1986,195,1996,195,1996,263
5996,1991,198,1993,203,1996,187
5998,1982,247,1986,179,1986,208
6000,1981,264
6001,1983,243
6002,1989,189,1989,224,1989,244,1996,249
6003,1989,156,1989,169,1989,207,1989,208
6004,1996,156,1996,177
6005,1983,242,1992,236,1996,153
6006,1985,171,1985,229,1988,266,1992,170,1993,153,1993,161,1993,251,1995,245
6007,1981,165,1981,173,1982,193,1988,204,1989,170,1989,217,1992,166,1993,227,1994,198,1999,221,1999,249
6008,1981,224,1984,219,1984,220,1993,251,1993,273,1995,260,1996,153
6009,1981,191,1985,237,1988,166,1988,191,1989,160,1989,243,1993,213,1993,253,1994,197,1999,178
6010,1981,173,1985,250,1986,273,1988,174,1989,257,1991,250,1998,164,1998,213,1999,230,1999,273,2001,211
6011,1981,270,1982,194,1986,156,1986,221,1988,192,1990,206,1993,259,1998,169,1999,192,1999,248,1999,250,1999,252
6012,1982,261,1987,273,1989,273,1990,208,1990,244,1994,207,1999,232
6013,1985,198,1990,153,1994,222
6014,1983,190
6015,1986,262,1996,153,1996,185,1996,195,1996,219,1996,229,1996,247,1996,272
6016,1983,264,1986,160,1994,170,1996,232,1996,261
6017,2000,164
6018,1986,180,1986,191,1986,199,1990,196,1990,250,1991,243,2000,182
6019,1982,225,1990,193,1994,189,1994,201
6020,1981,165,1986,154,1986,237,1986,240,1996,220,1996,234
6021,1981,218,1981,235,1986,153,1986,156,1986,242,1986,255,1994,190
6022,1986,192,1986,220,1989,153,1989,231,1994,171,1996,174
6023,1986,156,1986,264
6024,1981,242
6025,1981,162,1986,196,1986,251
6026,1986,180,1992,229
6027,1992,163
6028,1989,154,1989,172,1989,192
6029,1986,222,2000,202,2004,250
6030,1996,232,2004,220
6031,1999,201,1999,246
6032,1989,165,1989,198,1989,203,1989,214,1989,222,1989,264,2004,164,2004,218
6034,1989,249,2004,179
6035,2001,172,2001,248
6036,1996,176,1996,241
6040,1996,263
6042,1981,241,1981,253,1990,220,1994,158
6043,1997,225
6044,1986,249,1994,251
6045,1986,210,1996,161
6046,1981,157,1981,184
6047,1990,165
6048,1982,204,1989,230,1996,182,1996,212
6049,1986,152,1986,199,1996,197
6050,1996,202,1996,241,2004,181,2004,225
6052,2004,166,2004,249
6054,2004,228
6055,2004,157,2004,168,2004,188,2004,262
6057,1992,157,1997,224,1999,222
6058,1992,154,1992,197,1992,205,1992,219,1992,252,1992,253,1992,266,1992,272,1997,153,1997,170,1999,212
6059,1992,190,1992,196,1992,251,1997,190,1999,188
6060,1986,157,1992,216,1994,248,1999,175
6061,1989,200,1989,238,1994,157,1994,246,1996,222
6062,1982,153,1986,188,1986,212,1996,158,1996,207,1996,210
6063,1981,154,1982,153,1982,155,1982,210,1986,229
6064,1982,154,1982,207
6068,1993,228,1993,247,1996,153,1999,182
6069,1981,198,1991,175,1991,251,1992,238
6070,1996,267
6073,1983,227
6074,1981,269,1985,162,1990,241,1991,161,1991,261,1993,213
6075,1981,240,1983,244,1985,203,1985,221,1985,223,1986,180,1991,259,1991,261,1991,263,1993,210,1993,222
6076,1985,153,1985,252,1989,245,1991,208,1993,180,1993,194,1993,209,1993,218,1993,227,1993,243
6077,1982,172,1983,192,1985,184,1985,229,1985,266,1991,215,1993,235,1993,256,1995,265
6078,1981,232,1985,242,1988,164,1993,162,1993,224,1993,243,1993,258,1993,271
6079,1993,236,1995,184,2000,225
6080,1996,268
6081,1983,201,1997,167
6082,1982,249,1984,192,1986,245
6083,1982,190,1996,196
6084,1982,244
6085,1982,175,1982,240,1992,177,1996,202
6086,1996,182
6087,1996,209
6088,1995,253
6089,1996,156,1999,187,2000,231
6090,1984,182,1997,190,1997,196
6091,1982,207,1983,171,1993,163,1993,193,1993,272
6092,1988,226,1988,257,1988,262,1988,268,1988,269,1992,241,1992,254,1993,157,1993,168,1993,169,1993,203,1993,257
6093,1988,235,1993,153,1993,212,1993,231
6094,1981,152,1990,196,1993,211,1994,153,1996,216
6095,1986,230,1988,162,1988,207,1988,221,1989,163,1989,182,1990,166,1990,177,1990,254,1995,245,1999,267,2000,196
6096,1981,176,1985,169,1985,209,1986,259,1987,208,1989,179,1991,180,1991,255,1994,157,1994,172,1999,165,1999,168,1999,205
6097,1985,232,1992,255,1994,221,1995,232,1998,216,1999,172,1999,216,1999,243,1999,247,2001,202
6098,1986,229,1986,239,1986,248,1989,236,1989,272,1990,155,1990,163,1990,198,1990,231,1995,153,1995,264
6099,1990,193,2000,156
6100,1996,202
6101,1982,152,1996,167,1996,174
6102,1986,180,1986,180
6103,1986,173,1986,255
6104,1982,190,1982,197,1982,255,1986,221
6105,1981,241,1984,245,1987,192,1990,189
6106,1986,216,1987,209,1999,212
6107,1981,164,1981,167,1981,249,1986,163,1986,163,1986,175,1986,216,1996,249
6108,1986,159,1986,212,1986,243,1996,224,1996,233
6109,1994,224,1996,168,1996,175
6110,1982,168,1986,254,1989,256
6111,1996,181
6112,1989,173,1995,259
6113,1998,190,1999,181
6114,1986,163,1986,232,1989,155,1989,181,1989,197,1995,243
6115,1999,197
6116,1981,168,1981,188,1981,252,1989,196
6117,1997,250,1998,218,2004,213
6118,1989,182,1989,205,1989,233,1989,246,1989,267
6119,1997,165
6121,1998,215
6125,1992,176,1993,238,1994,261,1995,257,2000,254
6126,1984,160,2001,230
6127,1989,195,1989,261,1991,183,1992,257,2000,205,2001,203
6128,1986,180,1987,259,1992,183,1992,214,2000,273
6129,1986,262,1991,220,1994,212,2000,267
6131,1996,206
6132,1981,210,1981,210,1996,156
6133,1981,262
6134,1981,259,1981,271,1984,192,1988,258,1989,152,1989,189,1989,228,1990,207,1992,245
6135,1981,245,1983,259,1989,241,1989,247,1997,270
6136,1982,179,1989,238,1989,265,1992,158,1995,201,1995,211,1999,220,1999,236,2004,186
6137,1994,242,2004,161,2004,175,2004,221,2004,243
6138,2004,159,2004,245
6139,2004,256
6140,2004,213
6141,1993,152,2004,164,2004,211
6143,1981,186,1986,218,1986,226,1992,164,1992,238,1994,261,1997,208,1997,212,1997,262
6144,1992,171,1992,214,1992,220,1992,236,1999,230,1999,255
6145,1996,179
6146,1986,172,1986,217,1986,232,1992,227
6154,1989,181
6155,1983,203
6160,1981,229,1985,188,1985,189,1985,221
6161,1983,196,1983,243,1985,152,1985,154,1985,194,1985,199,1985,265,1987,213,1990,239
6162,1991,153,1991,175,1991,262,1993,250,1994,210
6163,1985,175,1985,261
6167,1984,181
6168,1989,257,1989,258,1989,259,1993,153,1996,160
6169,1989,166,1989,265,1996,181,1996,239
6173,1996,166,1996,199,2004,187
6174,1989,246,1996,195,1999,250,2004,196,2004,224,2004,249
6175,1981,187,1993,191
6176,1981,272
6177,1984,237,1994,273
6178,1982,155,1992,215,1997,245
6179,1987,227,1993,251,1994,152,1998,204,1999,213
6180,1981,241,1982,185,1985,220,1988,202,1991,179,1994,223,1994,254,1995,216,1995,266,1998,228,1999,210
6181,1985,246,1995,240,1999,176,2001,157
6182,1982,158,1996,220,1999,260
6183,1981,174
6184,1981,165,1982,186,1994,234,1995,261,1999,211,1999,222
6185,1990,197,1990,243,1995,167,1995,213
6187,1982,219
6188,1982,202
6189,1982,240,1982,248,1991,171,1991,207,1991,237,1991,239,1996,225
6190,1991,254,1996,263
6191,1984,261,1996,249
6192,1981,191,1986,198,1986,248,1986,271,1996,213
6193,1986,231,1986,237,1986,250,1986,253,1996,178
6194,1986,215,1986,232,1994,196,1996,250
6195,1986,192,1986,216,1986,228,1996,199
6197,1981,164,1982,246
6198,1989,236,1997,170,1997,228,2001,239
6199,1989,229,1992,174,1997,214
6200,1986,187
6201,1981,261,1994,184,1998,206,1998,230,1999,266
6202,1981,197,1986,181,1986,185,1992,184,1992,213,1998,183
6203,1989,176
6204,1986,174,1986,201
6207,2001,205
6209,1994,243
6210,1981,264
6212,1994,192,1994,273,1999,176
6213,1984,248,1986,159,1992,230,1994,169,1994,193,1994,221,1999,228,1999,230
6214,1992,214,1992,239,2000,272
6215,1998,183
6216,1994,237
6218,1986,191,1986,271,1996,213
6219,1988,236,1989,184,1989,221,1996,192
6220,1981,194,1987,229,1987,254,1989,163,1989,238,1995,254,1995,259
6221,1981,263,1988,154,1988,163,1988,179,1988,202,1988,230,1988,269,1988,273,1989,195,1999,175,1999,208
6222,1982,239,1988,154,1988,190
6223,1981,163,1982,176,1994,193,1994,215,1994,261,2000,201,2001,234
6224,1999,188,2004,188,2004,209
6225,2004,182,2004,211,2004,236
6228,1996,231
6229,1992,164,1992,215,1992,230,1992,256,1995,182,2000,217
6230,1992,173,1992,186,1992,243
6240,1989,222
6253,1989,191,1989,242,1989,242,1993,164
6254,1996,162
6256,1989,158,1996,174
6257,1993,198,1993,241
6258,1996,224
6259,1982,231
6260,1989,243,1993,173,1993,202,1999,232
6261,1992,164,1992,188,1999,237
6262,1989,249,1999,174
6264,1982,163,1985,197,1993,163,1993,200,1995,173,1996,187,1999,156
6265,1981,178,1981,212,1984,165,1985,251,1987,156,1998,247,1999,262,1999,272
6266,1988,181,1992,190,1992,262,1994,161
6267,1982,183,1985,157,1985,176,1985,208,1994,193,1998,169,1998,186,1998,251,1999,245
6268,1985,211,1993,157,1996,229,1999,178,1999,261
6269,1983,223,1996,263
6270,1986,200
6272,1996,197
6273,1984,188
6274,1991,202,1991,215
6275,1982,168,1982,196,1982,209,1982,219,1982,232,1982,238,1982,267,1982,272,1991,215
6276,1982,260,1991,162,1991,265
6277,1983,211,1989,241
6278,1981,246,1981,268,1986,193,1986,201,1992,252,1996,158
6279,1986,202,1986,244,1986,269
6281,1986,222,1986,269,1994,222,1994,224
6282,1981,203,1994,260,1996,239
6283,1990,159,1990,199,1995,205,1995,251,1996,258,1999,174
6284,1992,244,1996,201,1998,187,2001,248
6285,1981,250,1992,206,1998,226,1999,181,1999,253
6286,1992,199
6288,1999,231
6290,2000,273
6291,1982,169,1982,171,1992,260
6292,1992,182,1992,238,1998,158,2000,152
6296,1994,235
6297,1993,237
6298,1999,235,2000,271
6299,1992,165,1992,188
6300,1994,157,1994,165,1994,271,1998,231,1999,236
6301,1994,208,1994,240,1994,263,1994,269
6302,1986,155,1986,232,1986,241
6303,1996,205
6304,1986,220
6305,1986,207,1988,154,1988,209,1988,210,1989,154,1989,248,1989,249,1996,189,1999,236
6306,1987,190,1987,261,1987,269,1988,178,1988,190,1992,191,1999,251
6307,1996,246
6308,1985,169,1985,178
6309,1989,172
6311,1993,227
6322,1993,197
6326,1983,170,1999,269
6331,1996,155
6339,1981,266
6340,1981,194,1996,177,1996,193
6341,1996,167
6342,1996,255
6343,1996,192
6345,1991,222
6346,1992,166,1993,247,1994,258,1996,232,1999,254,1999,257
6347,1982,251
6349,1985,209
6350,1991,206,1993,244,1994,229,1994,233,1994,234,1999,205
6351,1981,245,1982,244,1985,251,1993,179,1999,270
6352,1982,220,1985,178,1985,256,1990,218,1992,268,1994,218,1994,221,1999,267
6353,1982,161,1982,165,1982,169,1985,201,1985,245,1985,272,1993,207,1998,187
6354,1982,226,1985,268,1989,255,1993,156,1993,224,1993,245,2001,162,2001,195
6355,1982,220,1982,257,1987,232,1996,194,2000,190
6356,1987,191
6358,1982,236,1982,238,1982,267
6359,1982,232
6360,1982,228
6361,1982,177,1982,208,1982,261,1993,224,1994,256,1996,235
6362,1981,268
6363,1996,159,1996,181,1996,258
6364,1981,191,1981,191,1986,153,1986,196,1986,218,1987,221,1992,215,1992,239,1992,258,1995,213,1996,241,1998,154
6365,1987,209,1994,227,1998,213,1999,188
6366,1994,218,1994,247,1994,255
6367,1985,196,1986,159,1986,207,1989,234,1994,153,1994,159
6368,1981,241,1985,204,1996,244,1997,172,1999,228,1999,273
6369,1993,218
6370,1989,180,1989,218,1989,245,1996,170,2001,226
6372,1981,164,1981,191,1981,260,1993,240,1995,156,1997,239
6373,1989,261
6374,1989,233
6375,1999,248,2001,172,2004,193,2004,204,2004,222
6378,1992,216,1994,259,1997,206,1998,210,2001,247
6379,1992,185,1992,234
6380,1986,236,2004,172
6381,1993,239,1994,166
6382,1986,153
6384,1981,172,1992,168,1992,209,1993,216,1994,205,1999,243
6385,1993,208,1993,233,1998,220
6386,1986,224,1992,222,1993,195,1994,176,1994,178,1994,180,1994,216,1994,222,1998,156,1998,197
6387,1986,211,2000,265
6388,1996,153
6390,1986,232
6391,1989,273,1995,235
6392,1996,189
6393,1996,192
6395,2001,255
6396,2004,193,2004,217
6397,2004,162
6405,2001,229
6408,2004,188
6410,1993,242
6411,1993,240,1993,244,1993,255,1993,264,2004,210
6422,1984,172
6426,1994,154
6427,1987,180,1997,194
6429,1993,251,1994,268
6430,1996,164
6431,1982,269,1985,171
6432,1989,179,1992,200,1992,238,1993,203,1993,214,1994,215,1998,227,1999,254
6433,1998,166,1999,172
6434,1984,204,1984,235
6435,1981,213
6436,1981,164,1982,166
6437,1982,180,1989,221,1992,195,1995,197
6438,1982,255,1990,233,1992,269,1995,264
6439,1982,231,1985,190,1992,158,1992,166,1992,224,1992,248,1993,186
6440,1982,174,1982,199,1982,229,1985,174,1985,205,1992,201,1993,210,1993,221,1993,257
6442,1982,179,1982,191
6443,1983,159,1983,171,1983,222,1983,245,1996,214
6444,1982,256
6445,1982,161,1982,235,1982,261,1984,162
6446,1981,160,1982,209,1996,163
6447,1999,181
6448,1986,156,1996,206
6449,1983,213,1983,264,1996,174,1996,232,1996,242
6450,1981,194,1981,219,1981,258,1986,196,1986,204,1992,161,1992,210,1992,246,1995,172,1995,208,1995,233,1995,243,1995,254,1996,161,1996,170,2000,252
6451,1981,165,1986,228,1986,232
6452,1981,247
6453,1986,159,1986,186,1986,252,1994,173
6454,1981,225,1987,160,1994,172,1994,205
6455,1989,211,1995,197
6456,1984,184,1989,174,1989,206,1989,231
6457,1986,172,1992,265,1996,193,1998,211
6458,1984,225,1985,195,1985,207,1991,176,1991,233,1992,185,1992,226,1994,260,1996,231,1998,242
6459,1981,172,1989,178,1989,178,1996,218
6460,1989,177,1989,221,1989,241,1989,244,1993,218
6461,1989,181,2004,192,2004,218
6462,1982,166
6463,1981,218,1989,175,1992,192,1992,249,2001,229
6464,2004,191
6465,1991,221,1992,159,1995,204,2001,258
6466,1992,208,1992,224,1992,238
6467,1992,179,1992,251,1995,211,1995,256,1999,175
6468,1989,185
6469,1989,177,1989,238
6471,1982,184,1984,155,1994,258,1998,208
6472,1993,153,1994,163,1994,202,1994,242,1994,244,1998,168,1998,195,1998,237,1998,262,2000,246
6473,1989,239,1997,170,1998,194,1999,171,2000,168
6475,1986,180,1996,196,1996,255
6476,1986,176,1986,228,1986,243,1986,264,1996,214,1996,216,1996,252
6477,1996,256
6478,1986,197,1986,208,1986,216,1986,234,1996,218
6481,1996,184
6491,1989,230,1996,179,1996,208,1996,224
6494,1993,198,1993,271,2004,221
6495,2004,201,2004,265
6496,1993,195,1993,209,1993,211,1997,246
6497,1993,255,2004,205
6498,1993,227
6504,1993,184
6505,2001,160
6509,1986,249
6512,1981,204,1986,236,1993,169,1994,264,1996,196
6513,1988,253,1993,154,1993,223,1993,246,1993,270,1994,209,1998,170,1998,233
6514,1988,216,1993,165,1993,184
6515,1984,152,1984,178,1993,216,1997,248,1998,153,1998,265
6516,1989,218,1993,252,1994,234,2000,182,2001,163
6517,1984,251,1993,184,1994,192,1994,219,1994,258,2001,225
6518,1988,167,1993,186,1993,244,1999,210
6520,1982,204,1983,272,1986,251
6521,1996,162
6522,1982,261
6523,1982,241,1982,256,1985,154,1991,207,1999,177,1999,223,1999,260
6524,1989,170,1992,191,1993,205,1993,272,2000,202,2000,230
6525,1982,258,1990,197,1990,241,1990,268,1993,244,1995,247,1999,269,2000,244
6526,1982,174,1982,202,1982,211,1985,265,1992,255
6527,1996,157
6528,1985,257
6529,1990,174,1993,188,1994,223
6530,1982,214,1982,249,1983,226,1986,162,1986,212,1996,181
6531,1982,234
6532,1996,196,1996,249
6533,1983,182
6534,1989,201,1996,227,1996,265
6535,1996,155,1996,269
6536,1981,164,1981,182,1981,189,1981,217,1981,244,1986,196,1991,231,1995,175,1995,216,1995,258,1998,206
6537,1986,158,1986,184,1986,224,1986,253,1989,249,1996,181,1999,259
6538,1994,237,1994,267
6539,1986,225,1994,155,1994,164
6540,1989,154,1993,184,1994,216,1994,222,1996,192
6542,1986,240,1994,194,1996,213,1997,254,1998,242,1999,154
6543,1985,170,1985,200,1995,176,1995,242,1998,205
6544,1985,204,1994,157,1994,180,1995,157,1995,205
6546,1984,261,1987,154,1996,174,2000,244
6547,1982,263,1982,264,1989,224,2001,249,2001,269
6548,1982,233,1982,239,2001,179,2001,198
6550,1999,255
6551,1992,172,1992,181,1992,266,1995,169,1998,189,1998,206
6552,1981,207,1989,235,1992,191
6553,1982,180
6554,1992,193,1993,272,1995,179,1997,189,2004,198
6555,1986,185,1986,240,1989,220,1995,162,1995,262,1996,172
6557,1982,153
6558,1982,222,1994,179,1994,271,1998,196
6559,1994,170
6560,1996,248
6561,1986,235,1986,259,1996,243,1996,259
6562,1986,196,1996,182,1996,185
6564,1996,158,1996,166,1996,169,1996,208,1996,232,1996,246,1996,249,1996,262,1996,271
6566,1996,213
6567,1996,165,1996,169,1996,231,1996,242,1996,249
6570,1982,159,1982,175,1982,241
6571,1982,154,1982,256
6573,2004,165,2004,239,2004,243
6576,1996,250
6577,1996,208
6579,2004,175,2004,243
6580,1993,171,1993,174
6581,1993,203,1993,209,1993,265
6582,1993,184,1993,207,1993,229,1993,260
6583,1993,164,1993,235
6584,1993,203,1993,228,1993,231,1993,253,1993,263,1993,265,2004,199
6587,1989,197
6593,1996,177
6594,1984,154,1986,176,1987,169
6595,1985,152
6597,1996,178,1996,180,1996,227
6598,1981,271,1982,263,1993,186,1993,218,1998,253,1999,161
6599,1988,162,1993,173,1993,182,1993,190,1993,201,1993,212,1993,224,1993,231,1993,237,1993,238,1993,252,1994,192,2000,260,2001,170
6600,1988,231,1989,186,1989,255,1993,174,1993,201,1993,210,1993,221,1993,228,1993,228,1993,242,1993,248,1993,261,1994,184,1998,224,2000,186
6601,1988,152,1988,181,1992,200,1993,161,1993,195,1993,216,1993,219,1993,233,1993,242,1993,256,1999,171,1999,225,1999,248,1999,265
6602,1982,206,1985,255,1993,172,1993,176,1993,190,1993,221,1993,252,1993,255,1993,271,1994,209,1994,264,1999,188,2000,163,2000,228
6603,1993,204,1993,209,1993,272,1999,177,1999,186
6604,1996,252,1996,268
6605,1986,201,1993,222,1993,226
6606,1981,242,1983,198,1989,253,1996,182,1996,183
6607,1983,220,1996,156,1996,208
6608,1982,154,1989,220,1989,256
6609,1996,255,1998,273,1999,170,1999,221,1999,228,2000,236,2000,259,2001,196
6610,1994,248,1994,259,1998,195,2000,203,2000,236,2001,251
6611,1982,245,1993,168,1993,186,1994,160
6612,1985,158,1985,182,1985,218,1985,224,1985,263,1985,267,1994,212
6613,1983,172,1985,248,1985,251,1985,258,1994,155,1996,214
6614,1983,162,1983,171,1983,176,1985,192,1994,182,1994,202,1994,230,1994,271,1997,234
6615,1996,273
6616,1983,170,1986,216,1994,254
6618,1983,187,1996,191
6619,1996,163,1996,183,1996,262
6620,1989,156,1989,173,1989,174,1996,199,1996,250
6622,1981,180,1986,184,1996,190
6623,1981,193,1981,222,1981,243,1986,215,1986,270
6624,1984,226,1995,166,1998,272
6625,1992,238,1995,230,2001,236
6626,1989,250
6627,1986,218,1989,187,1989,240,1992,259
6628,1984,221,1986,154,1986,242,1996,209
6630,1996,162,1996,213
6631,1986,244,1989,172,1996,183,1996,201
6633,1982,203,1982,213,1982,220,1982,244,2001,173,2001,188
6634,1982,238
6637,1994,212,2000,264,2004,177
6638,1992,203,2004,168,2004,233
6639,1998,161
6640,1989,166,1992,236,1994,155,1994,179,1994,254,1995,194
6641,1992,163,1992,179,1999,205
6642,1981,191,1989,268,1992,152,1992,173,1992,258
6643,1991,195,1998,180,2001,226
6644,1996,208,1998,264,2004,185
6645,1986,164,1998,181,1998,202
6646,1986,153,1986,217
6647,1986,180,1986,190,1986,193,1986,203,1996,259,1996,270
6648,1986,204,1986,227,1996,205
6650,1996,153,1996,161,1996,191,1996,232,1996,247
6651,1996,269
6652,1996,160,1996,271
6653,1996,218
6656,1982,238,1982,247,1994,174
6657,1982,156,1982,175,1982,234
6659,2004,234
6660,1996,222
6662,1994,264
6663,1996,190
6665,1993,220,1993,222,2004,166,2004,268
6667,1993,222,1993,246,1993,262
6668,1993,156,1993,180,1993,198,1993,212,1993,218,1993,249
6670,1993,215,1993,240,2004,213,2004,256
6671,1993,220
6680,1994,154,1994,168,1994,223,2000,187
6681,1990,242,1994,254,1994,255,1996,258
6683,1996,178,1996,190,1996,227,1996,231,1996,238
6684,1981,180,1996,193,1996,223,2000,246
6685,1993,234,1994,224,1996,227,1996,230
6686,1981,258,1983,271,1984,179,1988,171,1993,204,1993,223,1993,258,1994,177,1994,231,1998,266,2000,196
6687,1993,190,1993,201,1993,201,1993,214,1993,215,1993,226,1993,226,1993,226,1993,263,1994,192,1994,211,1994,270,1999,170
6688,1981,270,1993,181,1993,205,1993,230,1993,237,1993,244,1993,258,1993,266,1994,224,1994,252,1998,217,1999,256,2000,217,2000,233
6689,1981,168,1981,220,1993,172,1993,181,1993,214,1993,249,2001,153
6690,1994,169
6691,1989,218,1996,158
6692,1983,235,1994,220,1994,242
6693,1996,231
6694,1994,231,1996,239
6695,1985,167,1995,240,1998,247,1999,158
6696,1983,243,1992,204,1994,220,1999,171,1999,225,1999,244,2000,154,2000,163,2000,195
6697,1994,240,1996,204,1996,263,2000,158,2000,190,2000,224,2000,230,2000,240,2000,243,2000,254,2001,258
6698,1983,229,1985,213,1995,165,1999,236,2000,167,2000,200,2000,264,2000,270
6699,1983,210,1985,174,1985,198,1985,272,1994,253,1997,175,1997,229
6700,1983,181,1985,176,1985,210,1985,245,1990,166,1992,154,1992,165,1994,202,1997,177,1997,199
6701,1989,212,1989,231,1989,247,1994,189,1994,242,1999,251
6702,1994,162
6705,1996,174
6706,1996,184
6707,1996,242
6708,1986,249,1996,204,1996,217,1996,238
6709,1981,221,1986,169,1996,167,1999,241,2000,264
6710,1984,176,1989,224
6711,1981,217,1986,161,1989,202,1989,231,1993,175,1995,180,1995,248,1998,229,2000,221
6712,1981,188,1981,246,1989,266,1997,223
6715,1992,162,1994,244,1998,270,2004,173,2004,204,2004,243
6716,1992,264,1996,214,1996,223
6717,1996,189,1996,236,1996,239
6718,1995,215,2001,261
6719,1982,153,1992,178,2001,191
6723,1986,221,1986,222,1992,152
6724,1986,160,1986,253
6726,1981,160,1985,257,1993,201,1994,154,1994,199,1994,217,1999,251
6727,1981,232,1989,176,1989,252,1994,223,1999,231
6728,1991,155,1992,162,1992,234,1999,225
6729,1982,177,1992,177
6730,2004,152,2004,156,2004,244
6735,1996,207,1996,243
6736,1996,174,1996,175,1996,239,1996,268
6737,1996,189
6738,1996,164,1996,223
6740,1989,185,1996,248
6751,1983,173
6752,2004,171
6753,1993,170,1993,170,1993,171,1993,196,1993,199,1993,203,1993,228,1993,235,1997,182,1997,201,1997,212,1997,258
6754,1993,158,1993,199,1997,185
6755,1993,261
6756,1993,232
6757,2004,202
6764,1989,160
6765,1994,179,1994,183
6766,1981,160,1981,231,1981,270,1994,234,1994,247,1994,248,1996,205
6767,1997,237,2000,153,2000,173,2000,212
6769,1983,173,1983,232
6770,1983,207
6772,1983,271,1986,192,1993,160,1994,262,1996,170,1996,174,1996,181,1996,268,2000,191
6773,1982,191,1983,248,1984,185,1985,228,1989,158,1993,244,1994,261,1994,272
6774,1982,152,1989,179,1993,170,1993,175,1993,175,1993,201,1994,154,1994,184,1998,222,1999,264,2001,168
6775,1989,161,1989,217,1994,200
6776,1983,166,1985,204,1994,180
6777,1984,197
6778,1981,177
6779,1989,174,1989,210,1989,252,1994,186,1994,223,2000,176,2000,196,2000,211
6780,1992,234,1999,161,1999,186,1999,211,2001,216
6781,1989,194,1992,166,1992,236,1993,207,1994,171,1994,196,1995,215,1997,249,2000,155
6782,1990,164,1992,182,1992,187,1992,239,1992,254,1993,241,1994,201,1994,218,1997,194,1997,244,1999,163
6783,1985,263,1990,263,1994,211,1994,252,2000,181,2000,233,2000,244,2000,250,2000,264,2001,152
6784,1982,211,1993,160,1993,179,1993,227,1998,208,1998,235,1998,259,2000,187
6785,1981,174,1983,178,1992,152,1992,217,1993,164,1996,171,1998,239,1999,202,1999,211,2000,218,2001,224
6786,1981,197,1983,220,1983,227,1984,234,1990,227,1993,187,1994,213,1999,177
6787,1981,163,1985,265,1993,221,1994,190,1994,223,1999,171,1999,247,1999,264
6788,1982,198,1983,194,1996,209
6789,1994,153
6790,1986,227
6791,1982,217
6792,1994,232
6793,1996,207
6794,1981,169,1981,219,1986,155,1986,183,1994,244,1996,190
6795,1993,259,1996,192,1999,157,1999,196
6796,1989,162,1989,225
6797,1981,180
6798,1981,247,1989,240,1991,234,1995,154,1999,193
6800,1989,152,1999,173
6801,1989,157,2004,182,2004,196,2004,197,2004,209,2004,263
6802,2000,153,2004,216
6803,1996,174,1996,243
6804,1992,159,1992,176,2001,157
6808,2001,273,2004,208
6811,1985,235,1994,157,1995,177
6812,1981,209,1985,242,1992,232,1995,222,1996,270
6814,1992,173,1995,197,1997,155
6816,1986,269,2004,237
6818,1996,193,1996,194,1996,237,1996,264
6819,1996,155,1996,157,1996,173,1996,176,1996,246,1996,249
6820,1996,164,1996,166,1996,174,1996,182,1996,199,1996,200,1996,215,1996,239,1996,242,1996,262,1996,264
6821,1996,166,1996,182,1996,199,1996,218,1996,260
6822,1996,226
6823,1996,202,1996,211,1996,222,1996,248
6837,2004,166
6838,2004,215
6839,1997,157,1997,158,1997,185,1997,211,1997,219,1997,230,1997,235,1997,258,1997,262,1997,263
6840,1997,227,2004,165
6850,1981,196,1994,182
6851,1994,170
6853,1997,199
6854,1985,190,1985,200,1993,194,1996,233
6855,1983,239,1983,263,1985,158,1985,168,1985,264,1987,166,1995,195,2000,246
6856,1982,215,1992,211,1992,248,1993,234,1993,263,1993,266
6857,1996,242
6859,1982,265,1985,269,1993,229,1996,208,1998,191
6860,1981,190,1981,206,1981,256,1981,272,1994,222,1998,234,2000,159,2000,260,2000,269
6862,1983,221,1993,204
6863,1982,154,1982,219,1992,225,1996,209
6864,1989,252,2000,227,2001,205
6865,1981,214,1981,252,2000,156,2000,166,2001,173,2001,266
6866,1989,239,1992,230,1997,173,1997,212,1997,213,1997,260,2000,226,2001,178
6867,1989,257,1989,264,1992,152
6868,1990,218,1990,225,1990,270,1997,228,1997,247,1997,256,1997,270,2000,219,2001,226
6869,1983,188,1988,204,1990,196,1990,271,1993,154,1993,218,1995,248,1999,163,1999,189,2001,203
6870,1985,243,1987,189,1989,255,1990,263,1993,159,1993,204,1993,251,1998,198
6871,1985,181,1987,189,1993,153,1994,227,1996,227,1998,165,1999,225,2001,161,2001,198,2001,251
6872,1981,215,1983,198,1985,264,1988,264,1998,239,1999,231,2000,262
6873,1983,192,1983,231,1983,269,1993,201,1994,213,1999,162
6874,1981,158,1982,209,1985,164,1985,175,1985,188,1985,197,1985,248,1985,270,1993,252
6875,1982,267,1983,181,1983,213,1983,244,1985,202,1996,246
6876,1983,179,1993,234,1996,245,1998,207
6877,1982,257,1988,177,1988,197,1993,201,1995,161,1995,240
6878,1988,154,1988,180,1988,195,1988,207,1988,227
6879,1983,184,1988,188,1988,273,1994,178,1994,234,1997,198,1997,219,1997,258
6881,1989,202
6882,1984,192,1994,241
6884,1991,152,1994,165
6886,1996,188,1996,209
6887,2004,247
6888,1996,174,1996,225
6889,1988,229,1992,158,1992,214
6890,2000,259
6891,1986,262
6892,2004,160
6893,1999,215
6895,1982,152,2004,152
6896,2004,152,2004,235
6898,1992,224,1996,263,1997,199
6899,1997,209
6900,1985,234
6901,2004,167
6903,1986,180,1986,211
6905,1996,155,1996,169,1996,169,1996,187,1996,216,1996,236,1996,237
6906,1996,205,1996,242,1996,246,1996,260,1999,237
6908,1989,219,1996,224
6909,1993,176
6911,1999,251
6915,2001,258
6916,2004,272,2004,272
6924,2004,208,2004,231
6934,1986,238,1986,255,1986,263,1988,251
6935,1983,191,1988,258
6937,1981,163,1989,179,1989,254,1996,238
6941,1999,199,2004,230
6944,1984,271
6945,1994,207,1996,158,1996,208
6946,1982,157,1996,201,1996,264
6947,1994,189,1996,250
6948,1996,184
6949,1992,268,1996,173,1996,211,2001,260
6950,1981,152,1989,157,1989,173,1989,251,1989,253
6951,1985,224
6954,1995,262
6955,1981,165,1981,272,1983,236,1983,257,1986,225,1988,160,1989,187,1992,162,1993,175,1995,195,1999,216
6956,1997,161,1999,193
6957,1987,206,1988,208,1992,184,1993,240,1993,260
6958,1981,254,1986,214,1997,247,1999,264,2000,218
6959,1982,203,1983,196,1990,216,1994,178,1996,251
6960,1981,211,1983,153,1984,254,1985,155,1985,180,1985,201,1985,273,1993,197,1995,219,1995,272
6961,1993,152,1996,272,1998,253
6962,1983,206,1984,259,1985,179,1987,200,1993,189,1995,191,1995,223
6963,1988,179,1988,224
6964,1981,211,1983,238,1988,155,1988,231,1988,245,1988,261,1988,266,1989,271,1994,207
6965,1983,270,1985,160,1985,235,1985,244,1988,162,1989,193,1994,224,1997,247
6966,1989,161,1989,198,1989,261,1992,209,1994,245
6967,1996,193
6968,2004,259
6969,1986,245,1991,174,2004,186
6971,2001,208
6972,1996,259
6973,1996,242,1996,266,1996,268
6975,1997,211
6976,1989,189,1989,229,1999,152,1999,268
6977,1998,173,2004,161
6978,1989,249,2001,190,2004,217
6979,1999,205,2004,239
6980,1996,228,2004,159
6981,1982,238,2004,223,2004,229
6982,2004,174,2004,179,2004,181,2004,196,2004,199,2004,215,2004,215,2004,231,2004,247,2004,254,2004,256
6983,1996,232,2004,153,2004,180
6984,1986,194,1986,250,1996,155,1996,163,1996,171,1996,175,1996,254
6985,1996,158
6986,1982,186
6987,1992,266,2001,214
6990,1984,239,1986,175,1996,169,2000,210,2000,236
6991,1981,198,1981,265,1992,263,1997,171,1999,186,2001,182
6992,1984,216,1984,270,1993,186,1994,260,1999,259
6997,1989,153,2004,250
7016,1989,226
7021,1989,211
7022,1985,243,1987,185,1987,188,1987,265,1997,220
7024,1989,198
7025,1986,238
7026,2004,272
7027,2004,167
7028,1989,226
7031,2004,236
7032,1982,213
7033,1993,169
7034,1981,242,1989,165,1993,172,1996,174
7035,1989,235,1989,240,1992,154,1992,234,1993,251,1995,188,2000,153,2001,182
7036,1985,162,1985,200
7037,1985,203,1985,217,1996,256,1996,262
7041,1993,173,1993,183,1993,209,1993,222,1997,182,2000,227,2000,231
7042,1983,209,1985,208,1985,261,1987,196,1989,268,1993,218,1997,173,1997,256,1999,254,2001,192
7043,1982,177,1985,216,1989,161,1989,184,1993,234,1997,226,1997,259,1997,266,2000,183,2000,214,2001,263
7044,1992,161,1994,236,1999,160,1999,166,1999,208,1999,242,2000,224,2000,263,2001,237
7045,1983,172,1983,188,1983,190,1983,255,1985,198,1985,235,1986,175,1989,181
7046,1981,206,1981,269,1982,163,1985,172,1992,179,1993,255
7047,1982,272,1983,153,1983,232,1983,242,1985,243,1992,267
7048,1983,199,1985,198,1991,255
7050,1981,222,1983,155,1985,211,1985,211,1994,195
7051,1982,163,1982,201,1982,223,1982,230,1985,239,1997,244
7052,1981,269,1982,199,1984,250,1989,153,1989,186,1992,204,1993,247,2000,225
7053,1983,171
7055,2004,202
7056,1989,185,1989,248,1989,266,1999,249
7058,1996,179,1996,185,1996,250
7059,1996,213
7060,1997,192,1997,239
7062,1989,170,1989,221
7063,1989,237,1989,241,1996,209,1996,240,1997,246
7064,1992,211,1996,190
7065,2004,156,2004,251
7066,1986,226,1986,241,1986,273
7067,2004,233,2004,250
7068,2004,160,2004,215,2004,224,2004,236,2004,240,2004,245,2004,249,2004,252,2004,254,2004,257,2004,262
7069,1996,160,1996,163,1996,171,2004,156
7070,1996,179,1996,203,1996,215,1996,227,1996,235,1996,246,1996,265,1996,267,1996,270,1996,272,1999,179
7072,2001,204,2001,228,2001,272
7073,1997,196,1999,156,2001,153,2001,174,2001,257
7074,1996,247
7075,1996,174,1996,185,1996,198,1996,226,1996,234
7076,1986,163,1986,249,1993,195,1994,154
7077,1992,162,1992,211,1992,244,1992,249,1992,264,1994,155,1995,225,2000,224,2001,177
7078,1981,224
7079,1986,273
7083,2004,174,2004,190,2004,198
7090,1981,205,1999,226
7091,1981,198
7099,1996,184
7100,1996,190
7101,1996,180
7102,1996,222
7107,1981,160,1989,170,1989,244,1989,245,1994,204
7108,1989,251
7110,1987,221,1989,219,1997,196
7111,2004,188
7117,1983,250
7119,1984,211,1989,173,1990,175,1992,246,1993,154,1993,159,1993,266,1997,201
7120,1989,166,1991,200,1991,236,1995,200
7122,1981,160
7127,1981,228,1993,181,1993,249,1993,266
7128,1982,225,1988,227,1988,231,1988,262,1993,192,1993,271,1999,192,1999,258
7129,1981,189,1988,237,1993,152,1994,268,1995,166,1995,248,1996,211,1996,268
7130,1982,222,1993,177,1994,227,1994,257,1996,229,1999,266
7131,1981,181,1981,232,1987,190
7132,1985,199,1988,169,1992,244,1996,199
7134,1986,220
7135,1983,188,1985,214,1987,179,1988,197
7136,1983,172,1983,244,1992,190,1993,181,1993,189,1993,237,1995,208,1995,262,2000,160,2000,168,2000,184,2000,248,2001,242,2001,273
7137,1981,191,1981,214,1982,230,1987,260,1993,190,2000,158,2000,164,2000,172,2000,176,2000,242,2000,264,2000,273,2001,270
7138,1986,255,1991,272,1993,166,1997,188
7140,1996,169
7141,1989,201,1992,249,2000,153,2001,222
7142,1996,190
7143,1996,157,1996,197
7144,1996,237,1996,247
7145,1999,204
7148,1981,184
7149,1984,162
7151,1985,162
7152,1985,228
7153,1989,185,1989,188
7154,1989,180,1989,272,1996,263
7155,1996,219,1996,226,1996,234
7156,1983,210,1996,175,1996,194,1996,197,1996,211
7157,1982,162
7158,1989,222,1998,232,2001,227
7159,1999,205,2001,154,2001,269
7160,1986,239,1996,162,1996,251
7161,1996,232
7162,1981,160,1992,221,1992,248,1993,243,1994,250,2000,253
7164,1992,204,1997,210,1999,152,2000,239,2001,262
7165,1990,253,1992,160,1992,203,1997,168,1997,218,2001,254
7166,1989,172,1989,260
7176,1993,203,1993,218,1993,218,1999,167,1999,213
7177,1994,165
7185,1996,240
7188,1996,212
7191,1986,265
7193,1986,157,1986,272,2000,184,2000,261
7194,1989,175,1994,197
7195,1981,269,1989,172
7196,2004,154,2004,162,2004,167,2004,265
7200,2004,179,2004,215
7202,1993,212,2004,250
7205,1981,261,1989,245,1989,251
7212,1996,262
7213,1992,163,1993,156
7214,1981,197,1981,265,1982,190,1982,246,1983,230,1986,205,1988,180,1989,231,1993,171,1993,198,1993,210,2000,171
7215,1996,265
7216,1983,189
7218,1982,204,1996,193
7221,1981,184,1989,195,1989,232,1993,257
7222,1983,169,1983,270,1984,170,1989,188,1990,215,1993,156,1993,165,1995,176,2000,156,2000,192
7223,1982,172,1989,162,1989,212,1990,256,1992,219,1997,216,2000,183,2001,173,2001,178,2001,178,2001,200,2001,201
7224,1989,158,1989,169,1989,245,1992,159,1992,270,1999,182,2001,172,2001,223
7225,1989,219,2004,177
7226,1986,189
7227,1992,260
7229,1984,156,1986,266,1997,168
7230,1986,157,1999,208
7231,1982,266,2000,168,2004,235
7232,1984,174,1984,193,1989,152,1989,210,1989,268,1993,209,2004,259,2004,264
7234,1982,232,1982,257
7236,1989,165,1989,185,1989,212,1989,232,1999,161,1999,270
7237,1989,169,1995,272
7238,1993,170
7239,1989,209
7240,1998,232
7241,1996,164,1996,192,1996,195,1996,204,1996,212,1996,219,1996,220,1996,242,1996,242,1996,246
7242,1996,170,1996,202,1996,271
7243,1998,173,2001,172,2001,185,2001,213,2004,153
7244,1986,269,1998,176,1998,218,2001,155,2001,181,2001,194,2001,203,2004,211
7245,1984,158,1984,260,1996,171,1996,202
7246,1996,153,1996,188,1996,190,1996,201,1996,245
7247,1996,220,1996,240,1996,263
7248,1986,237,1994,265,1997,234
7249,1998,179
7251,1995,186,1999,222,2000,164
7252,1989,166,1989,222,1989,269
7255,1996,154,1996,214
7257,1996,154
7259,1992,267,2000,261
7260,1986,242
7262,1981,216,1982,176,1982,243,1982,250,1982,255,1993,178,1993,201,1999,172
7263,1981,260,1983,175,1985,161,1993,250,1994,228,1994,258,1998,167
7264,1985,188,1990,200,1994,196,1994,247
7275,1987,227,1996,238
7278,1981,216,1981,218,1994,187,1994,187,1996,204
7279,1983,240,1985,265,1993,202,1993,238,1996,241,1997,262,2000,183
7280,1993,203,1994,259,1996,185,2000,166
7281,2004,208,2004,226
7282,2004,208,2004,225
7286,2004,205
7287,1982,222
7289,1983,188,1994,252,1997,199
7290,1996,223
7291,1985,228,1993,168,1993,254,1993,260
7298,1996,160,1996,182,1996,207
7299,1996,223,1996,223
7302,1989,160,1989,272,1994,168,1994,187
7303,1996,166,1996,217
7304,1996,249
7308,1985,257,1989,227,1989,247,1991,225,1993,214,1998,189,1998,219,1998,237,2000,196,2000,265,2001,176
7309,1988,272,1989,242,1989,255,1993,177,1993,192,1998,188,2001,178
7310,1983,177,1992,258,1997,171,2000,191
7311,1995,186
7312,1999,263
7314,1995,234,1996,220
7315,2001,227
7316,1981,163
7317,1989,193,1989,243
7318,1989,254,2001,227,2004,180
7319,1989,210
7321,1986,253,1995,217
7322,1989,264
7323,1986,228,1989,167,1989,187,1995,179,1995,248,2001,230,2004,240
7324,1996,169
7326,1989,159,1997,267
7327,1996,191,1998,203
7328,1996,181
7329,2001,243
7330,1996,166,1998,167,1998,191,1999,182
7331,1996,209,1996,245,1996,245
7332,1996,166,1996,167,1996,192,1996,214,1996,223,1996,226,1996,227,1996,255,1996,265
7333,1996,159
7334,1996,173
7335,1981,188,1989,258,1996,267,1998,165,1998,173,1999,200
7336,2004,243
7337,1989,183,1989,202,1989,223,1989,243
7342,1989,222,1996,170
7345,1992,160,1992,181,1992,258,1992,271,1999,261,2001,187,2001,226
7347,1993,198,1994,215
7348,1982,157,1982,169,1982,199,1993,204,1998,211
7349,1981,262,1986,187,1996,188,1996,225,2000,272
7361,1987,155,1996,222
7362,1996,154,1996,187,1996,254
7365,1998,202,2000,219
7366,1981,258,1983,168,1983,256,1985,189,1985,251,1994,203,1994,268,1999,170,1999,185,2000,209
7367,2004,247
7368,2004,190,2004,264
7369,2004,180,2004,199
7371,2004,263
7373,1993,267,1995,213
7375,1993,265
7376,1993,178
7377,1987,198,1993,220
7383,1996,247
7385,1994,176,2001,234
7386,1998,177
7388,1983,229
7394,1984,182,1984,183,1984,203,1985,171,1997,157,1997,257,1999,232,2001,214
7395,1984,204
7396,1981,263,1981,270,1986,180,1989,204,1989,231,1989,267,1994,219
7397,1986,269,2004,188
7398,1986,163,1992,160,1993,178,1997,256
7399,1992,254
7401,1995,171,1995,194,1999,199
7403,1992,268,1996,234
7406,1996,233,1996,249
7407,1989,257
7408,1989,191,1989,197,1989,214,1989,230,1989,244,1989,268
7411,1992,165,2001,223,2001,252
7412,1992,156
7413,1996,208,1998,246
7415,1992,154,2001,168
7416,1989,169
7421,1989,199,2001,166
7422,2004,211,2004,236
7423,2004,252
7428,1989,263
7430,1992,225
7431,1992,180,1992,235,1992,245,1997,242
7432,1986,242,1992,199,1992,272
7433,1992,227
7434,1988,232,1992,163,1992,179,1993,175
7435,1981,217,1982,204,1986,196,1986,217,1996,212
7436,1996,244
7447,1994,252,1997,154,1997,166,1997,210,1998,172
7448,1986,153
7452,1981,183,1982,212,1993,201,1998,272
7455,2004,230
7456,2004,225,2004,267
7457,1983,251,1988,214,1989,158,1992,176,1993,156,1993,237,1996,191,2000,173
7458,1983,256,1985,179,1988,200,1988,208,1988,220,1988,229,1993,194,1995,163,1995,196
7459,1982,156,1985,245,1988,158,1988,208,1988,227,1992,255,1993,163,1993,236,1993,248,1995,200,2001,192,2001,212
7460,1990,232,1994,165,1997,197,1997,225,1997,235,1997,248
7462,1990,164,2000,258
7463,1993,182
7469,1996,236
7470,1994,168
7471,1982,157,2001,260
7472,1993,155,1996,169
7473,1982,175,1984,207,1996,167
7474,1984,162,1996,162,1996,200,1997,171
7475,1982,206,1989,249,1989,264,1993,237,1993,257,1994,229,1999,180
7476,1982,229,1982,261,1984,201,1993,240,1997,259,1999,236
7477,1982,218,1994,169,1994,206,1994,263,1996,200
7478,1981,248,1985,199,1985,203,1985,254,1985,264,1985,270,1993,273,1994,177,1994,224,1994,234,1996,205,1996,217,1997,194
7479,1981,247
7480,1985,263
7482,1996,188,1996,234,1996,271
7483,1986,234
7484,1981,179,1989,247
7486,1981,254,1989,230
7487,1995,238,1999,223
7488,1992,154,1992,175,1992,178,1992,257
7489,1997,152,1997,171,1997,259,2004,164
7490,1999,190,1999,217,1999,243,2004,272
7492,1996,233
7493,1989,237,1989,240
7498,1992,197
7499,1996,225
7500,1989,222,1996,170
7501,1986,194,1996,154
7502,1994,203
7505,1982,249
7507,1989,158,1989,257
7508,1989,214,1989,271
7514,1989,162,1989,203,1989,273
7516,1989,272,1992,229
7517,1982,233,2001,162
7518,1996,176
7519,1985,220,1993,156,1994,166
7520,1992,165,1997,153,1997,251
7521,1993,198,1996,173,1997,155
7524,1997,214,1997,246
7525,1997,214
7531,1996,173
7532,1982,168,1986,267,1996,165,1996,270
7533,1986,214,1986,246,1989,183,1997,152,1997,186,1997,245,2000,175,2000,208
7534,1998,259,1998,266
7538,2004,217
7543,1982,256,1983,268,1989,155
7544,1993,168
7545,1985,271,1987,260,1993,163,1995,231,1995,269
7546,1993,192,1997,161,1997,214,1997,222,2001,163,2001,231
7547,1990,189,1990,233,1998,190
7548,1983,183,1990,202,1993,166
7549,1993,227
7560,1982,264,1983,273,1992,236,1999,268
7561,1981,225,1984,190,1988,170,1989,208,1992,165,1994,185,1994,211,1994,250
7562,1981,244,1994,241
7563,1982,161,1982,187,1984,167,1984,200,1995,163,1996,192,1996,225
7564,1982,238,1985,160,1985,202,1985,239,1985,254,1985,255,1985,257,1991,183,1991,219,1991,248,1993,233
7566,1983,196,2004,204
7567,1983,182,1999,169
7569,1989,166,1989,172,1989,174,1989,194,1996,234,1999,257,2004,253
7570,2004,256
7571,1989,155
7572,1989,164,1989,202,1992,238,1993,184,1993,230
7573,1999,260
7574,2004,242
7576,1999,176,1999,178
7577,1999,217,1999,247
7578,1994,222,1994,263
7580,2001,207
7584,1996,240,1996,251,1996,254
7585,1986,205,1989,230
7586,1996,204,1996,216,1996,273
7587,1996,227
7588,1982,210,1982,235
7589,1997,249,1999,244,1999,248,1999,249,2004,240
7590,1983,159,1999,260
7591,1982,205,1997,273
7592,1989,262,1993,230,1997,257,1998,197,1999,234
7593,1989,164,1989,168,1989,175,2004,193,2004,224
7594,1989,194,1996,229
7598,1989,242,1989,250,1989,262
7601,1984,245,1989,225,1989,236
7604,1982,192,2000,155
7605,1981,154,1991,230,1991,272,1997,179,1997,207,1998,269,2000,176
7606,1992,175,1996,218
7608,2001,210
7609,1996,229
7610,1997,195,1997,211,1997,217,1997,218,2000,152
7611,1997,245
7616,1989,207
7617,1996,182,1996,183,1996,192,1996,214,1996,241
7618,1984,199,1989,252,1993,220,1997,262
7619,1984,215,1989,229,1990,154,1998,170,2000,195,2001,228
7620,1993,153,1994,152,1994,158,1994,261,1996,152,1996,249,1997,163,1997,167,1997,171,1997,173,1997,261
7628,1983,163
7629,1983,159,1983,167
7631,1993,243,1994,158,1996,188,1998,156,2000,237
7632,1998,216,2000,159,2000,197,2000,244,2001,166,2001,174
7633,1982,169,1984,241,1995,226,1995,254
7634,1994,253,1998,246,2000,177
7635,1982,162
7636,1994,233
7638,1996,164,1996,245
7642,1989,254
7645,1984,252,1988,175,1993,163
7646,1988,169
7647,1981,167,1984,223,1993,183,1993,184,1994,203
7649,1991,183
7650,1985,221,1990,261,1991,176,1991,200,1991,208,1991,240
7654,2004,209
7655,1981,233,1995,171,2004,172
7657,1981,177,1981,195,1996,225
7658,1988,208,1992,194,1993,197,1997,191,1999,167,1999,179
7659,1996,160,1996,241,1999,161
7660,1989,162,1989,217,1989,239,1996,226,1996,272,1999,262,1999,269
7661,1997,196,1999,205,1999,272
7663,1981,162,1989,211,1994,243,1995,241,1995,242,1997,216,1997,230,2000,205
7664,1995,220,1998,182
7665,1999,187,2004,158,2004,208,2004,254,2004,272
7669,1996,194,1996,224,2001,267
7671,1989,153
7672,1996,208,1996,269
7673,1996,267
7674,1996,256
7675,1996,256
7676,2001,230,2001,255
7677,1981,265
7678,1981,238,1982,231
7679,1989,202,1992,153,1992,189,1997,195,1997,243,1997,245,1999,180,1999,193,2000,166
7680,1989,216
7681,1989,221,1989,258,1996,172
7684,1989,195
7687,1989,153
7690,1981,257,1992,202,1992,223,1992,246
7691,1986,213,1986,226,1988,273,1995,243,1997,207,1998,191,1998,245
7693,1981,202,1989,162,1992,188,1999,254
7695,1997,165,1997,166,1997,214,1997,235,1997,236
7696,1992,157,1997,157,1997,173,1997,222,1997,235,1997,237,1999,175,1999,179,2000,207
7697,1997,247,1999,258
7702,1989,155,1989,233
7703,1987,257
7705,1991,191,1993,176,1997,161,1997,180,1997,183,1997,206,1997,257,1997,259,1997,260
7706,1997,162,1997,201,1997,204,1997,215,1997,226,1997,265
7716,1981,190
7717,1993,178,1997,217,1997,238,1997,246,2001,210
7718,1989,162,1989,244,1999,153,2001,209
7719,1992,181,1997,233
7720,1982,169,1989,212,1994,167,1994,229
7722,1994,199
7724,1996,223
7729,1999,243
7730,1981,262
7731,1986,255,1986,263
7732,1989,197,1992,168,2000,157,2000,167
7733,1997,262,2001,174,2001,213
7734,2001,229
7735,2001,201,2001,239
7736,1992,188,1992,258,2001,215,2001,229,2001,264
7737,2001,167,2001,231
7740,1999,202,2004,210
7741,1981,209,1989,179,1999,196
7742,1982,195,1994,268
7743,1989,164,1999,247
7744,1999,259
7745,1982,191
7746,1982,164,1982,166,1982,189,1982,205,2004,249
7747,1982,170,1982,173,2001,174
7748,1983,256,1989,272,1996,257
7749,1992,260,1994,226
7750,1981,220,1996,222,1996,273,1999,200,2004,265
7751,2004,175,2004,182
7753,2001,157
7754,2004,207,2004,218
7755,1996,269
7756,1996,153,1996,237
7757,1986,166,1996,219,1996,248
7758,1981,257,1996,161,1996,171,1996,172,1996,194
7759,1986,156,1986,270,1996,163,1996,198,1996,224
7760,1982,175,1994,189,1994,226,1996,243
7761,1990,207,1992,152,1993,226,1994,226
7762,1989,222,1996,207
7763,1996,237,1997,185
7764,1984,186,1992,212
7765,1999,186
7766,1999,163,1999,200,1999,261,2001,266
7767,1989,209,1989,257
7768,1997,177,1998,193,1998,209,1999,201,2004,239
7769,1999,218,1999,235,2004,218
7770,1996,269
7771,1997,208
7773,1989,156
7774,1999,254
7776,2004,169,2004,228
7778,1981,209,1992,209
7779,1999,197
7780,1994,252,1997,172,1997,176,1997,196,2001,185
7781,1992,226,1997,152,1997,175,1997,183,1997,197,1997,205,1997,210,1997,211,1997,225,1997,245
7782,1992,218,1994,231,1997,192,1997,205,1997,213,1997,227,1997,249,2000,179
7789,1997,244
7790,1986,231,1997,237
7791,1997,155,1997,162,1997,199,1997,204,1997,207,1997,230,1997,240,1997,252,1998,157,1998,186,1998,272
7792,1997,184,1997,200,1997,208,1997,211,1997,212,1997,214,1997,215,1997,221,1997,223,1997,233,1997,248,1997,251
7797,1983,273
7799,1996,171
7800,1996,173
7802,1996,218
7803,1981,262,1985,219,1988,209,1993,153,1996,171,1996,202,1997,169,2001,157,2001,205
7804,1988,262,1992,249,1994,176,1999,233,1999,259
7806,2001,196,2001,210,2001,218,2001,257
7807,1994,231,2001,226,2001,239,2001,250
7808,1994,201
7813,1996,192
7814,1996,185
7815,1981,201,1986,203
7817,1981,196,1991,179,1992,176,1992,207,1992,225,1995,201,1995,262
7818,1992,179,1992,181,1997,210,1999,238
7819,1992,185,2000,237,2001,262
7820,1994,206
7822,1982,161,1996,211,1998,219,2001,236,2004,155
7823,1992,260
7826,2004,173,2004,183,2004,218
7827,1992,230,1996,252
7828,1996,153,1996,266
7829,1996,202
7831,1995,239,1998,241
7832,1996,238,1999,205,1999,223,2001,246
7833,1989,153,1999,183,2004,253
7834,1992,185,1992,228
7835,1986,159,1997,200
7836,1981,230,1989,183,1989,211,2004,190
7837,1981,255,1989,161,1993,195,2004,182,2004,225
7840,1992,223,1994,236,2004,215
7843,1986,221,1986,273,1989,223,1996,202,1996,223
7844,1986,152,1996,161,1996,169,1996,170,1996,207,1996,232,1996,250,1996,265
7845,1986,165,1986,197,1986,238,1996,169,1996,179,1996,182,1996,232
7847,1983,184,1983,217,1986,200,1986,243,1996,221
7848,1981,251,1986,198,1994,215,1996,160,1996,191,1996,225,1996,269
7849,1986,224,1986,249,1996,183,1996,197
7851,1982,172,1989,263,2001,269
7852,1989,259,1996,153,1996,238,1996,248,1997,240,1999,185,2004,230
7853,1989,260,2004,181,2004,200
7854,1981,214,1981,237,1998,190
7855,1997,259,1999,175,2001,158,2001,213
7856,1981,154,1981,160,1981,262,1997,179,1997,185,2004,159
7857,1989,194,1997,212
7862,1989,272,2004,182,2004,222
7863,1997,193
7865,1997,155,1997,238,2001,223
7866,1992,220,1997,202,1997,252
7867,1997,225,1997,247,1997,270,1999,217,1999,235
7868,1997,185,1997,212,1997,271,1999,167
7869,1996,239,1997,273
7875,1989,215,1997,214,1997,220
7876,1986,218
7877,1996,193,1996,245,1997,193,1997,202,1997,212,1997,232,1997,238,1998,164,1998,222,1998,244
7878,1997,161,1997,184,1997,193,1997,200,1997,211,1997,213,1997,233,1997,239
7881,1987,238,1997,243
7882,1997,173,1997,187,2000,227,2000,272
7889,1982,179,1995,268
7890,1996,158,1996,208,1999,252
7892,2001,195
7893,1984,211,1992,193
7898,2004,167
7899,1994,244
7900,1992,187,1994,211,1999,172,2001,171
7901,1989,240,1992,199,1992,214,1992,247,1992,256,1992,268,1993,259,1999,272
7902,1986,241,1993,189,2000,164,2000,201
7903,1995,244
7904,1990,171
7906,1997,202,1997,217
7907,1997,176
7908,1984,246
7912,1989,165
7913,1997,217
7917,1989,207
7918,1982,208,1992,233,1997,247,1998,193,1998,232,1999,207
7919,1989,183,1989,228,1999,162
7920,1992,164,1992,185,1992,203,1992,245,1992,251
7921,1986,170,1986,258,1986,270,1992,228,1997,170,1997,185
7922,1997,270,1999,246
7923,1992,221
7924,1994,272
7927,1996,216
7929,1986,181,1996,153,1996,189,1996,256,2004,158
7930,1986,206,1986,211,1994,187,1996,162,1996,190,1996,206,1996,247,1996,269
7931,1986,200,1989,188,1996,211,1996,227,1996,272
7932,1981,168,1989,183
7933,1986,152,1986,183,1986,254,1986,267,1996,217,1996,240,1996,250,1996,271
7934,1986,204,1996,172,1996,270
7936,1984,224,1986,166,1994,193,1994,254
7937,1981,194,1992,185,1993,231,1994,211
7938,1989,270,1992,190,1996,262,1997,189,2004,213,2004,271
7939,1989,186,1989,188,1989,255,1997,153,1997,175
7940,1981,216,1981,217,1994,155,1997,216,1997,234,1997,273,2001,175,2001,199
7941,1996,211,1998,218,2001,262
7942,1981,157,1981,247,1989,170,1989,216
7947,1983,196
7950,1992,189
7951,1997,153,1997,160,1997,172,1997,250
7952,1992,206,1994,188,1997,169,1997,224,1997,241,1997,270
7953,1997,247,2001,155,2001,202
7954,1992,187,1996,241,1997,155,1997,253
7961,1984,248
7964,1996,169,2001,156
7967,1997,153,1997,162,1997,221,2000,216
7968,1997,177
7970,2001,181
7976,1981,165,1996,199
7985,1984,246,1985,187,1986,218,1994,185,1998,233,1999,210
7986,1992,189,1992,234,1992,255,1992,270,1995,241,1999,165,1999,218,1999,233,1999,247,1999,248,2000,244,2001,203
7987,1989,177,1992,190,1992,252,1993,183,1994,208,1999,167,1999,170,2001,176
7993,1983,233,1983,259
7998,2004,158,2004,203,2004,225
7999,1997,181
8001,1995,239,1999,272
8002,1981,252,1992,195,1992,205,1992,261,1996,198
8003,1992,196
8004,1991,163,1992,155,1999,156
8005,1992,173,1999,221
8006,1992,152,1992,198,1992,226,1992,245,1999,209,2000,208,2000,208
8007,1981,230,1992,214,1994,217,2004,253
8008,2000,172,2001,237
8009,1999,184,1999,200,1999,239
8013,1989,178
8014,1996,161
8015,1986,206,1994,271,1996,254,1999,234
8016,1986,159,1986,163,1986,187,1986,218,1986,265,1986,273
8017,1986,196,1986,199,1986,218,1986,263
8018,1981,155,1981,228,1981,264,1986,238
8019,1986,184,1996,180,1996,204
8020,1994,204
8021,1986,156,1986,182,1986,214,1996,230
8022,1989,170,1999,162
8023,1989,163,1992,165,1995,264,1999,271,2004,216
8024,1981,160,1982,258,2004,260
8025,1989,172,2001,167,2001,226
8026,1989,181,1989,196,1989,213,1992,160,1997,161,1998,227
8027,1981,254,1992,255,2001,171
8028,1992,201,1994,172,1994,240,1998,244,1999,231
8029,1999,198
8030,1983,172,1999,233
8031,1983,153,1983,163
8035,1986,219
8036,1985,218,1985,238,1991,161,1991,194,1991,228,1992,267,2001,201
8037,1992,196,1992,205,1992,228,1997,199,1997,251,2000,207
8038,1992,263,1998,259
8047,1996,228
8053,1981,203
8058,1991,193
8067,1997,200
8072,1999,229
8073,1992,163,1992,197
8084,1989,208,2004,223
8085,1989,192,1989,197,1989,212
8086,2004,254
8087,1989,202,1999,257,2004,265
8088,1981,222,1981,259,1989,270,1992,271
8089,1992,229,1994,152
8090,1988,160,1992,239
8091,1989,216,1999,183,1999,239,1999,270
8092,1995,224
8093,1981,241,2004,272
8094,1992,171,1999,197
8095,1981,195,1992,183,1992,263
8096,1989,268,1995,256,1999,190,2004,159,2004,172,2004,221,2004,273
8098,1996,187
8100,1986,247,1989,178,1989,187,2004,173
8101,1996,165,1996,239,2000,258
8102,1986,194,1986,202,1996,257
8103,1981,222,1986,218,1992,156
8105,1986,201,1986,237,1986,250
8108,2001,268
8109,1981,200,1981,243,1988,241,1989,182,1995,222
8110,1982,194,1982,205,1982,257,1996,246
8111,1986,266,1989,173
8112,1994,192,1995,180,1995,220
8113,1994,231,1994,241,1995,174,1995,189,2000,210,2001,187
8114,1986,214,1996,245
8116,1992,189,1996,225
8118,1983,260,1999,241
8122,1986,202,1992,160
8123,1986,271,1989,236,1992,172,1992,186,1992,242,1992,253,1995,193,1997,191
8124,1997,177,1997,218,1997,219,1997,264,1999,206
8125,1996,195
8139,1983,245
8150,1986,158
8152,1984,215,1992,206
8167,1999,157
8169,1994,200
8170,1989,170,1989,210,1999,241,1999,270
8171,1981,246,1999,230,1999,237
8172,1996,246
8173,1989,204,2001,204
8175,1981,162,1992,170,1993,168,1993,205,1999,184
8176,1981,266,1982,260,1987,248,1989,189,1992,237,1997,182,2000,232
8177,1989,232,1996,196,1996,240,2004,203
8179,1995,236
8181,1996,209
8182,1986,172,1997,257,1999,220
8183,1981,256,1996,169,1997,158
8188,1989,159,1989,213,1989,270,1991,253
8189,1981,228,1999,210
8190,1986,234,1986,237
8195,1992,270
8198,1982,195,1993,191,1993,244,1994,267
8199,1994,189,1994,191,1994,209,1996,223
8201,1996,208
8202,1981,161,1983,227,1985,262,1988,200,1992,165,1993,175,1993,194,1993,236,1993,246,1995,224,1996,194
8203,1983,201,1989,248,1993,184,1993,235,1993,253,1995,184,1995,191
8207,1994,193
8209,1989,271,1992,170,1992,202,1992,215,1992,260,2000,246
8210,1999,219
8218,1986,195
8223,1981,227
8237,1986,266,1987,188,1996,174,1997,164,1997,241
8238,1981,257,1986,222,1986,260,1988,173,1995,265,1997,207,1997,212,2000,273
8239,1984,201,1986,236
8242,2004,273
8250,1989,220,1997,188
8253,1996,253,1997,246,2000,239
8254,1986,227
8255,1992,214
8256,1997,161
8259,1989,198,1995,204,2004,268
8260,1996,162,1999,224
8261,1992,217
8263,1981,214,1989,184,1989,232,1992,204,1992,221,1996,194
8267,1996,219,1996,219
8268,1981,195,1996,242
8269,1981,225,1982,174
8272,1996,261
8273,1996,152,1996,194,1996,209,1996,211,1996,219,1996,228,1996,256
8274,1996,163,1996,252,1998,228
8275,1981,264,1989,199,1996,268
8276,1982,271,1984,206,1984,258
8279,1986,264
8280,1981,267,1993,169,1994,230,1996,184
8281,1981,249,1989,236,1992,258,1998,188,1999,178,1999,250
8283,1986,213,1989,174,1994,212
8284,1981,193,1982,245,1986,199,1994,187,1994,260,1995,223
8285,1993,263,1994,179
8287,1982,153,1989,155,1996,204,1996,232,1998,191
8288,1983,208,1989,203,1993,181,1993,208,1993,238,1994,175,1994,214,1998,179,1999,243
8289,1993,152
8292,1986,273
8295,1994,174,2001,255
8296,2001,252
8300,1983,180,1983,271
8301,1983,156
8306,1982,191,1983,232,1983,248,1983,268
8308,1983,235
8309,1983,175,1999,266
8311,1982,202
8323,1997,168,1997,168,2000,213,2000,258,2001,163
8324,1984,204,1992,166,1997,208,1997,270,1998,171,1998,265,2000,226
8327,1984,273,1989,209
8328,1989,207
8329,1994,245,1996,224
8334,1992,162,1992,239,1997,153,1999,251
8335,1989,257,1992,270,1997,158,1997,256,1998,177,1998,240,1998,240,1998,244
8336,1983,222,1989,155,1989,168,1992,197,1993,185,1994,230,1997,182,1999,170,1999,252
8337,1992,209,1995,184,1995,206
8339,1981,241,1984,218,1994,264,1995,246,1998,207,2000,197
8340,1987,188,1993,226,1994,203,1994,243
8341,1981,160,1987,253,1993,234,1993,235,1993,253,1993,254,1994,161,1994,225,1998,218,1999,170,1999,177,2000,261,2000,269
8342,1996,252,1998,209,1999,188
8344,1981,256,1989,166,2004,158
8349,1988,195,1995,199,1999,241
8350,1981,195,1989,170,1989,201,2001,243,2004,250
8351,1981,156,1981,176,1981,213,1992,153,1997,163,1997,170,2001,201
8353,1986,252,1997,156
8354,1986,265,1996,223
8358,1996,206,1996,218
8359,1996,156
8360,1981,169,1981,176,1981,242,1992,216
8361,1982,184,1992,190
8362,1992,221
8364,1986,186
8368,1996,197
8370,1992,179,1996,241,1996,250
8371,1996,268
8372,1994,207,1994,209,1996,170
8373,1983,240,1993,179,1993,251,1998,183
8374,1983,199,1987,236,1988,204,1992,238,1993,156
8378,1994,237
8380,1991,189,1991,269,1992,216,1999,163,2000,155
8381,1981,154,1981,250,1992,188,1992,243
8382,1991,229,1992,232,1993,169,1993,196,1994,225,1999,225
8383,1993,157,1993,159,1993,166,1993,188,1999,184
8388,1997,261
8389,1997,178,1997,263
8390,1997,270
8391,1997,186
8392,1997,189,1997,254
8409,1984,183,1995,173,2000,198
8414,1993,194,1997,183,2001,210
8415,1996,236,1998,234
8416,1996,165,1996,195
8420,1986,195,1989,169,1992,194,1992,201,1992,271,1996,160,1999,164
8421,1984,227,1988,187,1996,204,1997,231,1998,155,1998,189,1998,233,1999,171,1999,197,1999,249,2000,157
8422,1984,178,1986,241,1989,160,1989,205,1989,260,1991,225,2000,176,2000,197,2000,256
8423,1992,230,1992,249,1994,184
8426,1981,159,1981,163,1991,184,1991,197,1992,251,2000,233
8427,1984,166,1991,256,1991,264,1992,223,1998,155,2004,259,2004,269
8428,1989,165
8429,1986,155,1986,159,1986,205,1989,205,1989,217
8430,1981,250,1989,199,1989,203,1992,187,1996,164,2004,153
8431,1996,263
8432,1994,156,1994,195
8434,1989,208,1999,192,1999,255
8435,1989,269,1997,221,1999,157
8436,1981,206,1992,192,1995,258,1997,193,1999,266
8437,1996,183
8438,1986,193,1992,239,1994,157,1997,232
8440,1996,247
8441,1981,250,1996,169,1996,269
8442,1996,193,1996,212,1996,224
8443,1996,225,1996,272,1999,230
8444,1996,181,1996,185,1996,212,1996,218,1996,232,1996,272
8448,2001,195
8449,1996,211,1996,246,1999,178
8450,1986,215,1986,267,1992,239
8455,1996,196
8457,1996,175,1996,226,1996,230,1996,266
8458,1989,271,1996,154,1997,155
8459,1989,229,1994,227,1994,257
8460,1988,180,1990,220,1992,259,1993,193,1993,233,1993,236
8461,1996,181,1996,190
8462,1996,154,1996,171,1996,189,1996,202,1996,212
8463,1986,166
8465,1983,230,1997,173,1997,194,2000,181
8466,1984,246,1993,173,1993,216,1993,263,1997,236,1997,269
8467,1982,179,1991,266,1993,152
8468,1985,184,1989,216
8473,1997,265,1997,272
8474,1986,234,1994,182,1994,258,1994,259,1994,259,1994,261
8475,1994,166,1994,167,1994,172,1994,223,1994,241,1994,245
8476,1994,158,1994,216,2001,211
8477,1996,177,1996,238,1996,250,1997,197,1997,241,1997,249
8478,1996,211,1996,233,1996,244,1996,262,1996,267
8495,1988,185
8496,1986,271,1994,260
8500,1996,270
8501,1996,241
8507,1989,232,1996,219
8510,1984,190
8511,1982,163,1982,178,1982,208,1982,272,1990,213,1993,196
8513,1993,213,2004,183
8514,1999,195
8516,1984,175,1986,209,1986,239,1996,237
8517,1993,242,1996,240
8518,1981,177
8519,1995,267
8521,1995,236,1998,187,1999,228,1999,247
8522,1992,154,1992,184,1992,213,1997,250,1999,243
8523,1995,220
8524,1982,155,1982,162,1982,190,1982,198,1986,209,2001,245
8526,1996,205
8528,1994,229
8529,1989,242
8530,1984,155,1996,158,1996,245
8532,1986,250
8533,1981,192,1992,259,1993,208,2001,223
8534,1986,209,1989,234,1992,168
8535,1989,220,1996,166,1996,174,1996,178,1996,244,1996,265
8536,1992,182,1996,160,1996,162,1996,180,1996,266
8538,1985,239
8539,1985,173,1985,192,1989,256
8540,1996,203
8542,1996,154,1996,194
8543,1988,215,1988,251,1993,197,1993,239,1993,253,1993,254,1994,267,1995,235,1998,157
8544,1981,228,1981,273,1988,207,1993,191,1993,231,1993,237,1999,222
8546,1991,236
8547,1996,161,1996,182,1996,186,1996,201,1996,269
8548,1996,167,1996,243,1996,247,1996,252,1996,268
8550,1995,260,1996,155
8551,1989,163,1989,250,1989,270,1991,177,1995,192,1999,228,1999,248,2000,260,2001,226
8552,1981,269,1994,229,1997,247,1998,198,1998,214,1998,243,2000,261,2000,271,2001,172,2001,273
8553,1981,216
8559,1994,251,1996,206,1997,222
8560,1994,153,1994,155,1994,156,1994,165,1994,180,1994,212,1994,234,1994,247,1994,261,1997,230
8561,1994,166,1994,166,1994,172,1994,191,1994,243,1994,263,1994,273
8562,1994,155,1994,162,1994,166,1994,176,1994,185,1994,227,1994,245,1994,253,1996,169,1996,179
8563,1994,161,1996,162,1997,163,2001,196
8564,1994,162,1994,169,1994,184,1994,199,1994,199,1994,212,1994,250,1994,252,1994,267,1996,188,1996,225
8565,1997,229,2001,225
8582,1986,273,1995,234,1995,264
8583,1996,252
8586,1996,229,1996,238
8587,1996,188
8591,1996,246
8592,1996,262
8594,1996,226
8596,1986,193,1995,163
8597,1982,174,1985,156,1985,219,1991,187,1991,237,1993,271,1999,160
8598,1982,248,1991,253,1999,166,1999,250,2001,171
8599,1992,242,2004,267
8600,1981,196
8601,1994,221
8602,1986,165
8605,1981,228,1984,188,1988,204,1989,206,1989,215,1989,249,1994,160,1998,246,1998,255
8606,1981,265,1986,196,1986,242,1988,265,1993,242,1993,247,1993,257,1994,193
8607,1983,270,1984,215,1984,264,1987,165,1987,185,1989,189,1992,192,1996,176,1996,207,1999,174
8608,1992,152,1992,219,1994,155,1996,243,1997,271,1998,167,1999,166,1999,245
8609,1992,157,1992,250,2000,230
8610,1982,218,2001,191
8614,1984,244,1989,164,1989,258,1995,266,1996,263,1999,198,2000,272
8615,1984,201,1989,181,1989,239,1991,249
8616,1984,175,1989,269,1993,212
8617,1989,272,1996,194,1996,225
8618,1986,156,1986,211
8619,1986,156,1986,183,1992,224
8620,1986,154,1986,158,1986,227,1986,236,1992,246,1997,238,1998,248,1999,201,1999,239
8621,1996,158,1996,175,1996,177,1996,180,1996,205,1996,210,1996,223,1996,269
8622,1982,183,1996,169,1996,243,1996,250
8623,1982,178,1982,236,2001,171
8624,1986,271,1996,187
8625,1986,239
8626,2001,206
8627,1993,234,1993,244,1999,212,2004,166
8628,1984,153,1989,157,1993,214,1994,154,1998,222,1999,253,1999,260,2001,226
8629,1988,181,1988,263,1988,272,1993,158,1993,172,1993,223,1993,263,1993,273,1994,193,1994,258,1996,258,1998,180,1999,219
8630,1988,196,1993,160,1993,161,1993,171,1993,185,1993,193,1993,199,1993,234,1993,263,1994,191,1994,240,2001,243
8631,1993,172,1993,188,1994,230
8632,1992,265,1993,251
8633,1996,152,1996,154,1996,212,1996,215,1996,225,1996,226,1996,232,1996,252,1996,261,1996,264
8634,1996,162,1996,273
8635,1982,231
8636,1992,207,1999,255,2004,168
8637,1981,273,1986,263,1989,176,1989,177,1989,205,1992,181,1995,203,1997,190,1997,200,1997,232,1998,231
8638,1981,233,1985,195,1985,272,1997,178,1997,199
8645,1994,192,1994,198,1994,227,1994,238,1994,248,1994,272,1996,199
8646,1989,190,1994,184,1994,191,1994,193,1994,239,1994,251,1994,260,1994,264,2001,187,2001,190
8647,1994,183,1994,235,1994,265,1996,271,2001,183
8648,1994,164,1994,169,1994,187,1994,193,1994,240,1994,269,1997,166,2001,231,2001,236,2001,237,2001,269
8649,1994,171,1994,211,1994,211,1994,259,1996,262,1997,194,1997,227,1997,254
8650,1994,206,1994,242,1994,266,1996,191,1996,261,1997,158,1997,238
8651,1998,152
8671,1996,229
8673,1996,177
8683,1984,235,1994,224
8684,1981,175,1996,171,1996,265,1998,187
8685,2000,272
8686,1994,158,1994,211
8687,1994,175,1994,202
8690,1996,226
8691,1981,256,1982,259,1985,261,1986,203,1988,197,1989,268,1994,181,1994,220
8692,1981,159,1988,157,1993,217,1993,219,1994,253,1995,224
8693,1984,171,1992,256,2001,185,2001,185
8694,1981,171,1982,159,1986,164,1993,218,1993,256,1994,227,1995,188,1997,213
8695,1983,229,1988,223,1990,242,1993,176,1995,231,1997,222,1998,164,2000,209
8696,1997,175
8699,1996,219
8700,1997,257
8701,1996,159,1996,237
8702,1996,190,1996,193,1996,211,1996,238,1996,254,1996,256
8703,1989,238,1996,166,1996,217,1996,246,1996,247,1996,265
8704,1981,156,1981,168,1981,205,1989,169,1989,231,1991,158,1991,174,1995,191,2004,255
8705,1981,178,1981,224,1981,257,1989,252,1992,236,1992,240,1994,171
8706,1987,230,1992,212,1994,166
8709,1982,197,1987,238,1994,197,1997,258
8710,1996,164,1996,213,1999,229
8711,1996,217
8712,2001,218,2004,203,2004,210
8713,1986,251,1992,225,1992,262,1994,168,1998,182
8714,1984,219,1985,155,1985,221,1989,271,1990,158,1993,256,1993,273,1993,273,1995,195,1999,260,1999,273
8715,1981,223
8716,1993,260,1993,271,1994,157,1994,204,1999,234
8717,1986,250,1989,183,1989,207,1992,212,1994,199,1994,226,1994,247,2000,187
8718,1993,235
8719,1992,196,1993,250,1994,255,1996,202,1996,252
8720,1989,238,1994,201,1996,175,1998,191,1998,243
8721,1994,213,1994,243,1994,248,1998,194,1998,255
8722,1981,204,1992,271,1993,232
8723,1981,198,1986,227,1986,260,1992,154,1992,264,1992,267,1994,267,1995,237,1998,154,1998,228,2000,258
8724,1986,175,1987,263,1991,267,1993,253,1995,244,1997,220,1998,268,2000,216,2000,234,2001,214
8726,1981,218
8728,1997,211
8729,1997,187,1997,262
8730,1994,179,1997,241,1997,247
8731,1994,169,1994,183,1994,184,1994,197,1994,273,1994,273,1996,179,1997,199
8732,1994,174,1994,217,1994,251,1996,167
8733,1996,264
8734,1989,235,1994,188,1994,192,1994,199,1994,246,1997,249,2001,188,2001,212,2001,256
8735,2001,183,2001,251
8736,1996,156,1996,186,1996,272,1997,186,1997,192,1997,216,1997,264,1998,163,2001,267,2001,271
8737,1996,170,1996,267
8750,1996,157,1996,268
8753,1996,190,1997,180,1997,221
8759,1996,248
8768,1997,218
8772,1981,223,1985,212,1993,199,1994,186,1994,200,1994,225,1994,247,1994,257,1994,269
8776,1981,232,1981,261,1983,205,1992,207,1993,181,1998,186,1999,250,2001,164,2001,179
8777,1988,225,1988,267,1989,204,1992,174,1998,205,1999,240,1999,247,1999,250,1999,254,2000,238
8778,1993,230,1994,171,1994,247,1994,253
8779,1992,209,1993,156,1998,220,2000,195,2001,165,2001,170,2001,206,2001,222,2001,229,2001,270
8780,1981,169,1985,192,1986,191,1986,221,1989,268,1990,266,1992,253,1992,259,1998,199
8781,1981,176,1981,261,1994,163,1994,243,1995,161,1995,168,1995,188,1998,259,1999,221,2000,163,2000,206,2000,255
8782,1981,152,1989,158,1995,167,1995,228,1995,250,1999,189,2000,228,2001,184
8783,1992,257,1995,164,1995,186,1995,225,1996,218,2001,217
8788,1996,165,1996,174,1996,250,1996,273
8789,1994,212,1994,213,1996,187
8791,1986,254,1994,177
8792,1999,216
8794,1994,216,1999,268,2001,153,2001,210,2001,230,2001,253,2001,272
8795,1982,182,1982,227,1985,176,1996,212,1999,201,2001,192
8797,1996,268,1996,270
8798,1993,187,2004,211,2004,214,2004,235
8799,1993,219,1995,189,1996,221,1996,257
8800,1985,204,1985,265,1990,227,1994,225,1994,250,1994,253
8801,1985,250,1990,167,1994,264,1998,212,1998,262,1998,269,1999,202
8802,1993,169,1993,189,1994,226,1996,201,1999,192,2000,229,2000,235,2001,167
8803,1981,227,1983,269,1985,238,1988,253,1993,170,1993,191,1993,228,1998,222,1999,194
8804,1981,156,1981,176,1981,260,1989,209,1989,222,1989,271,1991,210,1993,174,1993,193,1993,222,1994,190,1999,264
8805,1981,259,1987,224,1988,179,1989,257,1992,161,1993,161,1993,251,1994,270,1998,226,2000,183,2000,223
8806,1987,248,1993,254,1995,253,1998,164,1998,178,1998,179,1998,202,1998,221,1998,221,1998,224,1998,249,2000,154,2001,166,2001,206,2001,237
8807,1986,256,1987,193,1994,175,1998,155,1998,162,1998,225,1998,242,1998,262,1998,264,1999,196
8808,1997,192,2000,181,2000,266
8809,1986,219,1986,252,1992,234,1994,216,1994,237,1997,161
8810,1992,163,1992,172,1992,194,1992,217,1992,228,1992,266,2000,198
8811,1981,202,1992,174,1993,196,1993,247,1999,197,2000,268
8812,1983,190,1983,203,1985,156,1985,162,1985,195,1985,231,1993,194,1998,200
8813,1986,164,1986,266,1990,210,1997,167,1997,168,1997,206,1999,255,1999,268,1999,270,2000,185,2000,195,2000,203
8814,1989,233,1992,193,1992,234,1997,157,1997,175,1997,231,1997,234,1997,234,1997,258,1997,271,1999,229
8815,1985,181,1986,238,1992,172,1996,215,1996,234,1997,202,1999,263
8816,1997,170,1997,187,1997,208,1997,219,1997,221,1997,251,1997,261,1997,271
8817,1994,230,1997,250,1997,256,1997,258
8818,1994,213,1994,234,1994,238,1994,245,1994,249,1997,208,1997,243,1998,163,1998,175,1998,215
8819,1994,158,1994,170,1994,179,1994,184,1994,246,1997,205,1997,208,1997,262,1998,180
8820,1986,252,1992,176,1994,190,1994,210,1994,238,1997,203,1997,212,1997,219,1997,227,1997,235,1997,241,1998,180,1998,255
8821,1989,168,1994,173,1997,207,1997,211,1997,236
8822,1996,187,1996,216,1996,248,1997,173,1997,191
8823,1986,213,1986,251,1986,252,1986,265,1994,191,1994,221
8824,1986,257
8825,1986,178
8826,1982,254,1986,204,1989,201,1993,269,1996,231
8827,1982,241,1995,245,1997,153,1997,182
8828,1982,153,1985,272,1989,257,1996,175,1997,186
8829,1990,226,1997,231
8830,1997,234
8831,1996,204,1997,167,1997,215,1997,268
8834,1989,203,1989,232
8835,1989,161
8837,1997,216
8838,1996,175
8840,1996,214,2001,232,2001,240
8847,1989,245
8857,1992,188
8858,1981,190,1991,262,1992,193,1994,206,1994,212,1999,204,1999,263,2000,264
8862,1985,156,1985,158,1985,160,1986,251,1991,249,1992,166,1992,172,1992,224,1998,213,1998,258
8863,1989,154,1991,223,1993,217,1995,166,1995,170,1995,217,1995,254,1998,255,1999,184,1999,200,1999,238,2001,229
8864,1986,155,1986,169,1992,152,1997,178,1998,165,1998,170,2000,221,2001,260,2001,268
8865,1982,196,1988,179,1992,172,1992,193,1993,232,1993,264,1993,266,1998,162,1998,241,2000,230,2001,190,2001,213
8866,1985,194,1986,223,1988,273,1989,175,1989,246,1990,170,1994,183,1994,202,1994,243
8867,1988,200,1989,181,1989,194,1989,255,1991,215,1994,229,1994,251,1996,221,1999,199,2000,158,2000,239
8868,1992,246,1995,197,1995,252
8869,1992,163,1999,194
8870,1989,153
8871,1994,238,1999,169,1999,170,2001,258
8872,1996,170
8874,1992,224
8875,1996,177,2004,165,2004,207
8876,1986,229,1992,185,1993,263,1994,197,1999,197,2000,230
8878,1986,257,1986,260
8879,1986,219,1992,241,1999,179,2000,154,2001,254
8880,1992,202,1996,196,1996,239
8881,2001,192
8882,1982,186,2004,203
8883,1996,228
8884,1996,162,1996,175,1996,210,1996,223,1996,254,1996,259
8885,1982,207,1982,211,1995,234
8886,1999,266
8887,1981,271,1981,271,1982,271,1989,174,1993,255,1995,188,1998,168,1998,191,1999,169,1999,197,1999,204,2000,178,2000,252
8888,1981,160,1981,161,1981,169,1981,197,1981,201,1985,156,1993,202,1993,233,1996,160,1999,201,1999,202,1999,244,1999,268,2000,202
8889,1981,175,1981,196,1993,161,1993,170,1993,174,1993,174,1993,227,1993,263,1993,273,1995,192,1998,168,1999,257,1999,262
8890,1993,176,1993,218,1994,175,1994,219,1994,250,1998,212,1999,211,1999,227
8891,1989,242,1989,245,1993,167,1993,174,1993,200,1993,214,1994,242,1999,178,2000,187
8892,1981,158,1989,271,1993,237,1993,265,1994,181,1998,209,1998,258,1999,194,1999,207,1999,225,2000,270
8893,1986,157,1986,251,1993,216,1994,196,1998,166,1998,195,1999,260,2000,246
8895,1992,178,1996,188,1997,241,2001,187
8896,1992,159,1992,217,1992,242,1999,221
8897,1981,227,1992,167,1998,252
8898,1986,200,1992,162,1993,182,1993,264,1997,155,1997,160
8899,1990,204,1992,205,1992,219,1997,153,1997,178,1997,225,1999,271,2000,198
8900,1997,161,1997,180,1997,192,1997,235,1997,244,1997,250,1997,268
8901,1997,191,1997,249,1997,255,1997,258,1997,273
8902,1990,214,1994,192,1997,169,1997,187,1997,190,1997,194,1997,195,1997,218,1997,245,1997,269,1998,253
8903,1990,234,1997,152,1997,164,1997,196,1997,205,1997,229,1997,255,1998,169,1998,257
8904,1994,173,1994,221,1997,156,1997,177,1997,187,1997,257
8905,1997,199,1997,243,1997,243
8906,1992,269,1997,195,1997,205,1997,256,1997,270,2001,215
8907,1994,159,1996,191
8908,1994,206,1996,160,1997,185,1997,214
8909,1992,259,1994,172,1994,194,1994,264,1997,170,1997,175,1997,217,1997,235
8910,1992,198,1994,180,1994,251,1994,257,1996,162,1997,222
8911,1994,167
8912,1987,184,1996,252,1997,164
8913,1987,249,1997,152,1997,223,1998,189,1998,265,1999,258
8914,1981,195,1987,159,1990,224,1996,254,1997,177,1997,227,1997,240,1997,245,1998,193,1998,263,1998,272
8915,1996,163,1996,182
8916,1994,179,1994,240
8917,1997,181
8919,1989,262
8922,1986,256,1992,198,1996,217
8923,1996,232,1996,237,1997,169,1997,173,1997,182,1997,236
8924,1996,165,1997,154,1997,173
8925,1996,222,1996,251,1997,255
8926,2001,245
8942,1986,179,1986,260,1990,194,1992,218,1993,246,1997,164,1997,165,1997,183,1998,230,1999,190
8943,1992,158,1996,238
8944,1982,162,1993,208,2001,228
8945,1989,273
8947,1996,231,2000,257
8948,1992,208,1992,210,1992,215,1995,252,1995,271,1996,270,1997,201,1997,208,1998,155
8949,1988,271,2001,210
8950,1999,176,2001,259
8951,1992,178,1992,231,1992,238,1993,170,1998,154,1998,221,1998,259
8952,1983,223,1988,157,1988,269,1989,269,1990,152,1990,193,1994,155,1994,179,1994,192,1994,261,1994,269
8953,1985,196,1986,257,1992,172,1992,182,1992,250,1994,184,1994,198,1994,248,1998,203,1999,160,2000,172
8954,1984,161,1992,196,1992,201,1992,218,1992,225,1992,229,2000,187
8955,1992,167
8957,1981,272,1992,239,1992,248,1994,179,1995,235,1998,222,2000,218
8958,2001,262,2004,168
8959,1997,218,2001,184
8960,1989,252
8962,1986,253
8963,1992,239
8965,1986,218,1986,221,1992,259,1995,171
8966,1995,242
8967,1981,258,1987,245,1993,232,1998,246
8968,1986,270
8969,1993,228
8970,1996,225
8971,1996,182,1996,242,1996,255,1996,263
8972,1981,208,1982,224,1993,198,1996,191
8973,1981,183,1981,254,1982,159,1982,182,1982,208,1982,246,1986,224,1994,206,1998,234,1999,199,1999,243,1999,246,1999,263,2000,157
8974,1981,214,1981,231,1988,202,1989,236,1994,179,1995,257,1998,270,1999,155,1999,161,1999,180,1999,228,1999,233,2001,247
8975,1981,169,1981,219,1981,228,1981,260,1993,240,1994,255,1996,194,1999,160,1999,220
8976,1989,154,1992,246,1995,208,1996,156,1998,197,1999,176,1999,191,1999,231
8977,1981,189,1986,261,1988,175,1988,251,1989,237,1989,270,1990,184,1990,227,1993,207,1993,222,1993,231,1993,247
8978,1988,255,1989,243,1993,176,1996,175,1999,179,1999,215
8979,1989,169
8980,1992,271,1995,183,2000,213
8981,1986,211,1992,160,1992,209,1992,235,1997,246,1999,254
8982,1992,170,1997,155,1997,231,1997,246
8983,1992,183,1992,199,1997,208
8984,1981,209,1981,230,1986,157,1986,161,1986,187,1986,192,1986,247,1992,154,1992,193
8985,1987,268,1990,211,1992,196,1992,214,1992,233,1993,252,1993,265,1995,226,1997,233,1997,245,2001,247
8986,1992,191,1992,222,1992,231,1994,258,1997,225,1997,230,1997,247,1997,252,1997,261,1998,159,1999,266
8987,1992,197,1997,176,1997,178,1997,194,1997,204,1998,170
8988,1992,264,1996,187,1997,194,1997,207,1998,207,1999,208
8989,1982,152,1992,208,1997,156,1997,159,1997,223,1997,228,1997,259,1997,270,1998,207,1998,239
8990,1989,179,1994,208,1997,188,1997,216,1997,246,1997,256,1998,262
8991,1994,236,1994,237,1997,246,1999,241
8992,1996,230,1997,152,1997,157,1997,263,2001,240,2001,242
8993,1994,179,1994,182,1994,195,1994,262,1994,263,1996,210
8994,1994,178,1994,241,1994,241,2001,165
8995,1994,247,1994,268,1996,253
8996,1994,153,1996,164,1997,248
8998,1984,233,1987,161,1995,223
8999,1982,241,1982,244,1994,186,1996,201,1997,207,1997,236,1997,240,1997,261,2001,202
9000,1987,240,1996,196,1996,223,1997,174,1997,243
9001,1996,233,1997,161,1997,193,1998,259
9008,1994,188
9010,2001,173
9011,1996,197
9027,2000,237
9028,1989,215,1996,270,1997,205,1997,255,1997,263,1997,264,2001,253
9029,1984,179,1984,216,1996,253
9030,1999,170,2000,183
9033,1995,220
9034,1992,226,1995,185,1995,187,1995,187,1995,197,1995,204,1995,213,1996,231,1998,252
9035,1995,196,1995,203,1995,210,1995,226,1995,235,1995,267,1996,179,1998,187
9036,1989,250,1995,225,1996,207,1997,273,1999,211,2001,160,2001,165,2001,268
9037,1981,155,1981,214,1981,260,1989,216,1990,187,1994,161,1994,201,1999,198
9038,1982,164,1989,241,1990,196,1990,212,1994,171,1994,172,1994,207,1994,213,1999,249,2000,268
9039,1999,250
9043,1986,190,1996,181
9044,2004,177
9045,1992,155,1998,271
9046,1986,216,1999,178
9047,1986,173
9048,2004,198
9050,1984,268,1989,161,1989,190,1997,250
9051,1981,179,1989,177,1989,207,1992,206,1994,225,1996,252,1996,271,2001,235
9052,1992,172,1992,200,1995,191,1995,251,1999,245
9053,1995,250
9054,1991,155,1991,255,1991,265,1995,192
9057,1982,216,1996,169
9058,1981,169,1981,247,1993,236,1996,240,1999,205,1999,222
9059,1981,175,1994,162,1994,258,1999,219,1999,228,1999,232,1999,254
9060,1989,190,1989,199,1993,245,1997,157,1997,238,1998,175,1998,221,1999,174,1999,242,1999,248,2000,184,2000,269
9061,1981,222,1989,216,1989,253,1990,216,1992,219,1995,239,1995,254,1998,161,1999,188,1999,200
9062,1981,212,1982,156,1985,187,1988,258,1993,181,1994,175,1994,201,1994,238,1995,244,1998,198,1998,224,2001,269
9063,1981,156,1986,200,1992,172,1997,195,1997,241,1998,263,1999,271
9064,1997,175
9065,1994,195,1996,227
9066,1987,259,1992,191,1992,197,1992,261,1995,171,1997,229,1997,236,2001,266
9067,1995,240,1997,256
9068,1989,173,1992,207,1995,177,1997,205,1997,238,1997,254,1997,264,2001,176
9069,1992,168,1992,177,1992,246,1992,257,1995,197,1997,161,1997,183,2001,257
9070,1981,177,1981,183,1981,212,1986,159,1986,179,1989,212,1993,185,1997,158,1998,184,1999,245,2000,241
9071,1989,160,1989,226,1992,169,1992,243,1995,271,1999,210,2001,203,2001,246
9072,1990,184,1990,261,1997,162,1997,163,1997,179,1997,218,1999,206,2000,202
9073,1986,195,1992,218,1992,240,1995,183,1995,210,1997,163,1997,172,1997,181
9074,1989,252,1997,153,1997,232,1997,240,1997,260,1998,273,2001,249
9075,1997,195,2004,190,2004,219
9076,1997,225,1997,233,1997,240,1997,250,1997,251,1997,270
9077,1997,180,1997,195,1997,224,1997,235
9079,1994,221,1997,186,1997,225
9080,1996,202
9084,1984,222,1987,192,1994,158
9085,1996,262
9086,1989,179
9087,1987,242,1996,223
9096,1996,204
9109,1982,242,1994,183,1996,194
9110,1984,233,1989,180
9111,1990,192,1997,245,1998,165
9112,1994,154,1994,178,1994,239
9115,1997,218
9119,1989,165,1995,166,1995,242
9120,1992,214,1998,273
9121,1995,169,1995,203
9123,1981,203,1989,236,1990,158,1999,253,1999,260
9124,1981,214
9125,1986,162
9126,1996,268
9129,1996,272
9132,1992,216,1997,202,1997,241,2004,212
9133,2004,261
9134,1984,254,1989,169,1989,229
9135,1981,252,2004,182,2004,192,2004,270
9136,1989,166,1989,181,1989,227,1989,239,1989,273
9137,1989,212,1989,240,1996,227
9138,1995,181,2001,196
9139,1982,269,1993,243,1996,212,1996,249
9140,1997,219,1997,255
9142,1996,164,1996,187
9144,1981,246,1993,264,1994,201,1999,181
9145,1981,161,1986,152,1995,154
9146,1981,249,1985,163,1985,223,1989,156,1993,159,1993,192
9147,1981,158,1981,220,1981,271,1989,201,1989,205,1990,217,1990,242
9148,1981,207,1990,165,1993,227,1993,266,1995,169,1995,174,1995,270,1999,243
9149,1995,223,1999,165
9151,1994,168
9152,1992,207,1992,220
9153,1992,168
9155,1992,154,1999,256
9156,1986,269,1989,208,1993,193,1993,197,1993,200,1993,207
9157,1986,247,1992,205,1997,228
9158,1992,232,1999,189
9159,1986,175
9160,1986,207,1986,231,1995,177,1997,152
9161,1997,168,1997,257,2004,185,2004,260
9166,1997,198,1997,216
9195,1996,231
9197,1997,157,1997,159,1997,260
9198,1997,219
