7,1989,181,1989,185,1989,249,1989,271,1996,160,1996,181,1996,226
12,1981,242,1982,263,1989,167,1989,207,1989,222,1989,227,1989,233,1989,240,1989,242,1989,246,1996,228,1999,184,1999,190
13,1989,161,1989,194,1989,208,1989,216,1989,217,1989,235,1989,249,1989,272,1992,232,1992,262,1995,154,1995,187,1996,174,1999,214,1999,241,1999,269
14,1982,191,1982,202,1982,213,1982,219,1982,221,1982,255,1986,246,1986,257,1989,156,1989,203,1989,206,1989,215,1989,224,1989,260,1989,266,1991,252,1993,224,1993,254,1993,258,1995,241,1996,153,1996,187,1996,244,1996,245,1999,164,1999,178,1999,264,2000,204,2001,156,2001,206,2001,213,2001,228,2001,250,2001,272,2004,168,2004,196,2004,199,2004,239,2004,254,2004,260,2004,271
15,1981,215,1982,219,1982,233,1982,246,1988,257,1989,192,1989,255,1990,153,1990,259,1991,166,1991,214,1992,160,1992,271,1993,262,1995,164,1995,167,1995,192,1995,194,1999,174,1999,187,1999,255,2000,238,2001,188,2001,196,2001,208,2001,268,2004,193,2004,199
16,1981,207,1981,258,1982,183,1982,191,1982,209,1982,250,1983,220,1983,225,1986,186,1986,255,1989,211,1989,225,1990,237,1991,201,1991,204,1991,211,1991,216,1991,221,1991,268,1992,196,1993,162,1993,195,1993,238,1994,257,1995,205,1995,216,1995,247,1995,268,1996,188,1996,189,1996,211,1997,218,1998,185,1999,168,2001,248,2001,256,2001,270
17,1981,153,1981,170,1981,199,1981,238,1981,251,1982,154,1982,173,1982,180,1982,207,1982,214,1982,217,1982,239,1982,251,1982,271,1986,160,1986,175,1991,155,1991,157,1991,166,1991,219,1991,237,1991,272,1992,169,1992,179,1992,184,1992,193,1992,221,1992,260,1995,156,1995,171,1996,197,1998,157,1998,167,1998,204,1999,191,1999,222,1999,222,1999,271,2004,203
18,1981,172,1986,169,1989,161,1991,181,1991,197,1991,226,1995,169,1995,215,1996,244,1997,167,1998,195,1998,213,1998,215,1998,236,1999,193,1999,198,1999,218,1999,265,2000,183,2001,243
23,1989,186,1989,272,1996,159,1996,189,2004,152
24,1989,152,1989,166,1989,168,1989,202,1989,202,1989,206,1989,207,1989,224,1989,237,1989,238,1989,242,1989,249,1989,251,1989,258,1989,260,1989,266,1991,238,1991,273,1993,233,1993,243,1997,257,1999,241,2000,268,2004,155,2004,159,2004,188,2004,228
25,1989,194,1989,220,1989,229,1989,235,1989,257,1989,267,1994,197,1996,153,1996,176,1996,195,1996,199,1996,234,1996,240,1996,270
28,1981,183,1986,257,1989,158,1989,159,1989,164,1989,170,1989,170,1989,183,1989,208,1989,211,1989,213,1989,230,1989,250,1989,252,1989,273,1993,168,1994,170,1994,229,1995,215,1996,208,1996,228,1998,154,1998,187,1998,199,1998,221,1998,257,1999,189,2000,184,2004,163,2004,206
29,1981,167,1981,186,1981,210,1981,228,1982,155,1982,210,1982,232,1982,253,1986,178,1986,253,1986,263,1986,267,1987,186,1987,203,1989,158,1989,160,1989,198,1989,235,1989,243,1989,246,1989,249,1991,158,1991,179,1991,217,1992,254,1993,175,1993,245,1993,254,1993,260,1994,212,1995,184,1995,196,1995,244,1995,247,1995,253,1995,266,1996,210,1996,227,1996,252,1997,243,1997,271,1999,231,2001,245,2004,163,2004,173,2004,217,2004,220,2004,236,2004,260
30,1982,261,1986,194,1989,155,1989,173,1989,188,1989,202,1989,217,1989,248,1991,173,1992,194,1993,250,1993,253,1993,253,1996,153,1996,161,1996,198,1996,247,1996,255,1997,217,1997,242,1999,222,1999,252,1999,273,2000,245,2001,177,2001,268,2004,203
31,1982,243,1982,254,1989,167,1989,170,1989,178,1989,200,1989,232,1996,222,1998,164,1998,211,1999,155,1999,180,2001,188,2001,256
32,1982,238,1986,253,1991,227,1991,239,1992,169,1992,192,1993,172,1993,190,1993,196,1993,216,1995,201,1995,248,1995,256,1996,192,1997,154,1999,164,1999,211,1999,257,2000,169,2001,158,2001,185,2001,213,2001,217
33,1981,189,1982,158,1982,166,1982,170,1982,211,1982,240,1986,157,1986,205,1986,224,1986,243,1986,245,1986,246,1986,257,1986,268,1989,160,1990,166,1992,174,1992,176,1992,178,1992,181,1992,183,1992,185,1992,190,1992,211,1992,225,1992,244,1992,248,1992,263,1992,266,1992,268,1994,203,1994,239,1994,248,1995,217,1995,260,1995,273,1996,204,1996,219,1996,229,1998,153,1999,155,1999,175,1999,202,1999,202,1999,228,1999,238,1999,243,1999,257,2001,154,2001,206
34,1981,177,1981,189,1981,249,1982,165,1982,236,1982,253,1986,163,1986,187,1986,193,1986,229,1986,268,1989,167,1989,181,1991,181,1991,241,1994,202,1994,255,1995,177,1996,201,2001,195
35,1981,231,1981,241,1981,248,1982,195,1982,200,1982,200,1982,203,1982,247,1983,181,1983,272,1986,187,1986,256,1990,165,1991,160,1991,167,1991,172,1991,176,1991,224,1991,229,1991,237,1991,255,1991,263,1992,271,1995,243,1995,271,1997,176,1998,233,1999,154,1999,215,1999,233,1999,243,2001,210,2001,217,2004,236
36,1981,168,1982,249,1982,256,1986,260,1989,194,1989,228,1999,162,1999,270,2004,162,2004,236,2004,244,2004,257
40,1981,192,1986,153,1986,207,1989,159,1989,227,1993,221,1996,233,1996,235,1996,241,1996,253,1999,229,2001,235,2001,236
41,1981,267,1986,200,1986,218,1986,260,1989,206,1996,153,1996,160,1996,164,1996,167,1996,180,1996,181,1996,182,1996,183,1996,186,1996,194,1996,201,1996,205,1996,205,1996,210,1996,214,1996,220,1996,221,1996,227,1996,228,1996,231,1996,232,1996,234,1996,234,1996,236,1996,238,1996,240,1996,241,1996,241,1996,245,1996,251,1996,254,1996,255,1996,256,1996,264,1996,266,1996,267,1996,268,1996,269,1996,270,1996,271,1996,271,1996,272,1998,201
42,1986,174,1986,232,1989,159,1989,160,1989,165,1989,169,1989,170,1989,186,1989,189,1989,203,1989,204,1989,206,1989,209,1989,218,1989,239,1989,245,1989,249,1989,255,1989,270,1993,264,1995,207,1998,189,1999,165,2004,172,2004,182,2004,183,2004,208,2004,214,2004,232,2004,271,2004,273
45,1982,174,1989,175,1989,178,1989,181,1989,199,1989,243,1993,214,1993,268,1994,218,1995,180,1996,159,1996,177,1996,196,1996,220,2004,226,2004,242
46,1981,183,1981,235,1981,238,1981,242,1985,232,1985,272,1986,165,1986,178,1986,189,1986,198,1986,213,1986,214,1986,238,1986,238,1986,246,1987,188,1989,245,1990,182,1992,187,1992,209,1992,211,1993,159,1993,242,1994,217,1995,156,1995,184,1995,209,1995,224,1995,228,1995,255,1995,262,1996,252,1997,236,1998,160,1998,174,1998,179,1998,182,1998,190,1998,194,1998,206,1998,221,1998,222,1998,222,1998,236,1998,239,1998,245,1998,271,1998,273,1998,273,1998,273,1999,154,1999,159,1999,159,1999,160,1999,161,1999,168,1999,175,1999,186,1999,186,1999,188,1999,192,1999,195,1999,199,1999,201,1999,202,1999,202,1999,204,1999,207,1999,207,1999,210,1999,212,1999,214,1999,215,1999,222,1999,228,1999,236,1999,237,1999,238,1999,240,1999,241,1999,252,1999,255,1999,255,1999,255,1999,257,1999,258,1999,262,1999,267,1999,272,2000,180,2001,155,2001,155,2001,159,2001,160,2001,163,2001,168,2001,170,2001,173,2001,173,2001,175,2001,175,2001,180,2001,182,2001,183,2001,186,2001,187,2001,203,2001,211,2001,211,2001,215,2001,217,2001,228,2001,240,2001,241,2001,241,2001,256,2001,257,2001,259,2001,267,2004,168,2004,216,2004,229,2004,249
47,1982,188,1982,196,1986,163,1986,173,1986,186,1986,187,1986,188,1986,196,1986,213,1986,226,1986,241,1986,250,1986,253,1986,262,1986,263,1986,266,1987,162,1987,166,1987,176,1987,258,1988,188,1990,201,1991,165,1994,155,1994,204,1994,204,1994,210,1994,233,1994,235,1994,236,1994,250,1994,266,1994,270,1995,174,1995,181,1995,214,1995,241,1995,247,1995,256,1998,173,2000,267
48,1981,267,1982,202,1982,224,1982,245,1982,270,1986,193,1986,215,1988,238,1989,153,1989,164,1989,187,1989,202,1989,228,1991,170,1992,253,1994,230,1994,252,1995,198,1996,194,1996,211,1998,153,1998,223,1999,153,1999,185,1999,234,1999,249,2001,182,2001,243
49,1981,196,1981,214,1981,223,1982,239,1982,268,1986,209,1986,225,1986,226,1991,168,1991,175,1992,233,1994,254,1999,155,1999,221,1999,267,2001,266
50,1981,191,1985,194,1986,253,1986,254,1991,197,1995,187,1996,165,1996,173,1996,196,1996,198,1996,199,1996,199,1996,220,1996,228,1996,235,1996,248,1998,152,2000,247,2004,223,2004,249,2004,258
51,1982,154,1982,155,1982,198,1982,211,1982,261,1986,171,1986,176,1986,192,1986,251,1986,252,1989,152,1989,206,1989,224,1989,231,1991,152,1991,181,1992,161,1992,191,1992,203,1992,224,1992,227,1992,232,1992,240,1992,244,1992,248,1992,259,1993,212,1994,180,1994,184,1994,265,1995,152,1995,157,1995,188,1996,158,1996,195,1997,210,1998,191,1999,169,1999,171,1999,234,1999,247,1999,255,1999,267,2000,178,2001,169,2004,240,2004,250,2004,253
52,1981,180,1983,239,1984,269,1986,153,1989,155,1989,163,1990,190,1991,167,1991,177,1991,181,1991,213,1991,229,1991,230,1992,159,1992,258,1993,173,1996,175,1996,179,1996,193,2001,221,2004,153,2004,213,2004,218
53,1981,193,1981,195,1981,201,1981,209,1981,215,1981,221,1981,236,1981,272,1982,174,1982,183,1982,192,1982,242,1982,247,1983,180,1983,182,1983,226,1983,242,1984,176,1984,245,1985,174,1985,205,1985,207,1986,161,1986,175,1986,273,1988,249,1989,172,1989,195,1989,219,1989,236,1989,249,1989,259,1990,217,1990,221,1990,258,1990,272,1991,178,1991,189,1991,192,1992,161,1992,196,1992,221,1992,227,1993,167,1993,169,1993,170,1993,181,1993,196,1993,208,1993,217,1993,223,1993,238,1993,253,1993,264,1993,269,1994,153,1994,153,1994,172,1994,192,1994,203,1994,207,1994,217,1994,253,1995,156,1996,206,1996,264,1997,243,1998,163,1998,168,1998,173,1998,178,1998,186,1998,188,1998,189,1998,201,1998,211,1998,243,1999,158,1999,162,1999,177,1999,226,1999,246,1999,248,1999,260,2000,165,2001,157,2001,184,2001,224,2001,224,2001,240,2001,253
54,1994,192
57,1996,176,1996,198
58,1981,181,1981,187,1981,212,1981,246,1981,253,1981,253,1981,261,1982,158,1982,195,1982,247,1985,217,1988,198,1988,217,1988,265,1989,168,1989,186,1989,187,1989,190,1989,191,1989,201,1989,207,1989,231,1989,246,1989,263,1990,205,1990,241,1991,153,1991,207,1992,206,1992,230,1993,213,1994,164,1994,196,1994,203,1994,233,1994,272,1995,198,1995,199,1995,204,1995,236,1995,236,1995,273,1996,233,1996,241,1997,165,1997,210,1998,249,1999,156,1999,162,1999,163,1999,235,2000,153,2000,156,2000,191,2000,201,2001,232,2004,203,2004,211,2004,223,2004,229
59,1981,210,1982,189,1982,255,1982,273,1986,156,1986,215,1986,222,1989,157,1989,158,1989,172,1989,182,1989,187,1989,209,1989,216,1989,219,1989,236,1989,264,1989,271,1989,273,1993,219,1993,270,1994,238,1994,270,1995,175,1995,177,1995,193,1995,235,1995,240,1995,257,1995,261,1996,153,1996,155,1996,160,1996,164,1996,166,1996,168,1996,173,1996,179,1996,184,1996,186,1996,187,1996,191,1996,201,1996,212,1996,218,1996,220,1996,220,1996,232,1996,232,1996,234,1996,238,1996,244,1996,247,1996,248,1996,257,1996,259,1996,265,1996,266,1996,268,1996,272,1997,241,1998,161,1998,178,1998,201,1999,159,1999,168,1999,181,1999,181,1999,182,1999,221,1999,223,1999,243,1999,249,2001,211,2004,156,2004,198,2004,206,2004,213
60,1981,166,1989,153,1989,162,1989,164,1989,166,1989,172,1989,189,1989,191,1989,193,1989,204,1989,225,1989,229,1989,246,1989,248,1989,250,1989,252,1989,265,1989,266,1989,272,1995,168,1996,200,1999,176,1999,195,2000,261,2001,154,2001,214,2004,163,2004,170,2004,173,2004,253,2004,270
61,1995,173,1995,218,1999,156,1999,194,1999,238,1999,247
62,1981,202,1981,245,1986,234,1989,166,1989,179,1989,182,1989,193,1989,206,1989,225,1989,227,1989,234,1989,238,1989,240,1989,243,1989,251,1990,181,1991,187,1991,204,1992,164,1992,168,1992,204,1993,170,1993,209,1993,217,1993,231,1993,270,1994,157,1994,171,1994,206,1994,271,1995,162,1995,167,1995,206,1995,210,1995,210,1995,238,1995,250,1995,257,1996,181,1996,186,1996,222,1998,219,1998,247,1999,152,1999,157,1999,159,1999,178,1999,201,1999,217,1999,220,1999,236,1999,252,2000,159,2001,162,2001,165,2001,208,2001,261,2001,273,2004,153,2004,159,2004,191,2004,195,2004,230,2004,251,2004,254
63,1981,178,1981,179,1981,216,1981,242,1981,247,1981,251,1981,254,1982,181,1982,211,1982,215,1982,240,1982,247,1985,153,1986,155,1986,155,1986,204,1987,252,1988,189,1988,224,1988,237,1988,256,1989,196,1989,220,1990,178,1991,159,1992,152,1992,160,1992,162,1992,182,1992,191,1992,197,1992,200,1992,212,1992,228,1992,239,1992,249,1992,251,1994,175,1994,203,1994,214,1994,222,1994,225,1994,236,1994,246,1995,154,1995,154,1995,160,1995,169,1995,179,1995,180,1995,182,1995,189,1995,195,1995,197,1995,197,1995,200,1995,206,1995,214,1995,221,1995,227,1995,242,1995,244,1995,246,1995,249,1995,265,1995,266,1995,268,1996,196,1996,221,1996,265,1996,267,1996,272,1997,196,1997,237,1997,243,1997,247,1998,189,1998,239,1999,183,1999,195,1999,210,1999,216,1999,226,1999,232,1999,239,1999,261,2000,158,2000,180,2000,183,2000,184,2000,190,2000,193,2000,207,2000,212,2000,222,2000,223,2000,234,2000,239,2000,244,2000,257,2000,261,2000,266,2000,267,2000,268,2001,154,2001,213,2001,249,2001,266,2004,170,2004,184,2004,185,2004,221,2004,249
64,1981,178,1981,181,1986,265,1989,177,1989,215,1992,235,1994,198,1994,228,1995,154,1995,187,1995,211,1995,248,1995,271,1996,170,1996,198,1996,223,1996,226,1998,164,1998,174,1998,181,1998,188,1998,226,1998,230,1998,233,1998,235,1998,236,1998,243,1998,245,1998,259,1999,154,1999,155,1999,159,1999,160,1999,166,1999,170,1999,174,1999,176,1999,177,1999,181,1999,184,1999,185,1999,189,1999,191,1999,191,1999,191,1999,193,1999,197,1999,198,1999,205,1999,205,1999,212,1999,214,1999,218,1999,220,1999,223,1999,232,1999,233,1999,234,1999,238,1999,240,1999,241,1999,243,1999,246,1999,250,1999,250,1999,252,1999,254,1999,259,1999,259,1999,260,1999,260,1999,262,1999,264,1999,271,1999,273,2001,155,2001,159,2001,166,2001,170,2001,177,2001,181,2001,189,2001,189,2001,197,2001,197,2001,199,2001,201,2001,202,2001,205,2001,211,2001,211,2001,212,2001,215,2001,223,2001,230,2001,237,2001,241,2001,244,2001,251,2001,262,2001,264,2004,201
65,1982,165,1982,171,1982,219,1982,225,1982,228,1986,180,1986,237,1986,247,1986,251,1986,268,1991,242,1992,185,1994,164,1994,174,1994,187,1994,226,1994,262,1995,189,1995,246,1996,156,1996,187,1996,206,1998,236,2004,202,2004,206
66,1981,168,1981,216,1981,239,1982,154,1982,171,1982,189,1982,236,1982,241,1982,244,1982,244,1982,250,1982,262,1982,264,1986,226,1989,226,1991,262,1992,171,1992,217,1992,232,1992,235,1992,246,1992,269,1993,198,1995,200,1995,255,1996,169,1996,231,1996,257,1997,167,1998,195,1998,219,1998,227,1998,239,1999,184,1999,245,2000,163,2000,171,2001,156,2001,185,2001,196,2001,201,2001,202,2001,209,2001,238,2001,239,2001,267
67,1982,227,2004,195
68,1981,233,1982,225,1986,200,1986,240,1989,192,1989,205,1989,221,1989,259,1989,267,1991,235,1992,172,1992,181,1992,201,1992,219,1992,231,1993,204,1993,247,1995,174,1995,272,1996,169,1996,199,1996,199,1996,204,1996,214,1996,219,1996,250,1996,252,1996,270,1997,232,1997,259,1999,195,1999,232,1999,239,1999,261,1999,272,2001,247,2004,163,2004,193,2004,217,2004,253
69,1981,156,1981,167,1981,209,1981,220,1982,178,1982,240,1989,234,1989,239,1989,243,1989,266,1991,163,1991,179,1993,252,1996,155,1996,169,1996,181,1997,234,1998,241,1999,210,2001,195,2004,187,2004,206,2004,213,2004,230,2004,247
70,1981,195,1981,235,1986,236,1989,181,1989,190,1989,255,1991,224,1991,262,1992,180,1992,189,1992,243,1992,269,1992,270,1994,173,1995,199,1995,215,1995,258,1995,262,1996,177,1996,184,1996,211,1996,262,1999,194,1999,225,2001,175,2004,195,2004,206,2004,252,2004,253,2004,272
71,1982,156,1982,166,1986,158,1986,164,1986,188,1986,195,1986,195,1986,195,1986,220,1986,260,1989,154,1989,169,1989,171,1989,178,1989,179,1989,191,1989,198,1989,213,1989,215,1989,247,1990,243,1992,157,1993,188,1993,190,1993,238,1993,249,1993,257,1994,160,1994,164,1994,201,1994,216,1994,220,1994,233,1996,153,1996,153,1996,157,1996,159,1996,161,1996,164,1996,164,1996,167,1996,168,1996,169,1996,172,1996,173,1996,175,1996,175,1996,175,1996,176,1996,178,1996,179,1996,180,1996,183,1996,185,1996,188,1996,191,1996,196,1996,198,1996,198,1996,201,1996,201,1996,204,1996,205,1996,205,1996,205,1996,205,1996,208,1996,213,1996,215,1996,226,1996,228,1996,232,1996,233,1996,233,1996,235,1996,236,1996,238,1996,242,1996,244,1996,247,1996,249,1996,251,1996,253,1996,253,1996,254,1996,255,1996,255,1996,256,1996,256,1996,260,1996,266,1996,269,1996,269,1996,270,1998,267,1999,162,1999,203,1999,264,1999,268,1999,272,1999,272,2004,242,2004,268
72,1982,246,1992,250,1998,218
74,1989,263
75,1996,153,1996,176,1996,183,1996,192,1996,214,1996,218,1996,219,1996,230,1996,232,1996,236,1996,236,1996,244,1996,246
76,1981,254,1986,154,1986,167,1986,266,1989,167,1989,195,1992,161,1992,164,1994,158,1996,156,1996,178,1996,180,1996,258,1996,268,1998,159,1998,247,1999,176,1999,204,1999,208,1999,210,2000,252,2001,256,2004,189,2004,208,2004,257,2004,262,2004,267
77,1981,196,1981,223,1981,226,1981,230,1981,243,1982,178,1982,233,1986,222,1989,162,1989,178,1989,191,1989,196,1989,196,1989,197,1989,199,1989,201,1989,207,1989,208,1989,224,1989,231,1989,234,1989,235,1989,242,1989,246,1989,251,1989,261,1989,267,1990,177,1991,169,1991,183,1991,223,1993,155,1993,195,1995,159,1995,166,1995,190,1995,196,1995,211,1995,211,1996,164,1996,207,1996,224,1996,229,1996,238,1996,261,1997,157,1997,185,1997,204,1998,219,1998,233,1998,240,1998,253,1998,269,1999,166,1999,188,1999,193,1999,232,2000,158,2000,240,2001,161,2001,173,2001,184,2001,236,2001,259,2004,188,2004,209,2004,233
78,1982,153,1982,157,1982,166,1982,197,1982,221,1982,222,1982,226,1982,230,1982,238,1982,248,1982,254,1983,255,1986,194,1986,209,1986,218,1986,232,1989,153,1989,171,1989,189,1989,193,1989,208,1989,216,1989,218,1989,225,1989,247,1990,161,1991,162,1991,194,1991,227,1991,236,1991,248,1992,183,1992,210,1996,190,1996,204,1996,214,1996,221,1996,228,1996,230,1996,243,1996,251,1997,187,1997,198,1997,201,1999,188,2000,260,2001,209,2001,220,2001,222,2001,248
79,1982,191,1982,206,1982,208,1982,247,1982,264,1982,273,1985,184,1985,229,1985,231,1985,233,1985,238,1985,267,1988,253,1988,271,1989,174,1989,220,1989,230,1989,247,1991,269,1991,272,1993,157,1993,209,1993,223,1993,226,1993,249,1994,152,1994,168,1994,177,1994,184,1994,186,1994,188,1994,201,1994,207,1994,212,1994,216,1994,232,1994,240,1994,250,1995,155,1995,156,1995,164,1995,174,1995,183,1995,211,1995,215,1995,226,1995,230,1995,243,1996,165,1996,182,1996,202,1996,211,1996,236,1996,269,1997,189,1998,185,1998,186,1998,205,1998,205,1998,215,1998,219,1998,230,1998,232,1998,256,1998,272,1999,197,1999,233,2001,165,2001,175,2001,181,2001,193,2001,202,2001,206,2001,215,2001,256,2004,154
80,1981,171,1981,255,1981,261,1981,267,1982,156,1982,187,1982,187,1982,202,1982,220,1982,233,1982,254,1982,261,1982,263,1982,269,1984,184,1984,233,1984,253,1985,166,1985,178,1985,217,1985,225,1985,262,1986,190,1986,241,1986,243,1988,188,1988,203,1989,152,1989,181,1989,182,1989,195,1989,199,1989,199,1989,225,1989,238,1989,255,1989,262,1989,269,1990,186,1990,249,1991,257,1992,223,1993,190,1993,190,1993,211,1993,220,1993,222,1994,165,1994,188,1995,161,1995,163,1995,174,1995,185,1995,196,1995,234,1996,181,1996,194,1996,207,1996,228,1997,162,1997,203,1997,207,1997,238,1998,181,1999,158,1999,194,1999,199,1999,202,1999,225,1999,231,1999,236,1999,237,1999,239,1999,255,1999,263,2000,269,2001,155,2001,166,2001,180,2001,181,2001,183,2001,195,2001,200,2001,204,2001,206,2001,214,2001,217,2001,228,2001,250,2001,252,2001,256,2001,258,2004,163,2004,163,2004,176,2004,180,2004,182,2004,197,2004,217,2004,252,2004,256,2004,260
81,1981,168,1981,177,1981,198,1981,213,1981,219,1981,226,1981,235,1981,241,1981,244,1981,248,1981,271,1982,171,1982,172,1982,234,1982,252,1982,260,1982,266,1984,244,1984,251,1985,210,1986,195,1987,228,1988,217,1989,152,1989,153,1989,160,1989,166,1989,177,1989,182,1989,183,1989,188,1989,199,1989,202,1989,202,1989,205,1989,217,1989,219,1989,221,1989,226,1989,231,1989,234,1989,242,1989,248,1989,252,1989,260,1989,265,1989,271,1991,207,1991,215,1992,184,1992,191,1992,194,1992,206,1992,230,1992,239,1992,258,1993,152,1993,166,1993,170,1993,173,1993,181,1993,182,1993,182,1993,185,1993,242,1993,247,1993,249,1993,262,1994,160,1994,163,1994,175,1994,181,1994,191,1994,196,1994,199,1994,237,1994,240,1995,153,1995,178,1995,180,1995,199,1995,220,1995,244,1995,246,1995,265,1996,156,1996,190,1996,223,1996,230,1996,245,1996,251,1996,252,1996,263,1996,267,1997,189,1997,189,1997,218,1997,258,1998,160,1998,184,1998,202,1998,207,1998,236,1998,252,1998,271,1999,162,1999,162,1999,163,1999,175,1999,176,1999,190,1999,191,1999,193,1999,207,1999,208,1999,215,1999,242,1999,243,1999,245,1999,249,1999,250,1999,255,1999,257,1999,258,1999,258,1999,258,1999,264,1999,271,1999,272,2000,159,2000,171,2000,206,2000,212,2000,221,2000,221,2000,228,2000,232,2000,235,2000,239,2000,242,2001,185,2001,197,2001,239,2001,246,2001,251,2001,273,2004,165,2004,184,2004,205,2004,255,2004,266,2004,267
82,1981,187,1981,192,1981,199,1982,168,1982,174,1982,218,1982,248,1986,165,1986,241,1988,172,1988,175,1988,193,1988,198,1988,248,1988,267,1989,156,1989,163,1989,163,1989,178,1989,181,1989,216,1989,227,1989,231,1989,251,1989,264,1990,169,1990,194,1990,215,1991,195,1991,232,1992,171,1992,191,1992,203,1992,207,1992,223,1992,226,1992,237,1992,259,1992,264,1992,264,1993,161,1993,195,1993,203,1993,222,1993,246,1993,259,1994,154,1994,158,1994,165,1994,179,1994,184,1994,185,1994,187,1994,188,1994,190,1994,191,1994,201,1994,207,1994,212,1994,213,1994,216,1994,229,1994,234,1994,245,1994,246,1994,262,1994,269,1994,271,1994,271,1995,172,1996,170,1996,184,1997,180,1997,273,1998,178,1998,179,1998,210,1998,262,1998,263,1998,270,1999,167,1999,173,1999,180,1999,192,1999,197,1999,214,1999,225,1999,229,1999,255,1999,258,2000,190,2001,154,2001,158,2001,205,2001,214,2001,224,2001,237,2001,244,2001,247,2001,273,2004,203,2004,259,2004,272
83,1981,153,1981,168,1981,186,1981,200,1981,245,1981,258,1981,263,1982,154,1982,166,1982,169,1982,180,1982,198,1982,223,1982,227,1985,212,1986,152,1986,189,1986,240,1989,175,1989,267,1990,239,1991,158,1991,166,1991,249,1991,264,1992,160,1992,174,1992,186,1992,217,1992,220,1992,224,1992,251,1992,262,1992,271,1993,256,1993,261,1995,156,1995,174,1996,169,1996,170,1996,213,1996,248,1996,250,1997,154,1997,176,1997,246,1997,269,1998,193,1998,269,1999,165,1999,173,1999,179,1999,189,1999,197,1999,226,2000,176,2001,177,2001,194,2001,200,2001,208,2001,210,2001,211,2001,266,2004,172,2004,188,2004,254
84,1981,160,1982,241,1983,263,1984,163,1985,164,1985,247,1986,157,1986,192,1986,270,1991,223,1992,173,1992,200,1992,213,1992,260,1995,152,1995,185,1995,200,1996,233,1997,170,1998,229,1999,241,2001,212,2004,237
85,1982,216,1982,226,1982,258,1986,180,1991,191,1991,199,1991,245,1991,270,1992,215,1992,244,1992,249,1992,265,2004,172,2004,260
86,1981,203,1981,262,1982,186,1982,265,1989,165,1989,172,1989,198,1989,201,1989,213,1989,220,1989,241,1991,222,1992,236,1992,249,1992,258,1996,181,1996,224,1997,161,1997,163,1999,249,2001,259,2004,225,2004,255
87,1981,168,1981,181,1981,196,1982,209,1982,248,1982,270,1985,243,1986,249,1987,186,1989,233,1989,235,1989,236,1989,243,1989,255,1989,270,1990,172,1990,258,1992,197,1992,244,1994,172,1994,188,1996,158,1996,162,1996,169,1996,177,1996,188,1996,191,1996,202,1996,221,1996,228,1996,246,1997,167,1998,177,1998,189,1998,215,1999,261,2000,244,2000,272
88,1981,170,1981,225,1981,261,1981,261,1981,273,1982,172,1982,224,1982,247,1982,247,1984,160,1984,203,1984,206,1986,153,1986,166,1986,176,1986,266,1989,163,1989,166,1989,167,1989,169,1989,172,1989,178,1989,184,1989,210,1989,216,1989,220,1989,228,1989,235,1989,237,1989,239,1989,251,1989,256,1989,267,1990,249,1990,271,1991,204,1991,220,1992,180,1992,259,1993,252,1994,218,1995,166,1995,270,1996,155,1996,164,1996,180,1996,189,1996,191,1996,196,1996,203,1996,209,1996,217,1996,223,1996,233,1996,237,1996,241,1996,245,1996,255,1996,260,1996,271,1997,248,1998,154,1998,222,1998,231,1999,157,1999,166,1999,180,1999,192,1999,207,1999,235,2001,195,2001,204,2004,208,2004,234
89,1981,157,1981,165,1981,189,1981,235,1981,256,1981,266,1981,269,1981,270,1981,272,1982,177,1984,166,1984,261,1986,154,1986,180,1986,181,1986,182,1986,199,1988,221,1988,259,1989,156,1989,157,1989,165,1989,168,1989,169,1989,181,1989,195,1989,199,1989,213,1989,215,1989,218,1989,219,1989,220,1989,224,1989,225,1989,229,1989,230,1989,256,1989,265,1991,170,1991,258,1992,164,1992,217,1992,229,1992,269,1993,242,1994,156,1994,204,1994,265,1996,160,1996,165,1996,168,1996,171,1996,176,1996,182,1996,192,1996,192,1996,193,1996,200,1996,201,1996,201,1996,202,1996,206,1996,206,1996,211,1996,216,1996,219,1996,226,1996,229,1996,230,1996,230,1996,234,1996,235,1996,244,1996,245,1996,253,1996,253,1996,261,1996,263,1996,263,1997,167,1997,205,1998,226,1998,248,1999,157,2000,222,2000,229,2000,247,2000,261,2001,204,2004,152,2004,157,2004,161,2004,186,2004,191,2004,198,2004,208,2004,222,2004,225,2004,229,2004,229,2004,237,2004,249,2004,268
90,1981,189,1982,157,1982,193,1986,175,1986,227,1986,233,1986,233,1986,267,1989,174,1989,181,1989,193,1989,199,1989,212,1989,243,1989,256,1991,158,1992,260,1994,192,1994,214,1995,165,1995,177,1995,249,1996,224,1999,199,2001,236,2004,249
91,1981,160,1981,170,1981,181,1981,209,1981,225,1981,240,1982,179,1982,198,1982,202,1982,224,1982,233,1982,238,1982,250,1982,260,1982,265,1982,268,1985,253,1986,183,1986,187,1986,191,1986,198,1986,249,1986,251,1986,257,1988,246,1989,161,1989,179,1989,186,1989,212,1989,240,1989,255,1989,263,1990,176,1990,218,1991,183,1991,186,1991,217,1991,222,1991,243,1991,253,1992,227,1994,164,1994,244,1995,160,1995,198,1995,216,1995,220,1995,235,1995,236,1995,242,1995,245,1995,254,1995,255,1996,201,1996,227,1996,242,1996,265,1996,267,1996,268,1996,271,1997,239,1998,172,1998,179,1998,200,1998,254,1998,270,2000,174,2004,184,2004,205
92,1996,152,1996,156,1996,161,1996,165,1996,173,1996,183,1996,187,1996,188,1996,189,1996,192,1996,196,1996,196,1996,199,1996,202,1996,225,1996,227,1996,228,1996,232,1996,253,1996,260,1996,263,1996,267,1996,272
93,1981,196,1981,202,1981,235,1981,239,1981,248,1982,252,1982,267,1985,172,1985,207,1986,164,1986,172,1986,175,1986,186,1986,214,1986,220,1986,226,1986,246,1986,271,1988,160,1988,169,1988,193,1988,195,1988,271,1989,155,1989,167,1989,184,1989,192,1989,196,1989,212,1989,244,1989,269,1990,263,1991,249,1992,246,1995,167,1995,245,1996,170,1996,189,1996,195,1996,196,1996,210,1996,231,1996,245,1996,250,1996,260,1996,261,1996,261,1996,262,1996,265,1996,265,1996,268,1998,154,1998,155,1999,178,1999,230,1999,238,1999,238,1999,251,1999,270,2000,160,2000,168,2001,237,2004,255
94,1981,158,1981,168,1981,180,1981,188,1981,255,1981,270,1982,263,1983,186,1985,177,1986,164,1986,168,1986,226,1986,227,1986,229,1986,236,1986,268,1989,171,1989,175,1989,187,1989,200,1989,200,1989,205,1989,219,1989,220,1989,223,1989,223,1989,224,1989,231,1989,237,1989,263,1992,162,1992,179,1992,223,1995,179,1995,189,1995,194,1995,213,1995,213,1995,215,1995,216,1995,233,1995,235,1996,152,1996,178,1996,212,1996,217,1996,230,1996,240,1996,245,1996,254,1996,266,1997,160,1997,217,1997,222,1997,240,1997,250,1998,185,1998,189,1998,223,1998,270,1999,172,1999,180,1999,184,2000,190,2000,213,2000,218,2000,249,2000,254,2000,268,2004,161,2004,220,2004,234,2004,257
95,1981,153,1986,154,1986,208,1986,216,1986,228,1986,241,1986,259,1986,260,1986,266,1986,269,1989,182,1989,189,1989,191,1989,195,1989,224,1989,236,1989,238,1989,239,1989,243,1991,264,1992,182,1992,215,1992,234,1993,172,1993,248,1994,180,1994,182,1996,170,1996,201,1996,212,1996,227,1996,239,1999,169,2001,269,2004,179,2004,200,2004,208,2004,253
96,1981,201,1981,234,1981,239,1982,192,1982,223,1986,216,1986,220,1986,226,1986,273,1989,185,1989,200,1989,204,1989,230,1989,244,1990,170,1991,163,1991,204,1991,269,1992,163,1992,176,1992,189,1992,203,1992,224,1992,227,1992,248,1992,253,1992,270,1992,272,1993,252,1995,200,1995,203,1995,206,1995,210,1995,213,1995,242,1995,254,1996,190,1996,201,1996,201,1997,215,1999,194,1999,248,2000,201,2001,158,2001,188,2001,234,2001,236
97,1981,198,1981,200,1981,271,1982,198,1985,160,1985,174,1985,210,1985,219,1985,226,1986,183,1986,213,1986,265,1988,158,1988,184,1988,207,1988,234,1989,158,1989,171,1989,247,1991,263,1993,168,1994,156,1994,202,1994,208,1994,232,1994,252,1995,174,1995,227,1995,268,1996,154,1996,169,1996,211,1996,218,1996,225,1996,226,1996,249,1998,186,1998,193,1998,247,1998,251,1999,249,1999,255,1999,266,2001,200,2001,230,2001,240,2004,161,2004,180,2004,180,2004,194,2004,199,2004,210,2004,214,2004,217,2004,220,2004,232
98,1981,252,1982,162,1982,220,1982,261,1985,177,1985,219,1985,223,1985,232,1985,270,1985,272,1986,182,1986,193,1986,200,1988,269,1989,170,1989,182,1989,267,1990,169,1990,241,1990,251,1991,157,1991,190,1991,250,1991,264,1992,152,1992,163,1992,193,1992,201,1992,227,1992,247,1992,254,1992,254,1993,166,1993,203,1993,217,1994,152,1994,163,1994,250,1994,268,1994,273,1995,175,1995,190,1995,200,1995,201,1995,205,1995,271,1996,207,1997,156,1997,210,1998,210,1998,213,1999,165,1999,180,1999,182,1999,194,1999,205,1999,217,1999,222,1999,249,2000,253,2000,268,2000,270,2000,272,2000,273,2001,167,2001,176,2001,177,2001,181,2004,156,2004,172,2004,172,2004,176,2004,179,2004,182,2004,189,2004,192,2004,196,2004,198,2004,201,2004,205,2004,215,2004,237,2004,244,2004,265
99,1981,160,1981,170,1981,177,1981,206,1981,224,1981,244,1982,160,1982,229,1982,230,1982,254,1982,257,1982,260,1984,170,1984,230,1985,181,1985,195,1985,267,1986,193,1986,200,1986,203,1986,206,1986,208,1986,216,1986,226,1986,258,1988,156,1988,162,1988,184,1988,238,1988,240,1989,163,1989,173,1989,176,1989,200,1989,203,1989,208,1989,228,1990,158,1990,164,1990,166,1990,173,1990,178,1990,195,1990,198,1990,200,1990,209,1990,233,1990,250,1991,173,1991,236,1991,252,1992,172,1992,190,1992,196,1992,207,1992,219,1992,228,1992,234,1992,251,1992,255,1992,273,1993,179,1993,183,1993,190,1993,211,1993,228,1993,231,1993,253,1994,152,1994,154,1994,155,1994,162,1994,177,1994,193,1994,193,1994,197,1994,198,1994,200,1994,218,1994,228,1994,230,1994,245,1994,256,1994,264,1994,269,1995,163,1995,199,1995,228,1995,266,1996,162,1996,169,1996,175,1996,218,1996,250,1997,228,1998,163,1998,188,1998,211,1998,225,1998,267,1999,154,1999,161,1999,170,1999,173,1999,176,1999,184,1999,187,1999,189,1999,194,1999,197,1999,198,1999,208,1999,216,1999,232,1999,238,1999,238,1999,271,2000,166,2000,240,2000,267,2001,166,2001,181,2001,199,2001,240,2001,266,2004,173,2004,205,2004,232,2004,248,2004,258
100,1981,159,1981,174,1981,227,1981,227,1981,265,1982,161,1982,162,1982,166,1982,168,1982,188,1982,191,1982,213,1982,215,1982,222,1982,225,1982,226,1982,237,1982,243,1982,273,1983,186,1983,225,1983,242,1983,247,1984,218,1984,257,1985,175,1985,178,1985,197,1985,235,1985,260,1987,157,1987,256,1988,158,1988,186,1988,188,1988,200,1988,210,1988,243,1988,245,1988,245,1988,248,1989,175,1989,193,1989,228,1990,206,1990,234,1990,234,1991,171,1991,202,1991,212,1992,205,1993,156,1993,161,1993,166,1993,176,1993,177,1993,181,1993,201,1993,226,1993,229,1993,230,1993,231,1993,263,1993,268,1993,269,1994,152,1994,152,1994,153,1994,159,1994,162,1994,165,1994,172,1994,175,1994,175,1994,181,1994,183,1994,188,1994,189,1994,192,1994,198,1994,204,1994,208,1994,211,1994,216,1994,220,1994,225,1994,233,1994,233,1994,235,1994,237,1994,240,1994,241,1994,242,1994,250,1994,255,1994,256,1994,256,1994,257,1994,258,1994,258,1994,265,1994,269,1994,270,1995,193,1995,220,1995,222,1995,248,1995,255,1995,273,1996,202,1996,214,1996,238,1996,252,1996,257,1996,262,1998,245,1999,154,1999,164,1999,186,1999,186,1999,208,2001,160,2001,184,2001,222,2001,268
101,1981,177,1981,263,1981,267,1982,160,1982,166,1982,193,1982,204,1982,212,1982,214,1982,215,1982,220,1982,247,1983,179,1983,252,1985,152,1985,166,1985,188,1985,191,1985,224,1985,230,1985,236,1985,244,1985,261,1985,263,1985,271,1985,271,1986,197,1986,249,1988,173,1988,187,1988,251,1989,232,1989,257,1990,176,1990,185,1990,210,1991,158,1991,192,1991,199,1991,234,1991,240,1991,255,1993,196,1993,211,1993,222,1993,254,1993,254,1993,257,1994,153,1994,160,1994,171,1994,187,1994,197,1994,200,1994,229,1994,231,1994,244,1995,163,1995,170,1995,188,1995,234,1995,238,1995,270,1996,158,1996,179,1996,239,1996,247,1998,153,1998,247,1999,222,2001,179
102,1981,161,1982,166,1982,169,1982,209,1982,241,1982,241,1985,166,1985,273,1986,152,1986,167,1988,215,1988,253,1988,262,1989,215,1990,210,1991,160,1991,186,1991,202,1991,220,1991,232,1991,242,1992,168,1993,232,1994,170,1994,223,1994,250,1994,253,1995,232,1996,156,1996,178,1999,171
103,1981,191,1986,190,1986,195,1986,237,1992,220,1992,232,1993,227,1994,245,1994,247,1995,224,1995,229,1996,158,1996,243,1997,191,1997,234,1998,171,1998,218,1998,273,1999,177,1999,227,2000,181,2001,156,2001,178,2004,152,2004,187,2004,187,2004,197,2004,264
104,1981,244,1984,213,1987,171,1989,157,1989,168,1989,169,1989,195,1989,224,1989,229,1989,236,1989,271,1992,154,1992,173,1992,222,1993,242,1993,265,1994,192,1994,209,1994,238,1996,162,1996,162,1996,180,1996,185,1996,192,1996,194,1996,203,1996,211,1996,212,1996,223,1996,225,1996,231,1996,233,1996,253,1996,261,1996,272,1998,204,1998,245,1999,153,1999,180,1999,187,1999,234,2001,184
105,1981,203,1981,233,1981,263,1982,156,1982,163,1982,195,1982,196,1982,219,1982,221,1982,222,1982,232,1982,242,1982,248,1982,259,1982,272,1986,154,1986,178,1986,179,1986,236,1986,258,1988,204,1988,225,1988,236,1989,156,1989,173,1989,193,1989,216,1989,220,1989,267,1990,185,1990,186,1990,206,1990,210,1990,234,1990,240,1990,267,1992,196,1992,222,1992,256,1992,264,1993,191,1993,194,1993,241,1994,160,1994,164,1994,208,1994,254,1994,262,1994,272,1995,200,1995,229,1995,232,1995,249,1995,268,1996,249,1996,252,1996,252,1996,254,1996,258,1998,251,1999,152,1999,208,1999,214,2000,181,2000,233
106,1982,251,1990,244,1990,267,1994,208,1996,156,1996,159,1996,165,1996,171,1996,177,1996,180,1996,181,1996,183,1996,185,1996,188,1996,194,1996,214,1996,218,1996,219,1996,227,1996,232,1996,244,1996,246,1996,247,1996,247,1996,248,1996,253,1996,254,1996,256,1996,257,1996,258,1996,259,1996,263,1996,269,1996,272,1996,273
107,1981,206,1981,257,1982,235,1982,252,1986,154,1986,193,1986,209,1986,243,1986,249,1986,250,1986,269,1986,270,1988,176,1988,186,1988,237,1988,250,1989,165,1989,195,1989,202,1989,212,1989,246,1989,256,1989,262,1989,262,1992,239,1992,244,1992,246,1993,241,1994,185,1994,202,1994,244,1994,265,1994,265,1995,174,1995,268,1996,160,1996,161,1996,164,1996,172,1996,177,1996,179,1996,181,1996,184,1996,186,1996,190,1996,193,1996,199,1996,200,1996,202,1996,203,1996,210,1996,220,1996,221,1996,225,1996,226,1996,227,1996,227,1996,236,1996,236,1996,237,1996,237,1996,240,1996,252,1996,259,1996,264,1996,270,1997,178,1997,209,1998,155,1999,168,1999,252,1999,255,1999,256,1999,264,2004,154,2004,156,2004,206,2004,210,2004,258
108,1981,153,1981,185,1981,187,1981,191,1981,208,1981,228,1981,231,1981,243,1981,252,1981,257,1981,260,1981,265,1981,268,1981,269,1982,164,1982,164,1982,165,1982,172,1982,191,1982,214,1982,220,1982,261,1985,156,1985,228,1986,154,1986,160,1986,167,1986,192,1986,199,1986,231,1986,236,1986,264,1986,264,1986,266,1988,209,1989,161,1989,182,1989,184,1989,185,1989,202,1989,234,1989,262,1990,160,1990,167,1991,161,1991,233,1991,241,1992,193,1992,235,1992,245,1992,273,1993,206,1993,232,1993,239,1994,160,1994,172,1994,248,1994,259,1995,157,1995,158,1995,159,1995,190,1995,200,1995,205,1995,251,1996,177,1996,208,1996,212,1996,215,1996,216,1996,217,1996,221,1996,239,1996,252,1996,256,1996,260,1997,203,1997,205,1997,252,1998,159,1998,198,1998,214,1999,163,1999,191,1999,238,2000,166,2000,227,2001,168,2001,223,2004,203,2004,259
109,1981,185,1981,186,1981,205,1981,220,1981,236,1981,242,1982,166,1982,168,1982,240,1983,186,1983,253,1986,214,1989,178,1989,190,1989,214,1989,224,1989,253,1989,263,1990,186,1990,188,1990,192,1990,200,1990,210,1990,211,1990,214,1991,215,1991,233,1992,268,1993,161,1993,164,1993,184,1993,248,1993,251,1995,175,1995,179,1995,197,1995,205,1995,208,1995,219,1995,224,1995,254,1995,266,1995,270,1996,175,1996,192,1996,218,1996,222,1996,263,1997,228,1997,255,1997,258,1998,152,1998,159,1998,178,1998,198,1999,189,1999,254,2000,232,2004,193,2004,222,2004,226,2004,239,2004,256,2004,259
110,1981,175,1981,190,1981,190,1981,202,1981,204,1981,235,1981,258,1983,252,1985,177,1986,155,1986,200,1986,201,1986,203,1986,209,1986,213,1986,249,1986,270,1986,271,1989,160,1989,163,1989,182,1989,182,1989,222,1989,224,1989,258,1990,271,1991,164,1991,197,1992,253,1993,158,1995,175,1995,189,1995,194,1995,207,1995,239,1995,240,1996,196,1996,208,1996,210,1996,213,1996,220,1996,223,1996,226,1996,251,1996,258,1996,262,1996,273,1998,197,1998,251,1999,189,2000,154,2000,230,2001,162,2004,153,2004,170,2004,184,2004,186,2004,231,2004,253,2004,259,2004,260,2004,261,2004,265
111,1981,235,1981,239,1981,241,1981,249,1981,273,1982,203,1982,235,1982,261,1983,182,1985,158,1985,196,1985,207,1985,264,1986,159,1986,166,1986,169,1986,176,1986,177,1986,184,1986,186,1986,195,1986,212,1986,226,1986,236,1986,240,1986,244,1986,248,1986,252,1986,257,1986,269,1987,155,1987,227,1987,231,1987,271,1988,154,1988,155,1988,158,1988,165,1988,168,1988,171,1988,184,1988,189,1988,190,1988,199,1988,215,1988,219,1988,222,1988,222,1988,223,1988,228,1988,237,1988,246,1988,257,1988,257,1988,257,1988,258,1988,259,1988,270,1988,271,1989,158,1989,167,1989,177,1989,178,1989,185,1989,192,1989,196,1989,197,1989,208,1989,210,1989,216,1989,220,1989,221,1989,221,1989,226,1989,234,1989,239,1989,240,1989,248,1989,248,1989,252,1989,253,1989,268,1989,269,1989,272,1990,179,1990,199,1990,219,1990,228,1990,271,1991,191,1991,205,1991,265,1993,172,1993,271,1994,169,1994,171,1994,173,1994,187,1994,211,1994,239,1994,260,1994,267,1995,158,1995,165,1995,167,1995,173,1995,182,1995,199,1995,205,1996,157,1996,167,1996,173,1996,175,1996,188,1996,193,1996,202,1996,212,1996,212,1996,267,1998,160,1998,185,1998,192,1998,222,1998,234,1998,241,1998,259,1998,261,1999,156,1999,161,1999,161,1999,162,1999,164,1999,168,1999,179,1999,189,1999,197,1999,206,1999,212,1999,212,1999,212,1999,220,1999,231,1999,234,1999,235,1999,241,1999,243,1999,246,1999,246,1999,251,1999,251,1999,260,1999,266,1999,270,1999,273,1999,273,2000,191,2000,199,2000,249
112,1981,194,1981,201,1982,192,1982,221,1982,253,1984,172,1986,210,1986,246,1986,249,1988,201,1989,159,1989,164,1989,169,1989,180,1989,219,1989,222,1989,251,1989,254,1989,261,1989,262,1989,270,1990,183,1991,239,1992,210,1993,210,1993,269,1995,229,1995,230,1996,154,1996,162,1996,163,1996,167,1996,178,1996,181,1996,182,1996,193,1996,203,1996,214,1996,215,1996,219,1996,219,1996,221,1996,223,1996,234,1996,235,1996,235,1996,250,1996,262,1997,188,1997,269,1998,162,1998,170,1998,203,1999,184,2000,187,2000,197,2000,209,2000,221,2000,250,2004,165
113,1982,155,1982,158,1982,184,1982,186,1982,197,1982,203,1982,219,1985,186,1986,153,1986,171,1986,187,1986,206,1986,212,1986,246,1986,261,1986,263,1989,172,1989,180,1989,219,1989,226,1989,256,1990,158,1990,187,1991,154,1991,192,1991,254,1992,178,1992,189,1992,252,1993,153,1993,227,1994,220,1996,230,1998,262,1999,227,2000,207,2000,211,2000,264,2001,249,2004,197,2004,209,2004,253
114,1981,271,1982,232,1982,247,1982,267,1985,262,1986,160,1986,194,1986,202,1989,197,1989,198,1989,210,1989,214,1989,225,1992,167,1992,175,1992,200,1993,228,1995,166,1997,154,1997,164,1997,263,1998,195,2001,173,2001,185,2001,194,2004,174,2004,192,2004,227
115,1986,168,1986,170,1986,205,1989,167,1989,191,1989,206,1989,236,1989,236,1993,169,1996,186,1996,212,1997,222,1998,213,1999,251,2001,153,2001,160,2001,163,2001,171,2001,183,2001,244,2001,261,2004,156,2004,156,2004,174,2004,182,2004,264
116,1981,231,1981,259,1982,203,1983,155,1983,271,1985,230,1986,204,1986,204,1986,218,1986,253,1987,265,1988,152,1989,186,1989,257,1990,246,1992,155,1992,170,1992,181,1992,240,1993,179,1994,191,1994,196,1996,190,1998,174,1999,160,1999,209,2000,164,2001,179,2004,163,2004,175,2004,176,2004,182,2004,187,2004,209,2004,223,2004,225,2004,232,2004,244,2004,253,2004,269
117,1981,167,1981,182,1981,204,1981,220,1981,248,1981,251,1982,187,1982,191,1982,215,1982,220,1982,243,1982,259,1983,209,1983,210,1985,180,1986,214,1986,260,1987,232,1987,263,1988,195,1989,154,1989,157,1989,177,1989,179,1989,179,1989,214,1989,217,1989,219,1989,237,1989,245,1989,249,1989,250,1989,264,1990,169,1990,227,1991,180,1991,187,1992,157,1992,158,1992,165,1992,185,1992,207,1992,208,1992,211,1992,228,1992,238,1992,240,1992,241,1992,241,1992,253,1992,258,1992,266,1993,181,1993,223,1993,227,1993,254,1994,156,1994,158,1994,181,1994,200,1994,217,1994,220,1994,241,1995,176,1995,179,1995,192,1995,194,1995,226,1995,239,1995,243,1995,255,1995,262,1995,270,1995,272,1996,159,1996,174,1996,191,1996,192,1996,199,1996,203,1996,213,1996,218,1996,227,1996,244,1996,247,1996,254,1996,262,1997,182,1997,268,1998,190,1998,208,1998,213,1998,213,1998,219,1998,241,1998,265,1999,170,1999,172,1999,185,1999,188,1999,203,1999,220,1999,221,1999,229,1999,234,1999,245,1999,263,2001,202,2001,205,2001,211,2004,214,2004,227
118,1981,162,1981,187,1981,195,1981,206,1981,233,1981,235,1981,237,1981,244,1982,164,1982,229,1982,265,1983,159,1983,184,1983,200,1983,203,1983,203,1983,208,1983,224,1983,252,1984,232,1985,171,1985,190,1986,157,1986,187,1986,238,1986,242,1986,242,1986,253,1986,272,1988,152,1988,173,1988,208,1988,220,1988,259,1988,270,1989,156,1989,159,1989,171,1989,188,1989,234,1989,240,1989,242,1989,265,1990,202,1990,212,1990,221,1990,257,1992,168,1992,232,1993,152,1993,155,1993,155,1993,200,1993,201,1993,235,1993,257,1993,260,1993,272,1994,154,1994,154,1994,159,1994,161,1994,163,1994,163,1994,163,1994,168,1994,184,1994,191,1994,196,1994,203,1994,204,1994,210,1994,210,1994,215,1994,221,1994,231,1994,234,1994,237,1994,239,1994,240,1994,241,1994,242,1994,246,1994,248,1994,257,1994,264,1994,270,1995,175,1995,259,1996,178,1996,183,1996,184,1996,185,1996,221,1996,222,1996,230,1996,233,1996,246,1996,250,1996,261,1998,166,1998,191,1999,154,1999,162,1999,179,1999,182,1999,192,1999,224,1999,237,1999,256,1999,257,1999,258,1999,263,1999,272,2000,160,2000,223,2000,246,2004,212,2004,237
119,1981,250,1982,156,1982,182,1982,191,1982,203,1982,214,1982,221,1982,245,1982,250,1982,254,1982,269,1982,272,1983,268,1984,180,1984,228,1985,157,1985,161,1985,166,1985,202,1985,207,1985,226,1985,227,1985,234,1985,240,1985,251,1985,262,1986,155,1986,186,1986,224,1986,241,1986,268,1986,273,1988,164,1988,199,1988,204,1988,216,1988,226,1988,228,1988,235,1988,243,1988,249,1990,168,1990,233,1991,197,1991,228,1992,159,1992,179,1993,158,1993,165,1993,172,1993,173,1993,174,1993,175,1993,180,1993,180,1993,181,1993,189,1993,193,1993,197,1993,204,1993,205,1993,214,1993,216,1993,217,1993,221,1993,221,1993,223,1993,225,1993,226,1993,227,1993,229,1993,232,1993,233,1993,238,1993,238,1993,242,1993,251,1993,254,1993,268,1993,268,1993,271,1993,271,1994,153,1994,157,1994,157,1994,159,1994,159,1994,165,1994,170,1994,170,1994,171,1994,190,1994,199,1994,201,1994,204,1994,205,1994,207,1994,213,1994,214,1994,215,1994,216,1994,218,1994,223,1994,232,1994,232,1994,242,1994,247,1994,251,1994,253,1994,260,1994,260,1994,267,1994,272,1994,272,1995,158,1995,172,1995,178,1995,230,1995,263,1995,266,1996,157,1996,171,1996,174,1996,190,1996,203,1996,207,1996,210,1998,197,1998,210,1998,248,1998,266,1999,170,1999,172,1999,175,1999,182,1999,185,1999,186,1999,207,1999,244,1999,247,1999,253,1999,254,1999,254,1999,257,1999,260,1999,267,2000,169,2000,210,2000,226,2000,244,2000,260,2001,260,2004,206,2004,209,2004,213
120,1989,202,1996,174,1996,202,1996,211,1996,213,1996,221,1998,270
121,1981,160,1981,173,1983,273,1984,169,1984,253,1986,262,1987,220,1989,183,1989,189,1989,229,1991,202,1992,173,1992,205,1992,207,1992,239,1992,258,1993,238,1993,272,1995,167,1995,185,1995,220,1995,227,1996,175,1996,178,1996,181,1996,195,1996,199,1996,208,1996,228,1996,251,1996,258,1996,265,1997,157,1998,164,1998,172,1998,234,1999,163,1999,175,1999,187,1999,225,1999,241,1999,250,1999,273,2000,152,2000,180,2000,245,2001,241,2001,268,2004,175,2004,240,2004,267,2004,271
122,1986,188,1986,230,1986,239,1994,262,1996,163,1996,169,2004,259
123,1981,163,1981,173,1981,200,1981,220,1981,237,1981,273,1982,156,1982,213,1986,152,1986,163,1986,163,1986,171,1986,182,1986,183,1986,195,1986,204,1986,208,1986,215,1986,231,1986,238,1986,256,1986,265,1986,267,1986,268,1992,216,1992,266,1993,261,1996,152,1996,153,1996,158,1996,176,1996,188,1996,188,1996,193,1996,194,1996,207,1996,220,1996,258,1996,261,2001,246,2004,167
124,1981,154,1981,197,1981,207,1981,228,1981,231,1981,237,1981,255,1982,180,1982,186,1982,205,1982,218,1982,225,1982,237,1982,237,1983,213,1983,264,1985,181,1985,191,1985,223,1985,256,1985,261,1986,169,1988,187,1988,189,1988,226,1989,174,1989,210,1990,187,1990,196,1991,153,1991,161,1991,220,1991,228,1991,262,1992,161,1994,159,1994,169,1994,173,1994,174,1994,177,1994,179,1994,181,1994,183,1994,185,1994,186,1994,191,1994,193,1994,193,1994,203,1994,210,1994,213,1994,216,1994,236,1994,241,1994,250,1994,251,1994,260,1994,265,1995,192,1995,270,1995,270,1995,273,1996,162,1996,170,1996,170,1996,174,1996,204,1996,205,1998,188,1998,231,1998,261,1999,152,1999,157,1999,157,1999,225,1999,254,2000,157,2000,212,2000,251,2000,253,2001,181
125,1981,154,1981,168,1981,168,1981,177,1981,185,1981,204,1981,213,1981,221,1981,236,1982,165,1983,189,1986,153,1986,156,1986,162,1986,165,1986,165,1986,168,1986,181,1986,182,1986,185,1986,188,1986,200,1986,209,1986,211,1986,219,1986,229,1986,242,1986,244,1986,250,1986,254,1986,255,1986,264,1988,167,1989,170,1989,171,1989,179,1989,189,1989,195,1989,195,1989,196,1989,197,1989,203,1989,217,1989,217,1989,222,1989,229,1989,239,1989,245,1989,245,1989,259,1989,261,1989,262,1989,262,1989,268,1991,267,1993,161,1993,196,1993,214,1993,220,1994,165,1994,171,1994,175,1994,178,1994,178,1994,202,1994,203,1994,219,1994,228,1994,237,1994,253,1994,259,1994,261,1994,263,1996,152,1996,156,1996,158,1996,158,1996,160,1996,164,1996,165,1996,166,1996,166,1996,176,1996,177,1996,179,1996,180,1996,181,1996,185,1996,186,1996,190,1996,194,1996,196,1996,197,1996,200,1996,202,1996,209,1996,211,1996,215,1996,217,1996,218,1996,218,1996,220,1996,221,1996,224,1996,226,1996,227,1996,229,1996,231,1996,233,1996,236,1996,238,1996,241,1996,248,1996,249,1996,252,1996,253,1996,254,1996,258,1996,260,1996,264,1996,267,1996,268,1996,269,1996,270,1996,273,1997,212,1997,245,1998,152,1998,173,1998,192,1999,211,2001,224,2001,257,2004,165,2004,203,2004,230,2004,261
126,1981,154,1981,161,1981,173,1981,192,1981,193,1981,199,1981,208,1981,220,1981,230,1981,238,1981,248,1981,267,1982,176,1982,224,1984,207,1984,240,1985,211,1986,155,1986,209,1986,227,1986,231,1986,242,1988,219,1989,152,1989,161,1989,163,1989,179,1989,189,1989,234,1989,265,1990,152,1990,194,1990,205,1990,206,1990,269,1991,157,1991,184,1991,186,1991,202,1991,227,1991,257,1991,264,1993,215,1993,256,1995,157,1995,166,1995,185,1995,186,1995,196,1995,213,1995,252,1995,255,1995,259,1996,154,1996,166,1996,168,1996,172,1996,174,1996,174,1996,186,1996,190,1996,204,1996,210,1996,225,1996,245,1996,253,1996,262,1996,268,1998,166,1998,171,1998,226,1998,249,1999,223,1999,232,1999,271,2000,172,2000,265,2001,225,2004,161,2004,207
127,1989,197,1989,231,1993,221,1996,165,1996,183,1996,189,1996,233,1996,244,1996,249,1996,251,1996,262,1999,260,2000,162,2004,248,2004,263
128,1981,159,1982,229,1989,183,1989,201,1989,248,1995,246,1996,154,1996,161,1996,167,1996,168,1996,169,1996,172,1996,180,1996,181,1996,186,1996,189,1996,194,1996,201,1996,202,1996,205,1996,206,1996,209,1996,210,1996,211,1996,213,1996,214,1996,216,1996,225,1996,230,1996,231,1996,232,1996,232,1996,235,1996,235,1996,238,1996,239,1996,241,1996,251,1996,263,1996,264,1996,269,1996,269,1996,269,1996,271,1998,200,1998,221
129,1982,164,1982,206,1982,230,1983,204,1983,214,1986,155,1986,175,1986,180,1986,184,1986,206,1986,216,1986,228,1986,229,1986,233,1986,247,1986,250,1986,252,1986,261,1987,179,1988,173,1988,220,1988,223,1989,187,1989,202,1989,222,1989,235,1989,266,1990,167,1990,173,1990,178,1990,265,1991,188,1994,268,1995,199,1996,155,1996,158,1996,160,1996,163,1996,164,1996,165,1996,167,1996,171,1996,175,1996,176,1996,177,1996,182,1996,183,1996,185,1996,185,1996,185,1996,189,1996,189,1996,191,1996,194,1996,195,1996,196,1996,197,1996,198,1996,198,1996,199,1996,201,1996,203,1996,206,1996,213,1996,214,1996,215,1996,222,1996,222,1996,222,1996,223,1996,225,1996,227,1996,228,1996,229,1996,230,1996,231,1996,231,1996,232,1996,233,1996,235,1996,235,1996,239,1996,239,1996,241,1996,244,1996,245,1996,250,1996,251,1996,251,1996,255,1996,255,1996,256,1996,257,1996,261,1996,265,1996,267,1996,267,1996,268,1996,270,1996,272,1998,264,1999,160,1999,175,1999,200,1999,222,1999,227,1999,236,2000,159,2000,174
130,1981,169,1981,194,1981,219,1982,159,1982,165,1982,170,1982,222,1982,223,1982,261,1983,172,1983,194,1983,212,1983,230,1985,156,1986,155,1986,156,1986,164,1986,167,1986,172,1986,193,1986,194,1986,196,1986,203,1986,208,1986,219,1986,220,1986,220,1986,226,1986,242,1986,271,1986,271,1987,195,1987,196,1987,203,1987,270,1988,176,1988,179,1988,200,1988,213,1988,222,1989,160,1989,168,1989,182,1989,204,1989,224,1989,224,1989,261,1989,270,1990,153,1990,155,1990,184,1990,186,1990,206,1990,215,1990,223,1990,227,1991,153,1991,181,1991,257,1992,166,1992,214,1992,219,1992,240,1993,207,1993,224,1993,252,1994,155,1994,189,1994,201,1994,204,1994,211,1994,235,1994,241,1994,249,1994,255,1994,270,1995,228,1996,152,1996,153,1996,155,1996,157,1996,163,1996,166,1996,193,1996,197,1996,198,1996,199,1996,200,1996,210,1996,214,1996,220,1996,226,1996,235,1996,239,1996,252,1996,253,1996,258,1996,261,1996,261,1998,260,1999,176,1999,255,1999,264,2001,268,2004,190
131,1981,211,1981,232,1981,233,1986,195,1986,195,1986,237,1989,203,1989,205,1989,227,1989,234,1989,273,1992,161,1993,260,1996,237,1996,245,1996,251,1996,262,1997,190,1997,273,1998,177,1998,201,1999,226,2000,169,2004,234
132,1981,174,1982,159,1982,173,1982,181,1986,169,1986,261,1987,215,1987,243,1990,216,1990,248,1991,251,1992,210,1992,247,1994,213,1994,250,1995,196,1995,238,1995,239,1995,250,1996,174,1996,197,1996,199,1996,202,1996,225,1996,232,1996,244,1996,254,1996,270,1998,158,1998,219,1999,180,2004,237
133,1981,156,1981,163,1981,184,1981,187,1981,239,1981,263,1982,237,1985,223,1986,173,1986,177,1986,196,1986,203,1986,238,1987,266,1989,155,1989,160,1989,166,1989,172,1989,234,1989,245,1989,265,1990,273,1991,227,1991,261,1992,175,1992,183,1992,185,1994,156,1995,157,1996,154,1996,163,1996,178,1996,213,1996,246,1996,247,1996,264,1998,219,1998,271,1999,173,1999,173,1999,190,1999,197,2001,190,2001,228,2001,238
134,1981,158,1984,269,1985,177,1985,220,1985,242,1986,178,1986,266,1989,157,1989,187,1989,197,1989,264,1991,183,1991,225,1991,246,1992,164,1992,199,1992,262,1993,216,1993,241,1995,238,1995,245,1995,252,1995,269,1996,256,1998,214,2001,249,2004,175,2004,212,2004,226,2004,252,2004,268,2004,269
135,1981,178,1981,181,1981,236,1981,247,1981,259,1982,166,1982,190,1982,201,1982,231,1982,266,1982,268,1984,228,1984,243,1984,264,1985,221,1986,170,1989,154,1989,182,1989,184,1989,185,1989,193,1991,220,1991,254,1992,156,1992,186,1992,194,1992,195,1992,234,1992,265,1993,177,1993,206,1994,246,1995,212,1995,226,1995,238,1996,214,1996,214,1996,266,1997,157,1997,231,1997,256,1998,158,1998,182,1998,195,1998,220,1999,168,1999,169,1999,204,1999,215,1999,231,1999,251,2000,235,2001,239,2001,268,2004,153,2004,190,2004,267
136,1981,170,1981,187,1981,205,1981,220,1982,152,1982,164,1982,192,1982,206,1982,221,1984,229,1985,152,1985,270,1986,157,1986,158,1986,180,1986,214,1986,243,1988,197,1988,201,1988,243,1988,249,1988,254,1988,259,1988,260,1989,154,1989,166,1989,186,1989,204,1989,210,1989,210,1989,217,1989,251,1990,193,1990,198,1990,227,1990,227,1990,245,1990,248,1990,249,1990,252,1991,202,1992,166,1992,177,1992,205,1992,212,1992,214,1993,154,1993,155,1993,158,1993,216,1993,231,1993,254,1994,153,1994,170,1994,172,1994,181,1994,194,1994,238,1994,240,1994,252,1994,257,1994,272,1995,168,1995,180,1995,241,1996,155,1996,160,1996,187,1996,191,1996,266,1998,159,1998,204,1998,224,1998,226,1999,178,1999,194,1999,220,1999,244,2000,262,2000,263,2001,165,2001,219,2004,163,2004,195,2004,212,2004,217,2004,249,2004,265,2004,268
137,1981,165,1981,165,1981,204,1981,233,1981,256,1982,165,1982,166,1982,179,1982,195,1982,195,1982,197,1982,249,1982,256,1982,259,1983,227,1984,175,1984,181,1984,199,1984,201,1984,215,1984,262,1984,273,1985,156,1985,158,1985,159,1985,161,1985,170,1985,172,1985,172,1985,179,1985,188,1985,209,1985,219,1985,222,1986,184,1987,204,1988,163,1988,181,1988,183,1988,212,1988,215,1988,223,1988,233,1988,235,1989,155,1989,218,1989,232,1989,233,1989,241,1989,262,1989,268,1989,272,1990,184,1990,240,1990,267,1990,268,1991,183,1991,192,1991,244,1991,246,1991,248,1992,228,1993,154,1993,159,1993,164,1993,175,1993,195,1993,198,1993,202,1993,215,1993,231,1993,234,1993,237,1993,237,1993,242,1993,251,1993,265,1994,152,1994,154,1994,168,1994,170,1994,179,1994,180,1994,183,1994,183,1994,192,1994,194,1994,208,1994,212,1994,217,1994,220,1994,222,1994,226,1994,232,1994,233,1994,236,1994,251,1994,254,1994,258,1994,259,1994,265,1994,268,1994,271,1994,273,1995,168,1995,177,1995,184,1995,187,1995,207,1995,215,1995,216,1995,244,1995,251,1995,253,1995,258,1995,263,1995,266,1996,153,1996,154,1996,175,1996,186,1996,186,1996,197,1996,228,1996,231,1997,205,1997,211,1998,161,1998,171,1998,200,1998,213,1998,232,1998,247,1999,228,1999,264,2000,247,2000,253,2001,183
138,1981,233,1982,197,1990,152,1994,266,1995,178,1995,247,1995,270,1996,254,1997,156,1999,219,2001,201,2001,229,2004,210
139,1981,156,1981,181,1981,209,1981,268,1982,193,1982,213,1982,224,1982,230,1982,264,1985,254,1986,181,1986,261,1987,163,1991,192,1991,248,1993,272,1994,152,1994,154,1994,154,1994,174,1994,193,1994,202,1994,213,1994,224,1994,228,1995,171,1995,176,1995,190,1995,199,1995,227,1995,228,1995,251,1996,157,1996,160,1996,164,1996,189,1996,192,1996,194,1996,196,1996,210,1996,224,1996,246,1996,253,1996,255,1996,271,1996,273,1997,213,1997,221,1998,238,1999,154,1999,156,1999,163,1999,219,1999,230,1999,259,2001,228
140,1981,162,1981,171,1982,155,1982,217,1982,226,1985,219,1986,153,1986,155,1986,155,1986,169,1986,176,1986,178,1986,185,1986,187,1986,224,1986,230,1986,232,1986,239,1986,258,1987,246,1993,198,1994,165,1994,166,1994,169,1994,207,1994,223,1994,259,1995,168,1995,208,1995,225,1995,237,1995,258,1995,269,1996,155,1996,173,1996,175,1996,179,1996,199,1996,213,1996,240,1996,246,1996,253,1996,261,1998,157,1998,166,1998,168,1998,210,1998,217,1998,219,1998,225,1999,242,2001,195
141,1981,206,1981,216,1981,225,1981,252,1982,160,1982,197,1984,217,1985,155,1985,209,1985,217,1985,270,1986,158,1986,168,1986,179,1986,180,1986,187,1986,210,1986,214,1986,237,1986,248,1988,211,1988,224,1988,237,1989,160,1989,187,1989,192,1989,259,1990,182,1990,233,1990,255,1990,262,1990,263,1991,153,1992,169,1993,211,1993,235,1993,242,1994,153,1994,231,1994,257,1995,156,1995,181,1995,200,1995,203,1995,228,1995,270,1996,173,1996,191,1996,201,1996,222,1996,235,1996,240,1996,272,1997,228,1998,156,1999,186,1999,242,2001,241,2001,262,2004,168,2004,192,2004,206,2004,212,2004,215,2004,220,2004,238,2004,241
142,1981,160,1981,261,1981,272,1982,177,1982,196,1984,172,1985,165,1985,216,1985,221,1985,239,1986,221,1988,210,1988,218,1989,153,1989,163,1989,166,1989,176,1989,179,1989,183,1989,188,1989,193,1989,201,1989,202,1989,205,1989,207,1989,208,1989,223,1989,240,1989,242,1989,242,1989,245,1989,247,1989,257,1989,265,1989,270,1989,271,1991,193,1991,222,1991,242,1991,265,1992,178,1992,216,1993,199,1994,154,1994,157,1994,160,1994,180,1994,190,1994,203,1994,204,1994,223,1994,225,1994,227,1994,237,1994,260,1994,273,1995,157,1995,161,1995,222,1995,228,1996,177,1996,190,1996,210,1996,222,1996,231,1996,237,1996,244,1996,252,1996,269,1997,169,1999,192,1999,199,1999,215,1999,217,1999,220,1999,254,2000,177,2000,264,2001,254,2004,169,2004,223,2004,225,2004,242,2004,263
143,1981,156,1981,173,1981,218,1981,221,1981,229,1982,237,1982,248,1982,273,1983,228,1983,230,1983,263,1985,183,1985,206,1985,218,1985,242,1985,242,1986,154,1986,163,1986,164,1986,170,1986,182,1986,185,1986,196,1986,198,1986,229,1986,230,1986,230,1986,231,1986,237,1986,245,1986,248,1986,260,1986,268,1986,272,1988,174,1988,188,1988,223,1989,172,1989,186,1989,214,1989,230,1989,237,1989,261,1989,265,1989,268,1989,268,1989,270,1990,155,1990,160,1990,160,1990,166,1990,173,1990,194,1990,200,1990,247,1990,270,1991,223,1992,247,1993,160,1993,167,1993,182,1993,240,1993,251,1994,156,1994,160,1994,160,1994,162,1994,164,1994,177,1994,184,1994,185,1994,195,1994,208,1994,218,1994,224,1994,233,1994,253,1994,256,1994,258,1994,268,1994,273,1995,192,1996,153,1996,164,1996,164,1996,169,1996,186,1996,198,1996,206,1996,207,1996,218,1996,230,1996,238,1996,258,1996,268,1998,152,1998,187,1998,200,1999,179,1999,239,2000,162,2000,197,2000,199,2000,218
144,1981,169,1981,201,1981,242,1981,253,1986,178,1986,198,1986,209,1986,214,1986,217,1986,254,1986,256,1986,260,1989,201,1989,221,1990,228,1991,154,1991,181,1991,193,1992,187,1992,193,1993,221,1993,266,1995,264,1996,155,1996,159,1996,173,1996,177,1996,178,1996,179,1996,193,1996,206,1996,208,1996,215,1996,217,1996,255,1996,258,1996,264,1997,154,1997,178,1997,221,1999,224
145,1989,172,1989,234,1996,160,1996,215,1996,216,1996,225,1996,251
146,1996,152,1996,152,1996,153,1996,155,1996,155,1996,157,1996,161,1996,161,1996,163,1996,166,1996,166,1996,167,1996,167,1996,168,1996,168,1996,169,1996,169,1996,169,1996,171,1996,171,1996,174,1996,174,1996,176,1996,176,1996,176,1996,176,1996,179,1996,179,1996,179,1996,180,1996,180,1996,181,1996,182,1996,182,1996,183,1996,184,1996,185,1996,185,1996,186,1996,187,1996,188,1996,188,1996,189,1996,190,1996,190,1996,192,1996,193,1996,193,1996,195,1996,195,1996,196,1996,196,1996,198,1996,200,1996,202,1996,202,1996,203,1996,203,1996,203,1996,203,1996,204,1996,205,1996,205,1996,205,1996,206,1996,206,1996,207,1996,208,1996,209,1996,211,1996,212,1996,212,1996,213,1996,213,1996,214,1996,215,1996,216,1996,216,1996,218,1996,218,1996,219,1996,221,1996,221,1996,223,1996,223,1996,224,1996,224,1996,225,1996,228,1996,228,1996,228,1996,228,1996,229,1996,233,1996,235,1996,236,1996,236,1996,239,1996,239,1996,240,1996,241,1996,242,1996,243,1996,243,1996,244,1996,245,1996,247,1996,247,1996,247,1996,247,1996,248,1996,248,1996,251,1996,252,1996,252,1996,254,1996,255,1996,255,1996,256,1996,257,1996,258,1996,258,1996,259,1996,260,1996,261,1996,261,1996,261,1996,262,1996,263,1996,263,1996,263,1996,264,1996,267,1996,267,1996,267,1996,269,1996,269,1996,269,1996,271,1996,271,1996,271,1996,272,1996,272,1996,272,1996,272,1996,272
147,1981,200,1981,261,1982,212,1982,218,1982,255,1983,155,1983,158,1983,160,1983,163,1983,165,1983,185,1983,188,1983,198,1983,202,1983,205,1983,209,1983,218,1983,223,1983,241,1983,241,1983,269,1986,154,1986,159,1986,159,1986,159,1986,160,1986,164,1986,165,1986,167,1986,175,1986,175,1986,180,1986,182,1986,184,1986,187,1986,190,1986,196,1986,199,1986,202,1986,205,1986,205,1986,205,1986,213,1986,216,1986,223,1986,224,1986,225,1986,238,1986,239,1986,242,1986,248,1986,254,1986,258,1986,264,1986,264,1986,267,1986,268,1987,179,1987,262,1987,271,1988,155,1988,164,1988,175,1988,196,1988,199,1988,214,1988,230,1988,264,1989,201,1989,204,1990,167,1990,235,1990,244,1990,246,1990,248,1994,153,1994,154,1994,161,1994,168,1994,192,1994,200,1994,207,1994,215,1994,230,1994,232,1994,242,1994,247,1995,264,1996,152,1996,155,1996,157,1996,157,1996,164,1996,167,1996,172,1996,173,1996,174,1996,175,1996,181,1996,182,1996,188,1996,190,1996,193,1996,197,1996,201,1996,201,1996,202,1996,205,1996,207,1996,207,1996,208,1996,211,1996,212,1996,212,1996,213,1996,213,1996,215,1996,215,1996,216,1996,218,1996,219,1996,220,1996,222,1996,225,1996,230,1996,233,1996,235,1996,235,1996,237,1996,239,1996,240,1996,243,1996,246,1996,246,1996,247,1996,252,1996,255,1996,258,1996,258,1996,265,1996,267,1996,270,1999,270
148,1982,170,1982,187,1983,185,1983,242,1985,193,1986,173,1986,224,1986,230,1986,234,1986,255,1986,272,1987,226,1988,174,1988,261,1989,219,1989,256,1989,264,1989,264,1990,163,1990,226,1991,232,1993,255,1993,263,1994,222,1994,234,1994,256,1995,215,1995,244,1996,164,1996,216,1996,222,1998,267,2000,218,2000,258,2001,154
149,1981,228,1981,256,1981,262,1982,167,1982,184,1982,244,1985,178,1986,158,1986,227,1989,168,1989,219,1989,256,1991,266,1992,177,1992,215,1992,254,1992,263,1993,189,1993,205,1993,249,1993,252,1994,159,1994,268,1995,171,1996,153,1996,154,1996,161,1996,163,1996,169,1996,171,1996,178,1996,198,1996,214,1996,217,1996,221,1996,229,1996,237,1996,239,1996,240,1996,264,1996,271,1997,190,2000,248,2001,159
150,1981,206,1981,216,1981,221,1981,239,1981,249,1981,270,1981,273,1982,154,1982,184,1982,192,1982,202,1983,157,1983,243,1985,171,1985,220,1986,167,1986,180,1986,212,1988,218,1989,154,1989,224,1990,227,1990,238,1990,271,1991,215,1991,219,1991,244,1991,250,1992,159,1992,268,1993,208,1993,236,1993,272,1994,155,1994,179,1994,264,1995,161,1995,183,1995,210,1995,266,1996,152,1996,175,1996,211,1996,237,1996,259,1998,156,1998,245
151,1981,167,1981,174,1981,191,1981,192,1981,250,1981,253,1981,255,1982,174,1982,270,1983,221,1984,213,1984,259,1986,189,1986,193,1986,203,1986,205,1986,210,1986,225,1986,247,1987,163,1987,169,1987,261,1988,191,1988,196,1988,220,1988,234,1988,270,1989,155,1989,168,1989,189,1989,257,1989,263,1990,226,1990,263,1991,160,1991,248,1992,164,1992,176,1992,244,1993,177,1993,183,1993,193,1993,229,1994,163,1994,181,1994,182,1994,186,1994,192,1994,199,1994,203,1994,232,1994,234,1994,253,1994,273,1995,157,1995,164,1995,214,1995,236,1996,160,1996,193,1996,194,1996,255,1996,255,1996,269,1998,153,1998,233,1999,155,1999,209,1999,257,2000,251,2001,184,2001,191,2004,269
152,1981,230,1982,172,1982,262,1986,219,1986,226,1986,261,1989,168,1989,170,1989,174,1989,187,1989,188,1989,193,1989,253,1989,261,1992,238,1996,166,1996,199,1996,217,1996,219,1996,260,1998,222,1999,197,1999,254
153,1981,170,1981,186,1981,204,1981,220,1981,247,1981,249,1982,166,1982,169,1982,209,1982,255,1982,259,1982,265,1984,163,1984,179,1984,243,1986,171,1986,190,1986,209,1986,215,1986,228,1986,238,1986,250,1987,205,1987,233,1988,240,1989,158,1989,188,1989,198,1989,199,1989,205,1989,212,1989,217,1989,240,1989,245,1989,254,1989,262,1989,263,1989,269,1990,270,1992,164,1992,198,1992,203,1993,153,1993,164,1993,177,1993,180,1993,203,1993,234,1994,164,1994,194,1994,199,1994,202,1994,207,1994,238,1995,194,1995,203,1995,231,1995,258,1995,273,1996,159,1996,169,1996,176,1996,183,1996,191,1996,204,1996,206,1996,206,1996,209,1996,212,1996,215,1996,219,1996,221,1996,223,1996,233,1996,234,1996,242,1996,248,1996,253,1996,270,1998,198,1998,227,1999,179,1999,211,1999,250,2000,245,2000,269,2001,162,2001,177,2001,223,2004,211,2004,223
154,1982,181,1982,229,1982,246,1982,272,1983,179,1983,179,1983,251,1985,205,1985,239,1986,209,1986,233,1986,239,1986,248,1986,267,1989,221,1989,222,1989,258,1989,266,1992,257,1993,193,1993,223,1993,236,1993,253,1996,157,1996,181,1996,182,1996,190,1996,201,1996,226,1996,238,1996,255,1997,176,1997,243,1997,264,1998,228,1999,166,1999,168,1999,214,1999,218,1999,227,1999,236,1999,252,1999,255,1999,266,2001,152,2001,154,2001,231,2004,162,2004,170,2004,170,2004,176,2004,179,2004,179,2004,180,2004,199,2004,200,2004,213,2004,237,2004,237,2004,238,2004,241,2004,256,2004,272
155,1981,183,1982,158,1982,169,1982,185,1982,225,1982,232,1982,246,1982,259,1983,164,1983,181,1983,186,1983,189,1983,218,1983,231,1983,239,1983,242,1983,252,1983,253,1984,165,1984,176,1984,181,1984,201,1984,224,1984,244,1985,153,1985,167,1985,189,1985,195,1985,198,1985,199,1985,269,1986,154,1986,161,1986,167,1986,169,1986,204,1986,214,1986,219,1986,225,1986,241,1986,241,1986,248,1986,250,1986,255,1986,257,1987,213,1987,225,1987,253,1989,179,1989,245,1989,273,1990,208,1990,237,1990,253,1991,159,1991,169,1991,176,1991,195,1991,201,1991,210,1991,211,1991,238,1991,257,1991,262,1991,271,1992,160,1993,157,1993,182,1993,192,1993,212,1994,179,1994,188,1994,206,1994,223,1994,232,1994,240,1994,273,1995,154,1995,241,1995,254,1996,153,1996,166,1996,166,1996,171,1996,176,1996,187,1996,188,1996,192,1996,193,1996,198,1996,201,1996,205,1996,207,1996,210,1996,211,1996,215,1996,217,1996,221,1996,223,1996,224,1996,226,1996,227,1996,229,1996,234,1996,234,1996,236,1996,239,1996,240,1996,247,1996,256,1996,264,1996,273,1998,208,1999,233,1999,238,1999,265,2000,194,2000,248,2001,217
156,1981,155,1981,155,1981,166,1981,184,1981,224,1981,236,1981,254,1982,244,1982,267,1983,167,1983,170,1983,229,1985,178,1985,181,1985,235,1985,261,1985,266,1986,205,1986,262,1989,167,1989,261,1991,199,1991,201,1991,238,1991,239,1991,266,1992,157,1992,215,1992,241,1993,214,1993,236,1993,255,1994,172,1995,162,1995,173,1995,191,1995,200,1995,236,1995,249,1996,180,1998,165,1998,166,1998,201,1998,213,1998,251,2001,166,2001,220,2001,237,2004,253
157,1981,166,1981,181,1981,208,1981,211,1981,225,1981,240,1981,249,1981,251,1982,173,1982,184,1982,231,1982,243,1982,244,1984,177,1985,201,1985,228,1986,169,1986,197,1987,190,1988,186,1989,161,1989,191,1989,193,1989,198,1989,208,1989,228,1989,228,1989,257,1989,263,1989,266,1991,157,1991,187,1991,204,1991,208,1992,154,1992,221,1994,202,1994,203,1994,229,1994,235,1995,159,1995,181,1995,201,1995,238,1996,175,1996,181,1996,184,1996,213,1996,229,1996,231,1996,237,1996,265,1997,207,1998,204,1998,225,1999,176,1999,223,2001,189,2001,240,2004,241,2004,247
158,1981,172,1981,174,1981,175,1981,192,1981,253,1982,157,1982,178,1985,160,1985,233,1986,155,1986,167,1986,174,1986,177,1986,190,1986,213,1986,216,1986,223,1986,236,1986,237,1986,248,1986,258,1986,260,1986,270,1986,273,1987,156,1989,223,1989,266,1991,157,1991,169,1991,207,1991,240,1991,254,1992,175,1992,198,1992,233,1992,246,1993,198,1994,153,1994,239,1994,265,1995,206,1995,216,1995,220,1995,223,1996,160,1996,194,1996,200,1996,201,1996,210,1996,228,1996,247,1996,248,1996,264,1998,216,1999,155,1999,176,1999,187,1999,222,1999,223,1999,260,2001,171,2001,178,2001,186,2001,217,2001,247
159,1981,160,1981,167,1981,175,1981,185,1981,214,1981,221,1981,226,1981,228,1981,235,1981,236,1981,247,1981,265,1983,254,1985,152,1985,165,1986,182,1986,191,1986,212,1986,220,1986,225,1986,241,1986,254,1986,256,1988,179,1988,204,1988,210,1988,219,1988,230,1989,164,1989,177,1989,198,1989,204,1989,204,1989,220,1989,248,1989,249,1989,253,1989,257,1989,268,1989,273,1990,255,1991,244,1992,163,1992,170,1992,272,1993,224,1993,250,1993,271,1994,153,1994,161,1994,176,1994,178,1994,181,1994,187,1994,191,1994,212,1994,227,1994,272,1995,161,1995,171,1995,197,1995,205,1995,219,1996,163,1996,166,1996,178,1996,179,1996,186,1996,192,1996,196,1996,196,1996,202,1996,220,1996,222,1996,233,1996,233,1996,240,1996,261,1997,241,1998,157,1998,164,1998,236,1998,270,1998,271,1998,273,1999,168,1999,188,1999,194,1999,199,1999,210,1999,210,1999,216,1999,228,1999,229,1999,239,1999,242,1999,257,2000,201,2000,227,2000,265,2004,177,2004,193,2004,221,2004,243
160,1981,214,1981,225,1981,246,1981,268,1982,177,1984,235,1984,247,1988,186,1988,253,1989,152,1989,159,1989,169,1989,188,1989,192,1989,196,1989,205,1989,205,1989,206,1989,213,1989,215,1989,230,1989,231,1989,237,1989,242,1989,262,1991,251,1992,174,1992,213,1992,251,1992,254,1993,164,1994,216,1994,227,1995,157,1995,169,1995,228,1995,253,1996,157,1996,183,1996,194,1996,200,1996,217,1996,226,1996,234,1996,269,1998,175,1999,221,2000,157,2001,249
161,1981,159,1981,175,1981,177,1981,202,1981,215,1981,216,1981,217,1981,250,1981,255,1981,263,1982,160,1982,273,1984,273,1985,188,1985,199,1985,208,1985,241,1985,249,1985,256,1986,185,1986,214,1986,214,1986,216,1986,225,1986,240,1987,233,1988,152,1988,158,1988,158,1988,194,1988,215,1988,223,1988,224,1988,232,1988,253,1988,254,1988,267,1989,162,1989,196,1989,220,1989,229,1989,272,1991,252,1992,224,1993,192,1993,195,1993,206,1993,250,1993,254,1994,157,1994,162,1994,165,1994,171,1994,192,1994,196,1994,201,1994,201,1994,211,1994,231,1994,234,1994,238,1994,248,1994,255,1994,259,1994,260,1994,269,1995,242,1995,250,1996,194,1996,212,1996,216,1996,237,1997,256,1998,166,1998,182,1998,219,1998,264,1999,214,1999,237,1999,248,1999,261,2000,180
162,1982,200,1982,235,1982,256,1985,260,1986,168,1986,192,1986,194,1986,209,1986,211,1986,251,1986,268,1987,213,1988,155,1988,246,1989,192,1989,261,1991,236,1992,191,1992,216,1993,156,1993,170,1993,182,1993,187,1993,190,1993,195,1993,196,1993,200,1993,204,1993,222,1993,228,1993,231,1993,248,1993,251,1993,259,1993,260,1993,265,1993,273,1993,273,1994,156,1994,161,1994,182,1994,184,1994,188,1994,202,1994,208,1994,224,1994,226,1994,229,1994,235,1994,257,1994,261,1994,264,1994,265,1995,159,1995,187,1995,204,1995,218,1995,262,1995,273,1996,155,1996,156,1996,160,1996,161,1996,162,1996,163,1996,163,1996,173,1996,179,1996,183,1996,183,1996,183,1996,194,1996,194,1996,196,1996,196,1996,200,1996,204,1996,206,1996,210,1996,211,1996,213,1996,215,1996,216,1996,217,1996,222,1996,224,1996,225,1996,228,1996,228,1996,231,1996,232,1996,233,1996,234,1996,241,1996,242,1996,242,1996,243,1996,243,1996,247,1996,251,1996,254,1996,254,1996,256,1996,260,1996,260,1996,261,1996,261,1996,271,1996,273,1997,198,1997,250,1999,161,1999,168,1999,176,1999,186,1999,189,1999,191,1999,218,1999,224,1999,249,1999,266,2000,239,2000,241,2000,247,2000,262,2001,159,2001,218
163,1982,201,1982,205,1986,210,1986,216,1986,268,1993,214,1993,228,1993,267,1995,171,1995,270,1996,152,1996,171,1996,185,1996,190,1996,200,1996,235,1996,256,1996,261,1996,264,1996,270,1998,204,1998,241,1999,163,1999,233,1999,242
164,1996,152,1996,163,1996,172,1996,181,1996,189,1996,195,1996,201,1996,202,1996,213,1996,216,1996,224,1996,227,1996,227,1996,228,1996,229,1996,229,1996,231,1996,237,1996,245,1996,247,1996,252,1996,253,1996,253,1996,256,1996,267
165,1981,160,1982,189,1982,210,1982,212,1982,242,1982,243,1983,239,1984,209,1985,186,1985,240,1986,169,1986,186,1986,231,1986,273,1987,182,1994,239,1995,245,1996,155,1996,160,1996,163,1996,164,1996,175,1996,190,1996,192,1996,211,1996,212,1996,219,1996,223,1996,226,1996,234,1996,236,1996,241,1996,244,1996,250,1996,257,1996,261,1996,266,1996,269,1998,236,1999,243
166,1981,167,1981,169,1981,246,1982,152,1982,226,1982,228,1982,235,1982,236,1983,183,1984,220,1985,162,1985,163,1985,236,1985,245,1985,271,1986,154,1986,173,1986,176,1986,210,1986,249,1986,268,1986,269,1989,183,1989,190,1990,257,1991,154,1991,160,1991,164,1991,165,1991,188,1991,226,1991,236,1993,168,1993,169,1993,171,1993,216,1993,232,1993,253,1994,177,1994,249,1994,265,1994,268,1995,152,1995,157,1995,170,1995,172,1995,178,1995,182,1995,192,1995,215,1995,246,1996,195,1996,197,1996,222,1996,232,1996,237,1996,238,1996,239,1996,244,1996,256,1996,258,1996,268,1996,270,1998,153,1999,157,1999,264
167,1981,161,1981,241,1982,194,1982,197,1982,218,1982,240,1982,252,1982,262,1983,178,1983,180,1984,180,1984,182,1984,210,1985,171,1985,217,1986,197,1986,254,1986,261,1986,270,1988,160,1988,214,1988,273,1989,167,1989,188,1989,189,1989,204,1989,208,1989,221,1989,232,1989,242,1989,244,1989,272,1990,199,1990,214,1992,154,1992,155,1992,160,1992,176,1992,194,1992,205,1992,219,1992,239,1992,264,1993,154,1993,185,1993,203,1993,266,1994,155,1994,159,1994,194,1994,198,1994,224,1994,225,1994,242,1994,244,1994,251,1995,153,1995,226,1995,246,1996,193,1996,213,1996,233,1996,242,1996,243,1996,257,1997,194,1998,163,1998,201,1998,218,1998,235,1998,243,1999,164,1999,164,1999,191,1999,195,1999,203,1999,207,1999,224,1999,245,1999,246,1999,268,1999,269,2000,155,2000,156,2004,180,2004,210
168,1981,204,1981,225,1981,226,1981,240,1981,261,1981,263,1981,273,1982,172,1982,176,1982,184,1982,222,1982,245,1982,255,1985,205,1989,238,1990,238,1991,266,1992,177,1992,200,1992,252,1993,224,1993,241,1994,186,1994,191,1994,193,1994,200,1994,244,1994,255,1994,271,1995,158,1995,187,1995,192,1995,204,1995,213,1995,228,1995,233,1995,248,1996,157,1996,194,1996,202,1996,205,1996,237,1996,252,1996,270,1997,196,1998,170,1998,191,1998,196,1999,154,1999,185,1999,209,1999,214,1999,215,1999,271,2000,230,2000,237,2000,271,2004,162
169,1981,156,1981,162,1981,192,1981,210,1981,227,1982,198,1982,203,1982,217,1982,230,1983,202,1984,180,1985,179,1985,194,1985,214,1985,263,1986,153,1986,197,1986,230,1986,237,1987,182,1989,159,1989,197,1989,224,1991,193,1991,214,1991,227,1991,251,1992,167,1992,204,1992,223,1992,271,1993,190,1993,192,1993,250,1993,257,1993,258,1994,153,1994,154,1994,157,1994,162,1994,168,1994,171,1994,191,1994,195,1994,219,1994,223,1994,233,1994,250,1995,168,1995,172,1995,190,1995,205,1995,208,1995,243,1995,254,1995,257,1995,261,1996,162,1996,169,1996,175,1996,178,1996,206,1996,225,1996,231,1998,159,1998,173,1998,180,1998,193,1998,197,1998,202,1998,204,1998,255,1998,263,1999,180,1999,197,1999,204,1999,219,1999,227,1999,231,1999,237,1999,246,2000,156,2000,174,2000,187,2000,229,2001,166,2001,183,2001,242,2004,191,2004,207,2004,251,2004,263,2004,269
170,1981,205,1981,230,1982,189,1986,152,1986,165,1986,193,1986,255,1989,171,1989,189,1989,192,1989,193,1989,198,1989,209,1989,241,1989,262,1989,269,1992,191,1992,196,1992,227,1992,241,1992,256,1993,241,1993,247,1995,170,1995,234,1995,269,1996,198,1996,208,1999,168,2000,175,2000,248,2001,210,2001,226,2001,273,2004,159,2004,178,2004,181,2004,181,2004,221,2004,241,2004,247
171,1981,176,1981,199,1981,219,1981,248,1982,158,1982,185,1982,203,1984,237,1985,246,1985,252,1986,230,1986,252,1986,262,1989,181,1989,236,1989,243,1989,260,1991,180,1991,216,1991,217,1991,222,1991,223,1992,158,1992,161,1992,166,1992,182,1992,194,1992,198,1992,205,1992,221,1992,225,1992,227,1992,233,1992,246,1992,250,1992,255,1992,272,1993,241,1994,170,1994,186,1994,201,1994,230,1995,155,1995,158,1995,185,1995,201,1995,204,1995,217,1995,218,1995,225,1995,235,1995,259,1995,267,1995,269,1996,194,1996,218,1996,266,1997,182,1998,157,1998,161,1998,165,1998,168,1998,171,1998,176,1998,180,1998,180,1998,193,1998,198,1998,201,1998,258,1998,273,1999,153,1999,156,1999,167,1999,174,1999,178,1999,178,1999,184,1999,190,1999,194,1999,198,1999,199,1999,205,1999,215,1999,228,1999,247,1999,254,2000,160,2000,161,2000,173,2000,183,2000,185,2000,193,2000,194,2000,211,2000,228,2000,239,2000,254,2000,263,2001,203,2001,207,2001,213,2001,232,2001,234,2001,254,2004,175,2004,223,2004,268
172,1986,202,1986,215,1986,244,1986,255,1989,269,1992,192,1992,234,1992,238,1992,269,1993,221,1994,167,1996,152,1996,155,1996,172,1996,179,1996,180,1996,199,1996,205,1996,211,1996,214,1996,218,1996,222,1996,235,1996,235,1996,242,1996,246,1996,246,1996,253,1996,254,1996,264,1999,229,1999,260,2001,206,2001,225,2004,223
173,1981,168,1981,179,1981,180,1981,199,1981,204,1981,215,1981,222,1981,229,1981,230,1981,235,1981,236,1981,254,1981,271,1982,157,1982,168,1982,179,1982,183,1982,184,1982,192,1982,203,1982,220,1982,224,1982,226,1982,238,1982,244,1982,250,1982,265,1982,272,1983,156,1983,164,1983,173,1983,184,1983,192,1983,215,1983,223,1983,237,1983,254,1984,219,1985,162,1985,233,1985,243,1985,260,1985,273,1986,161,1986,164,1986,271,1987,188,1987,214,1987,238,1988,155,1989,206,1990,197,1990,223,1990,225,1990,257,1990,257,1991,160,1991,165,1991,172,1991,177,1991,185,1991,197,1991,213,1991,215,1991,223,1991,228,1991,243,1991,248,1991,261,1991,266,1991,272,1991,273,1993,187,1993,197,1993,210,1993,221,1993,242,1993,246,1993,255,1994,153,1994,188,1994,208,1994,217,1994,230,1994,252,1994,253,1994,271,1995,158,1995,190,1995,193,1995,273,1996,154,1996,155,1996,155,1996,156,1996,157,1996,159,1996,160,1996,160,1996,173,1996,179,1996,180,1996,181,1996,183,1996,184,1996,185,1996,189,1996,190,1996,193,1996,198,1996,209,1996,209,1996,215,1996,215,1996,224,1996,230,1996,232,1996,241,1996,251,1996,251,1996,254,1996,255,1996,260,1996,265,1997,183,1998,165,1998,170,1998,180,1998,186,1998,197,1998,199,1998,200,1998,201,1998,205,1998,209,1998,223,1998,230,1998,259,1998,261,1998,263,1998,271,1999,188,1999,197,1999,197,1999,204,1999,207,1999,220,1999,239,1999,240,1999,240,1999,263,1999,263,1999,273,2000,162,2000,185,2001,158,2001,181,2001,215
174,1981,167,1981,229,1982,167,1982,181,1982,212,1982,215,1982,265,1983,213,1983,273,1985,177,1985,181,1985,187,1985,198,1985,221,1986,228,1990,217,1991,152,1991,167,1991,194,1991,197,1991,237,1991,270,1992,231,1993,227,1994,184,1995,155,1995,233,1995,245,1996,153,1996,261,1997,212,1998,165,1998,167,1998,210,1998,223,1999,181,2000,196,2001,259
175,1981,170,1981,183,1981,185,1981,187,1981,191,1981,199,1981,203,1981,227,1981,242,1981,248,1981,256,1981,265,1981,267,1981,267,1981,272,1982,157,1982,160,1982,166,1982,172,1982,174,1982,175,1982,177,1982,184,1982,186,1982,189,1982,190,1982,202,1982,217,1982,232,1982,259,1985,156,1985,156,1985,160,1985,161,1986,167,1986,193,1986,235,1987,188,1988,186,1988,195,1988,218,1988,240,1989,159,1989,163,1989,176,1989,182,1989,194,1989,196,1989,198,1989,200,1989,220,1989,247,1990,157,1991,228,1991,236,1991,239,1991,244,1991,254,1992,164,1992,180,1992,222,1992,223,1992,223,1992,226,1992,226,1992,252,1993,207,1994,152,1994,158,1994,163,1994,180,1994,184,1994,206,1994,223,1994,236,1994,249,1994,258,1994,267,1995,167,1995,178,1995,186,1995,195,1995,195,1995,195,1995,199,1995,203,1995,216,1995,239,1995,254,1995,267,1996,152,1996,169,1996,172,1996,172,1996,182,1996,188,1996,188,1996,192,1996,212,1996,227,1996,227,1996,259,1998,263,1999,163,1999,195,1999,207,1999,209,1999,219,1999,225,1999,237,1999,239,1999,244,1999,257,2004,217
176,1981,157,1981,165,1981,214,1981,216,1982,162,1982,165,1982,179,1982,208,1982,218,1982,241,1982,244,1985,212,1986,153,1986,155,1986,157,1986,166,1986,173,1986,178,1986,206,1986,207,1986,207,1986,237,1986,257,1988,254,1989,164,1989,224,1989,269,1992,155,1992,159,1992,170,1992,173,1992,196,1992,215,1992,236,1992,247,1992,259,1994,167,1994,184,1994,194,1994,199,1994,200,1994,203,1994,205,1994,211,1994,213,1994,214,1994,219,1994,235,1994,259,1994,268,1995,182,1995,198,1995,204,1995,211,1995,216,1995,235,1995,238,1995,250,1995,257,1995,263,1995,265,1996,229,1996,231,1996,235,1996,248,1996,248,1997,201,1997,237,1997,267,1998,163,1998,163,1998,212,1998,215,1998,227,1998,230,1999,169,1999,205,1999,224,1999,238,1999,246,2000,193,2000,204,2001,152,2001,163,2001,165,2001,173,2001,191,2001,193,2001,197,2001,202,2001,202,2001,203,2001,204,2001,206,2001,210,2001,221,2001,223,2001,225,2001,231,2001,233,2001,235,2001,241,2001,243,2001,245,2001,259,2001,265,2001,266,2001,270,2001,273,2004,185,2004,222,2004,227,2004,237
177,1981,155,1981,155,1981,182,1981,200,1981,204,1981,229,1982,155,1982,185,1982,221,1982,225,1982,246,1982,254,1982,256,1984,193,1984,212,1986,206,1986,213,1986,232,1986,256,1986,260,1988,181,1989,175,1989,180,1989,180,1989,181,1989,191,1989,241,1989,259,1989,262,1992,189,1992,266,1994,154,1994,159,1994,169,1994,172,1994,183,1994,191,1994,203,1994,218,1994,220,1994,238,1994,244,1994,263,1995,181,1995,189,1995,204,1995,224,1995,233,1995,256,1995,260,1996,156,1996,169,1996,173,1996,179,1996,188,1996,190,1996,197,1996,198,1996,214,1996,216,1996,222,1996,231,1996,233,1996,249,1996,253,1996,253,1996,253,1996,254,1996,256,1996,259,1996,262,1996,262,1996,265,1996,268,1996,270,1998,178,1998,192,1998,230,1998,231,1998,237,1998,263,1999,210,1999,252,2000,228,2001,174,2001,187,2001,189,2001,204,2001,213,2001,216,2001,232,2001,247,2001,253,2001,261,2001,269,2001,271,2004,156,2004,197,2004,202,2004,208
178,1981,180,1981,241,1984,255,1986,157,1986,225,1987,224,1989,164,1989,165,1989,181,1989,194,1989,196,1989,196,1989,220,1989,228,1989,232,1989,237,1989,239,1989,244,1989,250,1989,267,1991,230,1992,241,1993,199,1993,237,1993,247,1993,248,1994,161,1994,213,1995,191,1995,214,1995,221,1995,249,1996,152,1996,154,1996,154,1996,163,1996,166,1996,168,1996,177,1996,177,1996,181,1996,185,1996,199,1996,203,1996,207,1996,214,1996,218,1996,222,1996,228,1996,242,1996,242,1996,247,1996,251,1996,258,1996,265,1997,190,1999,250,1999,255,2004,203,2004,208
179,1981,164,1982,259,1983,231,1986,154,1986,155,1986,159,1986,164,1986,168,1986,170,1986,178,1986,189,1986,213,1986,235,1986,261,1988,167,1989,153,1992,237,1995,205,1996,152,1996,163,1996,168,1996,171,1996,172,1996,173,1996,175,1996,177,1996,178,1996,190,1996,200,1996,205,1996,235,1996,238,1996,250,1996,252,1996,255,1996,257,1996,262,1996,272,1998,170,1999,185
180,1981,161,1981,170,1981,181,1981,184,1981,194,1981,226,1981,230,1981,230,1981,231,1981,234,1981,240,1981,240,1981,248,1981,248,1981,256,1981,268,1981,270,1982,180,1983,202,1983,224,1983,236,1983,255,1986,159,1986,169,1986,175,1986,178,1986,191,1986,213,1986,214,1986,216,1986,218,1986,221,1986,224,1986,224,1986,226,1986,226,1986,228,1986,228,1986,242,1986,248,1986,261,1986,272,1986,273,1989,157,1989,166,1989,246,1991,238,1993,202,1993,248,1994,157,1994,158,1994,161,1994,180,1994,185,1994,188,1994,193,1994,212,1994,222,1994,228,1994,249,1994,257,1995,268,1995,271,1996,154,1996,156,1996,159,1996,162,1996,163,1996,166,1996,173,1996,179,1996,181,1996,185,1996,186,1996,188,1996,188,1996,197,1996,200,1996,201,1996,204,1996,206,1996,223,1996,224,1996,224,1996,224,1996,238,1996,255,1996,265,1996,271,1998,191,1998,228,1998,239,1999,186,1999,209,1999,239,1999,247,1999,252,2000,167,2000,188,2000,196,2000,211,2000,215,2000,222,2000,232,2000,240,2000,248,2000,254,2000,262,2000,264
181,1981,187,1981,203,1981,272,1982,153,1982,160,1982,173,1982,181,1982,181,1982,181,1982,185,1982,186,1982,191,1982,230,1982,231,1982,239,1982,244,1982,245,1982,271,1983,171,1983,183,1985,155,1985,158,1986,153,1986,157,1986,162,1986,184,1986,212,1986,218,1986,221,1986,235,1986,246,1986,255,1986,258,1986,259,1987,236,1988,169,1988,193,1988,205,1989,216,1990,191,1990,192,1990,214,1990,236,1990,273,1993,156,1993,188,1993,229,1993,256,1994,162,1994,247,1994,249,1995,157,1995,162,1995,169,1995,181,1995,199,1995,217,1995,257,1995,272,1995,273,1996,158,1996,164,1996,177,1996,187,1996,188,1996,190,1996,209,1996,217,1996,233,1996,244,1996,244,1996,257,1998,221,1999,200,1999,240,1999,258,2000,262
182,1981,195,1981,199,1981,254,1981,255,1981,261,1981,262,1981,269,1982,157,1982,162,1982,170,1982,202,1982,206,1982,213,1982,225,1982,245,1982,248,1982,269,1982,270,1983,171,1983,251,1986,183,1986,183,1986,223,1987,187,1987,214,1987,268,1989,203,1989,264,1990,237,1990,269,1991,187,1991,200,1991,226,1991,238,1991,255,1993,212,1994,257,1995,174,1995,187,1995,213,1995,216,1995,228,1995,229,1995,248,1995,259,1996,154,1996,162,1996,176,1996,178,1996,186,1996,194,1996,195,1996,196,1996,199,1996,217,1996,239,1996,250,1996,256,1996,256,1996,258,1996,261,1998,157,1998,158,1998,170,1999,227,1999,238
183,1981,184,1981,208,1981,230,1981,246,1981,273,1982,153,1982,174,1983,236,1983,245,1986,166,1986,175,1986,189,1986,198,1986,202,1986,216,1986,227,1986,239,1986,252,1986,255,1986,266,1986,267,1987,187,1987,258,1987,262,1989,184,1989,230,1993,163,1994,201,1995,179,1995,184,1995,246,1996,156,1996,160,1996,181,1996,184,1996,190,1996,195,1996,216,1996,225,1996,234,1996,241,1996,248,1996,262,1996,263,1998,191,1999,164,2000,185,2004,194,2004,269
184,1981,162,1981,214,1981,238,1981,248,1981,264,1981,268,1982,165,1982,202,1982,252,1983,173,1983,181,1983,217,1983,221,1983,246,1983,249,1985,187,1985,227,1985,267,1985,272,1986,153,1986,163,1986,177,1986,192,1986,195,1986,197,1986,203,1986,204,1986,207,1986,210,1986,212,1986,220,1986,229,1986,237,1986,250,1986,252,1986,260,1986,261,1986,265,1986,266,1986,268,1989,202,1989,211,1989,264,1991,226,1991,255,1993,158,1993,198,1993,249,1993,267,1994,159,1994,177,1994,242,1994,273,1995,247,1995,255,1995,264,1996,168,1996,193,1996,197,1996,224,1996,227,1996,240,1996,244,1996,257,1996,269,1996,273,1998,174,1999,205,1999,236,2000,202,2001,251,2004,160,2004,173,2004,180,2004,265
185,1981,206,1981,232,1982,246,1982,257,1983,208,1985,214,1986,210,1986,225,1986,231,1986,258,1987,263,1988,166,1988,169,1988,180,1988,187,1988,188,1988,196,1988,210,1988,227,1988,232,1988,247,1988,247,1988,252,1988,254,1988,261,1989,169,1989,175,1989,201,1989,206,1989,228,1991,160,1991,192,1991,256,1992,155,1992,187,1992,188,1992,188,1992,193,1992,197,1992,198,1992,210,1992,214,1992,227,1992,234,1992,236,1992,252,1992,261,1992,264,1992,268,1992,269,1992,272,1993,160,1993,184,1993,221,1994,167,1994,175,1994,217,1994,238,1994,247,1994,262,1995,175,1995,235,1996,156,1996,162,1996,171,1996,174,1996,197,1996,213,1996,213,1996,225,1996,237,1996,258,1996,268,1997,157,1997,181,1997,255,1998,205,1998,205,1998,223,1999,184,1999,187,1999,198,1999,204,1999,205,1999,209,1999,217,1999,217,1999,247,1999,254,1999,259,1999,264,1999,267,2000,181,2000,193,2000,212,2000,248,2001,178,2001,208,2004,202,2004,266
186,1981,193,1981,252,1982,219,1982,224,1982,266,1983,188,1983,211,1984,183,1984,218,1984,237,1984,265,1985,183,1985,220,1986,169,1986,171,1986,179,1986,244,1986,247,1987,243,1989,160,1989,163,1989,165,1989,175,1989,197,1989,198,1989,210,1989,235,1989,257,1989,257,1989,264,1989,265,1990,180,1990,186,1991,232,1991,243,1991,261,1992,156,1992,174,1992,189,1992,227,1992,251,1992,256,1992,264,1992,268,1993,162,1993,167,1993,178,1993,206,1993,238,1993,261,1994,164,1994,165,1994,197,1994,248,1995,158,1995,200,1995,203,1995,205,1995,243,1996,153,1996,161,1996,223,1996,227,1996,249,1997,178,1997,192,1997,197,1997,209,1997,233,1997,237,1997,240,1998,155,1998,171,1998,174,1998,176,1998,177,1998,178,1998,184,1998,186,1998,194,1998,209,1998,220,1999,157,1999,158,1999,178,1999,187,1999,188,1999,190,1999,194,1999,198,1999,218,1999,225,1999,227,1999,228,1999,232,1999,242,1999,267,2000,154,2000,159,2000,165,2001,178,2001,249,2004,166,2004,171,2004,180,2004,180,2004,206,2004,224,2004,241,2004,248,2004,258
187,1981,231,1982,255,1983,260,1985,246,1986,168,1986,204,1986,230,1988,227,1989,161,1989,269,1992,198,1992,207,1992,227,1992,250,1992,254,1992,262,1993,154,1994,191,1995,154,1995,166,1995,223,1995,252,1996,155,1996,161,1996,164,1996,187,1996,193,1996,208,1996,228,1996,235,1996,242,1996,262,1998,165,1998,177,1998,254,1998,260,1999,153,1999,209,1999,255,2000,214,2001,220,2001,232,2001,239,2004,152,2004,153,2004,160
188,1981,160,1981,165,1981,192,1981,197,1981,222,1982,200,1982,244,1984,172,1986,212,1986,248,1986,260,1987,168,1987,258,1989,186,1989,218,1989,256,1992,152,1992,167,1992,172,1992,203,1993,230,1994,252,1996,185,1996,200,1996,204,1996,263,1997,155,1997,199,1997,205,1997,250,2001,177,2004,184,2004,222,2004,272
189,1981,160,1981,190,1981,201,1981,208,1981,214,1981,234,1981,238,1981,241,1981,252,1981,262,1981,267,1985,166,1986,161,1986,190,1986,230,1986,239,1986,240,1986,250,1989,155,1989,165,1989,168,1989,187,1989,188,1989,189,1989,203,1989,238,1989,255,1989,271,1991,166,1991,179,1991,263,1992,154,1992,157,1992,160,1992,160,1992,168,1992,169,1992,170,1992,170,1992,178,1992,179,1992,183,1992,184,1992,186,1992,186,1992,192,1992,195,1992,198,1992,201,1992,209,1992,214,1992,220,1992,231,1992,237,1992,239,1992,242,1992,243,1992,248,1992,249,1992,251,1992,253,1992,253,1992,266,1992,268,1992,268,1992,270,1992,272,1992,273,1993,165,1994,158,1994,168,1995,189,1995,193,1995,197,1995,198,1995,206,1995,208,1995,216,1995,218,1995,218,1995,226,1995,239,1995,264,1995,270,1996,212,1996,232,1996,256,1998,198,1998,272,1999,186,1999,211,1999,261,2000,163,2000,170,2000,174,2000,184,2000,186,2000,187,2000,205,2000,206,2000,209,2000,219,2000,225,2000,226,2000,241,2000,251,2000,260,2001,178,2001,188,2001,221,2001,271,2004,158,2004,227,2004,234
190,1981,225,1982,191,1982,211,1982,212,1982,213,1982,216,1982,227,1982,233,1982,248,1983,224,1992,175,1992,181,1992,181,1992,193,1993,217,1994,156,1994,169,1994,198,1994,206,1994,255,1995,173,1995,191,1995,200,1996,198,1996,228,1996,240,1996,244,1996,268,1997,161,1997,241,1998,154,1998,178,1998,208,1998,219,1998,224,1999,152,2001,181,2001,204,2001,205,2001,215,2001,247,2001,265
191,1981,171,1981,175,1981,210,1982,178,1982,224,1983,189,1985,170,1986,182,1986,218,1986,220,1986,222,1986,232,1986,243,1988,216,1990,240,1991,175,1991,205,1991,219,1991,228,1991,257,1992,166,1992,241,1992,266,1993,241,1993,256,1994,250,1995,152,1995,186,1995,192,1995,270,1996,212,1996,227,1996,230,1997,169,1999,202,1999,233,1999,236,1999,241,1999,256,2000,219,2000,249,2001,179
192,1982,158,1982,164,1982,208,1982,214,1982,231,1982,245,1986,182,1986,223,1992,273,1993,199,1993,235,1995,253,1996,162,1996,224,2000,188,2001,168
193,1981,157,1981,187,1981,206,1981,214,1981,235,1981,240,1981,250,1982,160,1982,178,1982,180,1982,248,1982,251,1983,161,1983,225,1984,258,1985,194,1985,220,1985,237,1985,258,1986,180,1986,225,1986,267,1988,264,1989,152,1989,163,1989,170,1989,176,1989,180,1989,219,1989,260,1989,267,1990,164,1990,177,1990,212,1990,243,1990,259,1990,273,1992,182,1992,221,1992,225,1993,158,1993,248,1994,197,1994,211,1994,229,1994,266,1994,268,1995,179,1995,189,1995,226,1995,234,1995,244,1995,257,1995,264,1996,191,1996,195,1996,199,1996,211,1996,216,1996,216,1996,241,1996,271,1997,202,1999,178,1999,197,1999,207,1999,238,1999,255,1999,258,2000,196,2001,255,2001,255,2001,269,2004,181,2004,246
194,1981,268,1982,159,1982,226,1985,227,1986,178,1986,194,1986,225,1986,255,1988,167,1989,190,1989,197,1989,205,1989,221,1989,230,1991,155,1991,230,1992,205,1992,215,1992,221,1992,224,1993,189,1993,242,1994,183,1994,202,1995,162,1995,183,1995,186,1995,212,1995,227,1996,225,1996,244,1998,161,1998,180,1998,181,1998,182,1998,245,1998,252,1998,254,1998,257,1999,180,1999,258,1999,272,2001,161,2001,166,2001,236,2001,265,2004,165,2004,181,2004,247
195,1981,152,1981,210,1984,232,1986,252,1986,252,1986,262,1989,176,1989,183,1989,194,1989,209,1989,223,1989,235,1989,236,1989,237,1989,245,1991,218,1992,215,1994,162,1994,200,1996,161,1997,221,1998,169,1998,183,1998,183,1999,234,2001,192,2001,212,2001,254,2001,267,2004,190,2004,198,2004,198,2004,227,2004,258,2004,266
196,1981,219,1981,223,1984,222,1986,183,1986,184,1986,211,1986,220,1986,222,1986,255,1986,271,1988,185,1988,242,1988,245,1988,260,1988,262,1989,165,1989,172,1989,188,1989,195,1989,206,1989,217,1989,262,1989,264,1989,271,1989,272,1991,187,1996,154,1996,154,1996,157,1996,161,1996,162,1996,164,1996,175,1996,181,1996,182,1996,184,1996,190,1996,194,1996,196,1996,199,1996,202,1996,206,1996,214,1996,214,1996,231,1996,233,1996,243,1996,259,1996,259,1996,265,1996,265,1999,154,2004,202,2004,221,2004,249,2004,251,2004,259,2004,269
197,1981,167,1981,266,1981,269,1981,270,1982,177,1986,169,1986,187,1986,266,1987,160,1987,253,1988,250,1989,167,1989,228,1989,255,1991,206,1993,162,1993,180,1993,221,1993,261,1994,165,1994,168,1994,172,1994,173,1994,185,1994,189,1994,189,1994,193,1994,213,1994,229,1994,255,1996,152,1996,170,1996,173,1996,174,1996,182,1996,183,1996,187,1996,193,1996,199,1996,200,1996,202,1996,202,1996,205,1996,207,1996,214,1996,216,1996,217,1996,218,1996,220,1996,221,1996,228,1996,228,1996,228,1996,230,1996,233,1996,236,1996,236,1996,243,1996,246,1996,251,1996,260,1996,263,1996,265,1996,267,1996,272,1997,227,1999,176,2000,178,2004,227,2004,244
198,1981,167,1981,174,1981,193,1981,207,1981,211,1981,227,1981,230,1981,235,1981,240,1981,241,1981,255,1982,182,1982,221,1982,263,1983,167,1983,186,1983,187,1983,189,1983,199,1983,215,1983,272,1985,156,1985,176,1985,186,1985,219,1985,244,1985,271,1986,168,1986,175,1986,180,1986,190,1986,192,1986,197,1986,200,1986,203,1986,214,1986,218,1986,227,1986,230,1986,231,1986,231,1986,236,1986,237,1986,256,1986,262,1986,273,1987,152,1987,197,1988,187,1988,197,1988,203,1988,228,1988,233,1988,263,1988,267,1988,272,1989,190,1989,247,1989,269,1990,153,1990,157,1990,172,1990,183,1990,184,1990,186,1990,202,1990,209,1990,210,1990,214,1990,216,1990,218,1990,226,1990,226,1990,226,1990,230,1990,235,1990,240,1990,258,1990,270,1990,271,1991,165,1991,166,1991,181,1991,190,1991,206,1991,208,1991,219,1991,220,1991,226,1991,227,1991,228,1991,235,1991,239,1991,244,1991,254,1991,270,1991,273,1992,153,1993,202,1993,214,1993,220,1994,161,1994,187,1994,189,1994,202,1994,210,1994,214,1994,223,1994,236,1994,243,1995,177,1995,190,1995,208,1995,238,1995,239,1995,264,1995,269,1995,272,1996,165,1996,167,1996,172,1996,178,1996,181,1996,182,1996,194,1996,213,1996,214,1996,218,1996,233,1996,238,1996,248,1996,252,1996,254,1996,267,1998,157,1998,164,1998,187,1998,224,1998,253,1998,256,1998,257,1999,165,1999,169,1999,181,1999,186,1999,188,1999,220,1999,222,1999,233,1999,249,1999,251,1999,252,1999,261,1999,261,1999,266,1999,267,2000,171,2000,188,2000,196,2000,252,2000,260,2000,273,2004,226
199,1981,152,1981,195,1981,204,1981,238,1981,239,1981,259,1982,166,1982,223,1982,271,1983,239,1985,235,1986,153,1986,179,1986,183,1986,190,1986,201,1986,224,1986,233,1988,183,1988,194,1988,247,1988,271,1989,163,1989,168,1989,206,1989,272,1990,168,1990,187,1990,206,1990,217,1990,232,1990,251,1990,254,1991,166,1991,166,1991,180,1991,180,1991,206,1991,239,1991,248,1992,190,1992,259,1993,267,1994,166,1994,216,1994,234,1994,236,1994,242,1995,153,1995,179,1995,215,1995,230,1995,246,1995,271,1996,162,1996,165,1996,174,1996,175,1996,177,1996,179,1996,183,1996,194,1996,194,1996,195,1996,196,1996,200,1996,203,1996,207,1996,208,1996,209,1996,215,1996,225,1996,226,1996,228,1996,236,1996,238,1996,242,1996,244,1996,256,1996,262,1996,263,1996,272,1998,245,1999,182,1999,255,2000,191,2000,205,2001,187,2001,222,2001,230
200,1981,158,1981,163,1981,180,1981,183,1981,184,1981,185,1981,197,1981,199,1981,200,1981,222,1981,241,1981,255,1982,152,1982,165,1982,170,1986,155,1986,161,1986,169,1986,172,1986,186,1986,197,1986,204,1989,162,1989,164,1989,166,1989,173,1989,178,1989,186,1989,199,1989,200,1989,214,1989,227,1989,227,1989,237,1989,241,1989,259,1989,268,1991,164,1992,156,1992,173,1992,205,1992,209,1992,222,1992,231,1992,249,1992,267,1993,195,1993,244,1994,258,1995,212,1995,226,1995,230,1995,242,1996,153,1996,189,1996,199,1996,228,1996,246,1996,259,1996,261,1998,158,1998,272,1999,221,1999,243,1999,243,2000,225,2001,174,2001,243,2001,249,2001,253,2004,189,2004,200,2004,220,2004,226,2004,232
201,1981,164,1981,172,1981,185,1981,266,1982,155,1982,182,1982,262,1983,210,1983,263,1984,167,1986,167,1986,186,1986,205,1987,171,1988,218,1989,206,1992,168,1992,203,1992,239,1993,237,1995,236,1996,220,1998,156,1998,187,1999,177,2000,253,2001,156,2004,170
202,1981,196,1981,201,1981,218,1981,221,1981,254,1982,216,1982,220,1984,179,1984,227,1984,240,1986,157,1986,159,1986,163,1986,177,1986,213,1986,241,1986,243,1987,220,1988,205,1989,155,1989,158,1989,159,1989,193,1989,219,1989,251,1991,240,1991,245,1992,186,1992,207,1992,267,1993,244,1994,214,1994,224,1995,160,1995,271,1996,182,1996,207,1996,222,1996,236,1996,271,1997,154,1997,243,1999,156,1999,170,1999,178,2000,231,2000,252,2000,258,2000,269,2001,173,2001,179,2001,183,2004,182,2004,200,2004,208,2004,267
203,1981,167,1981,177,1981,182,1981,182,1981,192,1981,210,1981,226,1981,242,1981,251,1982,158,1982,195,1982,208,1982,242,1982,273,1984,257,1986,254,1989,164,1989,170,1989,196,1989,208,1989,245,1989,273,1992,166,1992,176,1992,225,1992,225,1992,248,1992,262,1992,263,1993,252,1993,270,1995,161,1996,152,1996,175,1996,199,1996,204,1996,212,1996,235,1996,239,1996,248,1996,255,1997,188,1997,210,1998,211,1999,219,1999,237,1999,244,2001,177,2001,180,2004,153,2004,180,2004,204,2004,248,2004,268
204,1981,188,1981,215,1981,249,1981,263,1981,268,1982,186,1982,192,1982,196,1982,218,1982,260,1982,261,1985,177,1986,181,1986,219,1986,270,1989,156,1989,156,1989,158,1989,162,1989,181,1989,186,1989,187,1989,195,1989,203,1989,206,1989,214,1989,217,1989,223,1989,235,1989,238,1989,238,1989,238,1989,244,1989,256,1989,260,1990,176,1990,213,1991,169,1991,175,1992,172,1992,210,1992,232,1992,238,1992,240,1992,255,1993,250,1994,172,1995,185,1995,247,1996,155,1996,161,1996,243,1996,244,1996,254,1997,154,1997,161,1997,194,1998,251,1998,252,1999,256,2000,165,2000,230,2000,245,2001,196,2004,192,2004,206,2004,264,2004,270
205,1981,161,1985,245,1989,154,1989,158,1989,159,1989,182,1989,183,1989,192,1989,211,1989,214,1989,222,1989,229,1989,230,1989,242,1989,270,1992,153,1992,198,1992,260,1992,266,1993,205,1995,164,1995,225,1996,160,1996,187,1996,194,1996,197,1996,197,1996,212,1996,233,1997,215,1997,253,1999,182,1999,198,2001,271,2004,168,2004,170,2004,196,2004,210,2004,223,2004,236,2004,240,2004,247,2004,265
206,1981,162,1984,257,1985,238,1989,163,1989,163,1989,177,1989,181,1989,187,1989,201,1989,241,1989,247,1989,256,1989,273,1992,158,1992,160,1992,210,1993,244,1994,241,1995,164,1995,182,1996,163,1996,241,1996,261,1997,168,1997,182,1997,212,1998,194,1999,207,1999,209,1999,232,2004,153,2004,162,2004,168,2004,173,2004,184,2004,201,2004,211,2004,237,2004,244,2004,246,2004,262
207,1981,154,1981,254,1982,214,1982,228,1984,212,1986,169,1986,176,1986,200,1987,192,1989,175,1991,176,1992,166,1992,168,1992,195,1992,229,1992,247,1992,257,1993,175,1994,158,1994,179,1994,185,1994,211,1996,160,1996,192,1996,214,1996,227,1996,240,1996,268,1997,163,1997,198,1997,201,1997,204,1997,214,1998,168,1998,238,2000,173,2000,184,2000,186,2000,190,2000,241,2000,254,2001,245
208,1988,207,1992,193,1992,240,1992,249,1992,249,1996,198,1997,184,1997,254,1997,263,1999,171,1999,218,2004,196,2004,215,2004,240,2004,240
209,1981,153,1981,246,1982,182,1983,170,1986,168,1989,222,1989,247,1989,266,1991,154,1991,159,1991,183,1991,189,1991,249,1991,259,1991,269,1994,243,1995,271,1996,170,1997,201,1999,176,1999,181,1999,270,2000,193,2001,171,2004,155,2004,156,2004,157,2004,167,2004,173,2004,209,2004,230,2004,234,2004,251,2004,265
210,1981,152,1981,241,1982,164,1982,184,1982,225,1982,238,1982,257,1984,249,1984,273,1985,210,1985,240,1986,160,1986,163,1986,165,1986,244,1989,156,1989,194,1989,223,1989,239,1991,154,1992,251,1993,203,1993,247,1994,154,1994,170,1994,170,1994,205,1994,241,1994,271,1996,229,1997,203,1999,222,1999,222,2000,156,2001,174,2004,167,2004,185
211,1981,163,1981,172,1981,181,1981,198,1981,204,1981,233,1981,239,1981,240,1981,252,1981,255,1981,256,1981,258,1981,259,1981,264,1981,269,1981,270,1982,158,1982,168,1982,218,1982,267,1984,183,1984,187,1984,209,1984,224,1984,229,1984,246,1985,158,1985,159,1985,176,1985,247,1987,154,1987,192,1988,156,1988,162,1988,184,1988,193,1988,194,1988,199,1988,217,1988,220,1988,225,1988,257,1988,267,1988,269,1989,171,1989,174,1989,174,1989,208,1989,226,1990,155,1991,191,1992,156,1992,163,1992,170,1992,178,1992,204,1992,239,1992,239,1992,242,1992,268,1992,273,1992,273,1993,162,1993,168,1993,177,1993,178,1993,183,1993,183,1993,184,1993,191,1993,192,1993,195,1993,201,1993,203,1993,206,1993,212,1993,213,1993,218,1993,226,1993,227,1993,235,1993,235,1993,237,1993,241,1993,250,1993,252,1993,257,1993,263,1993,264,1993,266,1993,268,1994,166,1994,167,1994,171,1994,182,1994,205,1994,208,1994,209,1994,209,1994,222,1994,229,1994,247,1994,248,1994,254,1994,259,1994,259,1994,272,1995,152,1995,165,1995,170,1995,181,1995,200,1995,208,1995,224,1995,226,1996,174,1996,177,1996,215,1996,247,1998,153,1998,153,1998,163,1998,205,1998,209,1998,239,1999,155,1999,171,1999,197,1999,248,1999,256,1999,260,1999,270,1999,272,2000,223,2001,194,2001,226,2001,255,2004,236,2004,240
212,1982,183,1984,226,1985,239,1986,223,1989,229,1991,240,1992,171,1992,189,1992,193,1992,206,1992,214,1992,259,1992,260,1992,263,1992,269,1993,158,1994,161,1994,205,1994,210,1994,268,1995,172,1995,263,1996,184,1998,222,2001,201,2001,266,2004,205,2004,234,2004,241
213,1982,158,1982,266,1985,260,1989,156,1989,157,1989,192,1989,229,1992,241,1998,179,1999,160,1999,165,1999,176,2001,244,2004,165,2004,182
214,1981,200,1986,234,1989,166,1989,248,1993,171,1996,180,1996,223,1996,228,1996,241,1996,246,1996,254,2004,164,2004,193
215,1981,219,1982,234,1988,272,1989,157,1989,188,1993,242,1994,227,1996,154,1996,158,1996,160,1996,165,1996,173,1996,176,1996,179,1996,186,1996,187,1996,190,1996,192,1996,194,1996,195,1996,204,1996,205,1996,214,1996,231,1996,233,1996,236,1996,238,1996,238,1996,239,1996,244,1996,245,1996,259,1996,260,1996,263,1996,268,1996,269,1996,272,1996,273,1998,249,1999,162,1999,175,2001,215
216,1981,153,1981,194,1981,211,1981,214,1981,243,1981,250,1981,256,1981,272,1982,155,1982,166,1982,180,1982,224,1982,236,1982,238,1982,245,1982,251,1982,254,1982,268,1982,271,1984,208,1985,192,1985,259,1986,153,1986,154,1986,156,1986,185,1986,186,1986,186,1986,188,1986,195,1986,218,1986,219,1986,234,1986,245,1986,246,1986,252,1986,271,1988,234,1989,169,1989,209,1989,226,1990,219,1990,244,1990,268,1990,273,1991,162,1991,172,1991,177,1991,193,1991,200,1991,213,1991,227,1993,186,1993,204,1993,231,1993,231,1993,251,1993,255,1993,262,1994,157,1994,175,1994,193,1994,212,1994,236,1995,153,1995,157,1995,158,1995,165,1995,168,1995,171,1995,193,1995,200,1995,200,1995,243,1995,250,1995,261,1996,219,1996,220,1996,222,1998,186,1998,193,1998,201,1998,209,1998,230,1998,258,1999,153,1999,154,1999,167,1999,169,1999,181,1999,200,1999,201,1999,202,1999,206,1999,219,1999,229,1999,230,1999,241,1999,246,1999,260,1999,263,2000,182,2000,233,2001,169
217,1981,187,1981,192,1981,200,1981,247,1982,157,1982,235,1982,262,1982,268,1984,156,1984,229,1986,162,1986,243,1989,159,1989,180,1989,188,1989,199,1989,215,1989,223,1989,234,1989,251,1989,269,1989,270,1989,270,1989,273,1991,160,1992,164,1992,170,1992,186,1992,199,1992,211,1992,241,1993,211,1993,239,1993,245,1994,217,1995,184,1995,250,1996,155,1996,164,1996,174,1996,190,1996,191,1996,192,1996,193,1996,206,1996,207,1996,225,1996,230,1996,239,1996,239,1996,248,1996,267,1996,267,1997,251,1998,180,1998,243,1999,187,1999,239,2000,273,2001,207,2004,155,2004,165,2004,186
218,1981,156,1983,180,1984,154,1989,207,1991,213,1992,153,1992,178,1992,240,1992,247,1996,167,1996,213,1996,215,1996,229,1996,232,1998,220,1999,155
219,1982,197,1982,203,1984,183,1986,242,1986,245,1987,261,1989,168,1989,187,1989,190,1989,194,1989,197,1989,212,1989,249,1989,257,1989,258,1991,164,1992,179,1992,239,1992,248,1992,261,1992,273,1993,181,1993,206,1993,248,1994,234,1994,257,1996,174,1996,227,1997,226,1998,211,1999,156,1999,174,1999,226,2000,195,2004,153,2004,161,2004,173,2004,200,2004,209,2004,215,2004,218,2004,218,2004,272
220,1989,157,1989,182,1989,193,1989,200,1989,229,1989,230,1989,252,1991,260,1992,172,1992,249,1994,194,1995,160,1996,189,1996,214,1996,273,1997,221,1998,177,1998,179,1999,185,1999,192,2000,166,2000,182,2001,262,2004,158,2004,158,2004,177,2004,193,2004,225,2004,253,2004,264
221,1981,162,1981,179,1981,245,1981,272,1984,201,1986,208,1986,246,1989,170,1989,175,1989,200,1989,202,1989,208,1989,218,1989,222,1989,226,1989,239,1989,241,1989,243,1989,247,1989,247,1992,169,1992,252,1994,218,1995,258,1996,156,1996,192,1996,193,1996,226,1996,248,1996,266,1997,203,1997,249,1998,159,1999,152,1999,220,1999,235,1999,244,1999,252,2004,173,2004,194,2004,205,2004,217,2004,229,2004,272
222,1981,159,1981,162,1981,217,1981,226,1981,244,1981,246,1981,250,1981,258,1981,269,1984,247,1985,264,1986,209,1989,157,1989,158,1989,159,1989,164,1989,167,1989,172,1989,223,1989,249,1989,262,1989,273,1991,169,1992,195,1992,196,1992,206,1992,206,1992,229,1992,241,1992,264,1993,227,1995,184,1995,216,1995,239,1996,193,1996,215,1996,251,1997,217,1998,268,1999,168,1999,198,1999,207,1999,251,2001,178,2004,166,2004,183,2004,189,2004,198,2004,201,2004,238,2004,239,2004,252,2004,252,2004,258
223,1989,204,1989,221,1989,254,1989,255,1992,170,1992,248,1992,258,1994,169,1994,243,1995,271,1996,251,1999,240,2004,253,2004,254
224,1981,158,1984,185,1989,161,1989,206,1989,210,1989,221,1989,235,1989,238,1989,248,1989,252,1989,253,1989,265,1992,194,1997,193,1997,195,1997,235,1999,168,1999,186,2001,206,2004,181,2004,208,2004,244,2004,247
225,1981,232,1986,180,1986,230,1986,234,1989,152,1989,203,1989,232,1990,262,1992,158,1992,160,1992,163,1992,168,1992,169,1992,173,1992,174,1992,184,1992,194,1992,194,1992,195,1992,202,1992,204,1992,210,1992,213,1992,214,1992,227,1992,241,1992,251,1992,262,1992,273,1993,173,1993,206,1993,268,1994,188,1994,191,1994,194,1994,196,1994,198,1994,199,1994,209,1994,209,1994,237,1996,198,1996,201,1996,238,1997,155,1997,156,1997,192,1997,198,1997,244,1997,270,1999,153,1999,211,1999,215,1999,220,1999,221,1999,225,1999,229,1999,234,1999,240,1999,242,2000,165,2000,194,2000,200,2000,210,2000,226,2001,172,2001,236
226,1981,210,1984,177,1984,200,1984,203,1984,226,1984,227,1984,234,1985,221,1986,154,1986,155,1986,159,1986,191,1986,209,1986,218,1986,238,1989,178,1989,191,1989,204,1992,157,1992,163,1992,169,1992,201,1992,215,1992,224,1992,225,1992,241,1992,244,1992,250,1992,254,1992,257,1992,263,1992,265,1993,161,1993,164,1993,170,1993,233,1993,237,1993,240,1994,171,1994,247,1994,250,1996,240,1997,171,1997,179,1997,200,1997,204,1997,208,1997,209,1997,215,1997,220,1997,231,1997,232,1997,234,1997,235,1997,238,1997,250,1997,255,1997,267,1998,180,1998,199,1998,206,1998,243,1998,266,1999,192,1999,200,1999,202,1999,228,2000,187,2000,191,2000,220,2000,239,2000,240,2000,242,2000,268,2001,160,2001,195,2001,221,2001,222,2001,231,2001,231,2001,235,2001,235,2001,238
227,1982,155,1982,167,1982,169,1982,173,1982,184,1982,187,1982,202,1982,222,1982,225,1982,231,1982,233,1982,234,1984,186,1984,267,1985,206,1986,234,1986,241,1986,248,1986,252,1993,163,1993,165,1993,263,1994,190,1994,194,1994,197,1994,211,1994,220,1994,233,1994,241,1994,246,1994,252,1994,256,1996,159,1996,164,1996,166,1996,169,1996,181,1996,196,1996,197,1996,212,1996,225,1996,252,1996,261,1999,165,1999,167,1999,229,1999,270,1999,273,2001,158,2004,167,2004,175,2004,215,2004,265
228,1981,225,1982,270,1983,264,1984,182,1985,216,1989,157,1989,168,1989,174,1989,184,1989,191,1989,195,1989,195,1989,198,1989,202,1989,204,1989,210,1989,214,1989,215,1989,219,1989,223,1989,227,1989,234,1989,237,1989,248,1989,258,1989,262,1989,263,1992,152,1992,174,1992,220,1992,241,1992,249,1992,254,1992,255,1993,156,1993,190,1994,248,1995,264,1996,156,1996,161,1996,180,1996,182,1996,217,1996,237,1996,254,1997,153,1997,153,1997,172,1997,252,1997,255,1998,243,1998,256,1999,239,2001,179,2001,233,2001,270
229,1981,210,1981,241,1981,250,1981,255,1981,266,1982,196,1982,217,1982,247,1982,256,1982,261,1983,181,1983,204,1983,206,1984,160,1984,173,1984,173,1984,184,1984,186,1984,197,1984,208,1984,213,1984,218,1984,232,1985,186,1985,218,1985,243,1987,216,1988,163,1988,190,1988,246,1988,255,1989,206,1989,213,1990,182,1991,159,1991,253,1991,267,1992,160,1992,169,1992,233,1992,253,1993,155,1993,158,1993,173,1993,176,1993,176,1993,184,1993,186,1993,197,1993,200,1993,202,1993,204,1993,206,1993,207,1993,209,1993,218,1993,228,1993,228,1993,228,1993,231,1993,232,1993,239,1993,250,1993,251,1993,254,1993,261,1993,265,1993,267,1993,269,1993,270,1994,157,1994,158,1994,158,1994,160,1994,167,1994,178,1994,185,1994,189,1994,192,1994,197,1994,197,1994,202,1994,205,1994,227,1994,239,1994,241,1994,265,1995,163,1995,209,1995,250,1996,217,1997,165,1997,188,1997,204,1997,213,1998,192,1998,226,1999,159,1999,185,1999,186,1999,196,1999,222,1999,239,1999,248,1999,260,1999,265,2000,169,2000,197,2000,211,2000,248,2001,171,2001,191,2001,210
230,1981,215,1981,239,1981,269,1982,154,1982,198,1982,217,1982,243,1982,259,1982,261,1984,179,1984,185,1984,203,1984,244,1985,265,1986,195,1986,214,1988,190,1989,160,1989,167,1989,172,1989,174,1989,181,1989,205,1989,206,1989,224,1989,247,1989,251,1989,259,1991,202,1991,219,1992,163,1992,186,1992,219,1993,152,1993,153,1993,171,1993,202,1993,222,1993,235,1993,262,1993,264,1994,163,1994,213,1994,217,1994,225,1994,234,1994,253,1994,267,1995,163,1995,170,1995,183,1995,196,1995,204,1995,237,1996,168,1996,177,1996,214,1996,217,1996,239,1996,248,1996,261,1997,242,1998,250,1999,190,1999,251,2000,252,2000,270
231,1982,193,1982,254,1991,232,1992,154,1992,240,1996,170,1996,189,1996,192,1996,199,1996,226,1999,173,1999,175,1999,184,1999,198,1999,243,1999,262,2004,176,2004,217,2004,243
232,1981,173,1981,244,1982,152,1982,153,1982,267,1983,160,1985,247,1986,161,1986,265,1989,152,1989,166,1989,174,1989,185,1989,192,1989,225,1989,229,1989,234,1989,241,1993,199,1995,172,1995,236,1996,157,1996,162,1996,172,1996,181,1996,198,1996,202,1996,219,1996,222,1996,236,1996,249,1996,250,1996,252,1996,270,1997,239,1998,187,1998,199,1998,228,1999,174,1999,185,1999,203,1999,223,1999,240,1999,252,1999,273,2004,179,2004,215,2004,265,2004,269
233,1981,180,1981,189,1981,194,1981,197,1981,266,1982,253,1983,263,1986,189,1986,232,1986,239,1986,242,1987,178,1988,157,1989,182,1989,206,1989,215,1989,233,1989,244,1990,227,1990,269,1991,173,1991,188,1991,238,1992,230,1992,259,1993,187,1993,190,1993,193,1993,198,1993,217,1993,240,1993,247,1993,258,1993,272,1994,189,1994,225,1996,154,1996,156,1996,158,1996,159,1996,169,1996,172,1996,173,1996,174,1996,174,1996,176,1996,178,1996,179,1996,184,1996,184,1996,185,1996,187,1996,187,1996,190,1996,191,1996,194,1996,197,1996,200,1996,201,1996,202,1996,207,1996,208,1996,210,1996,210,1996,210,1996,210,1996,211,1996,214,1996,214,1996,214,1996,215,1996,216,1996,218,1996,219,1996,221,1996,221,1996,225,1996,226,1996,230,1996,231,1996,231,1996,233,1996,235,1996,243,1996,244,1996,260,1996,261,1996,264,1996,265,1996,268,1996,268,1996,269,1996,272,1996,273,1998,193,1998,212,1998,217,1998,225,1998,243,1999,179,1999,180,1999,206,1999,237,1999,244,1999,245,1999,247,1999,263,2000,192,2000,217,2001,163,2001,209
234,1981,177,1981,249,1982,163,1982,184,1982,187,1982,198,1982,232,1982,253,1982,265,1986,165,1986,178,1992,190,1994,157,1994,220,1996,153,1996,154,1996,155,1996,156,1996,156,1996,158,1996,158,1996,161,1996,162,1996,164,1996,164,1996,166,1996,167,1996,168,1996,171,1996,172,1996,174,1996,175,1996,175,1996,176,1996,178,1996,179,1996,180,1996,182,1996,185,1996,185,1996,187,1996,188,1996,189,1996,189,1996,195,1996,195,1996,196,1996,199,1996,199,1996,204,1996,205,1996,206,1996,208,1996,208,1996,212,1996,212,1996,213,1996,215,1996,216,1996,216,1996,216,1996,216,1996,220,1996,220,1996,221,1996,221,1996,223,1996,224,1996,225,1996,225,1996,225,1996,226,1996,226,1996,227,1996,229,1996,229,1996,230,1996,230,1996,236,1996,238,1996,240,1996,244,1996,246,1996,249,1996,250,1996,255,1996,255,1996,256,1996,258,1996,262,1996,262,1996,265,1996,265,1996,266,1996,268,1996,269,1996,270,1996,271,1996,272,1996,272,1996,273,1996,273,1996,273,1998,179,1998,244,1999,245
235,1981,181,1981,218,1981,252,1981,265,1982,153,1982,158,1982,190,1982,239,1982,248,1982,254,1986,175,1986,183,1986,206,1986,225,1986,257,1988,192,1990,266,1992,177,1992,178,1995,157,1995,159,1995,165,1995,170,1995,183,1995,237,1995,271,1996,220,1996,248,1999,216,1999,244,2000,158,2000,229,2000,264,2004,238,2004,256
236,1981,223,1981,253,1981,269,1982,152,1982,157,1982,160,1982,176,1982,201,1982,205,1982,210,1982,227,1982,234,1982,245,1986,221,1986,255,1989,173,1989,192,1989,204,1989,259,1989,273,1992,172,1992,212,1994,216,1995,172,1995,260,1996,163,1996,169,1996,183,1996,199,1996,204,1996,209,1996,219,1996,243,1996,248,1996,258,1996,261,1996,270,1999,155,1999,248,2000,211,2000,236,2001,188,2004,227,2004,229,2004,246,2004,248
237,1981,200,1981,253,1982,153,1982,154,1982,201,1984,239,1986,166,1986,196,1989,152,1989,154,1989,155,1989,156,1989,161,1989,167,1989,174,1989,176,1989,176,1989,178,1989,190,1989,226,1989,243,1989,248,1989,262,1989,264,1989,266,1992,164,1992,253,1994,176,1994,191,1995,163,1995,194,1995,251,1995,264,1996,187,1996,204,1996,205,1996,210,1996,212,1996,219,1996,222,1996,227,1996,229,1996,262,1996,265,1996,269,1998,221,1998,246,2000,205,2000,227,2001,194,2004,270
238,1981,155,1981,238,1981,251,1981,273,1982,242,1982,254,1991,184,1991,270,1993,222,1994,200,1994,202,1995,173,1995,212,1995,231,1995,237,1996,154,1996,164,1996,193,1996,193,1996,219,1996,236,1996,241,1996,249,1999,160,1999,178,1999,194,1999,215,1999,267,2001,204,2001,207,2004,168,2004,184,2004,185,2004,215,2004,237
239,1981,162,1981,171,1981,269,1984,202,1984,206,1984,240,1985,231,1986,153,1989,182,1989,185,1989,189,1989,202,1989,205,1989,224,1989,247,1989,273,1990,206,1991,154,1991,195,1991,238,1992,175,1992,189,1992,213,1992,219,1992,234,1992,268,1993,200,1994,175,1994,206,1994,258,1995,212,1995,238,1995,247,1995,248,1995,260,1996,192,1997,213,1998,182,1999,223,1999,261,1999,271,2000,186,2001,271,2004,152,2004,214,2004,217,2004,251
240,1981,173,1981,192,1981,193,1981,256,1982,175,1984,182,1984,228,1984,247,1985,229,1986,161,1986,164,1986,179,1986,211,1986,229,1986,241,1987,218,1989,153,1989,162,1989,166,1989,168,1989,173,1989,204,1989,223,1992,170,1992,188,1992,199,1992,202,1992,208,1992,215,1992,223,1992,244,1992,259,1992,265,1994,259,1995,183,1996,155,1996,155,1996,164,1996,174,1996,224,1996,271,1997,154,1997,157,1997,171,1997,174,1997,192,1997,209,1997,249,1998,179,1998,216,1999,173,1999,183,1999,228,1999,233,2000,248,2004,186,2004,188,2004,194,2004,213,2004,242
241,1981,173,1981,188,1981,190,1981,196,1981,196,1981,207,1981,220,1981,239,1981,256,1981,259,1984,194,1984,227,1985,167,1985,204,1985,222,1986,264,1987,224,1989,156,1989,158,1989,169,1989,224,1989,224,1989,228,1989,233,1989,241,1989,241,1989,267,1989,271,1991,157,1991,218,1991,249,1991,262,1992,163,1992,185,1992,192,1992,200,1992,233,1992,243,1993,172,1993,235,1994,176,1994,241,1994,244,1994,248,1995,218,1995,225,1995,228,1995,239,1995,241,1995,256,1995,257,1995,267,1995,271,1996,155,1996,180,1996,265,1996,270,1997,264,1998,263,1999,164,1999,192,1999,211,1999,211,1999,238,1999,253,1999,261,2001,204,2001,271,2004,168,2004,226,2004,239
242,1981,153,1981,153,1981,190,1981,194,1981,196,1981,205,1981,209,1981,216,1981,239,1981,262,1984,256,1986,177,1986,191,1986,249,1989,161,1989,218,1989,229,1989,235,1989,266,1992,186,1992,209,1992,228,1992,235,1992,240,1992,258,1992,264,1993,183,1993,230,1994,154,1994,163,1994,183,1994,193,1994,201,1994,254,1995,161,1995,200,1995,231,1995,251,1996,186,1996,198,1996,237,1996,242,1996,251,1997,185,1997,205,1997,248,1998,159,1998,169,1998,260,1999,206,1999,252,1999,257,2000,208,2000,225,2000,238,2000,247,2000,253,2001,184,2001,236
243,1981,153,1981,156,1981,174,1981,174,1981,178,1981,189,1981,196,1981,196,1981,200,1981,202,1981,215,1981,220,1981,221,1981,224,1981,229,1981,234,1981,234,1981,236,1981,240,1981,247,1981,250,1981,251,1981,259,1981,262,1981,264,1981,268,1981,272,1981,272,1982,212,1982,267,1983,153,1983,170,1983,185,1983,204,1984,216,1984,240,1984,264,1985,252,1987,181,1987,245,1988,160,1988,162,1988,201,1988,205,1988,232,1988,256,1989,211,1989,226,1989,262,1989,265,1992,157,1992,178,1992,220,1992,251,1992,271,1993,165,1993,174,1993,174,1993,176,1993,200,1993,208,1993,212,1993,222,1993,248,1993,258,1994,191,1994,193,1994,214,1994,231,1994,233,1994,255,1994,272,1995,220,1996,244,1997,155,1997,163,1997,168,1997,185,1997,200,1997,219,1997,221,1997,231,1997,239,1998,188,1999,185,1999,217,1999,234,1999,242,1999,242,2000,197,2000,198,2000,205,2000,228,2000,228,2000,264,2001,186,2001,187,2001,192
244,1985,173,1989,184,1989,236,1992,195,1992,224,1992,225,1992,232,1992,244,1992,266,1994,177,1994,181,1994,249,1996,159,1996,170,1996,189,1996,232,1996,260,1997,204,1999,191,2000,241,2001,170,2001,172,2001,249,2004,172,2004,216,2004,241
245,1981,210,1982,220,1986,159,1986,214,1986,222,1994,231,1996,156,1996,159,1996,161,1996,181,1996,201,1996,218,1996,254
246,1981,153,1982,187,1982,221,1982,243,1983,176,1984,207,1984,235,1986,153,1986,159,1986,191,1986,226,1986,246,1988,184,1989,156,1989,167,1989,185,1989,197,1991,245,1991,260,1992,162,1992,168,1992,239,1992,242,1992,250,1992,250,1992,253,1993,161,1993,164,1993,179,1993,184,1993,189,1993,206,1994,189,1994,216,1994,223,1994,263,1995,153,1995,262,1996,160,1996,171,1996,195,1996,217,1996,231,1996,269,1997,182,1997,183,1997,193,1997,231,1997,233,1997,239,1997,261,1997,263,1997,266,1997,268,1999,228,1999,261,2000,160,2000,171,2000,181,2000,185,2000,268,2001,183
247,1981,257,1981,261,1982,157,1982,166,1982,166,1982,175,1982,182,1982,212,1982,231,1982,251,1982,252,1983,180,1983,194,1983,210,1983,241,1983,259,1986,174,1986,207,1986,224,1988,169,1989,162,1989,168,1989,201,1989,215,1989,223,1989,234,1992,168,1992,193,1992,204,1992,207,1992,211,1992,216,1992,249,1993,184,1993,189,1993,215,1993,218,1993,222,1993,223,1993,225,1993,262,1993,267,1994,155,1994,167,1994,175,1994,192,1994,196,1994,200,1994,206,1994,228,1994,229,1994,246,1994,249,1995,224,1995,269,1996,153,1996,155,1996,156,1996,166,1996,170,1996,182,1996,185,1996,185,1996,202,1996,206,1996,215,1996,240,1996,259,1996,260,1996,262,1996,263,1996,267,1997,157,1997,165,1997,176,1997,189,1997,192,1997,200,1997,208,1997,209,1997,215,1997,216,1997,222,1997,226,1997,267,1997,269,1998,195,1998,213,1998,252,1998,269,1998,270,1999,155,1999,155,1999,177,1999,185,1999,218,1999,221,1999,225,1999,243,1999,262,2000,156,2000,156,2000,168,2000,169,2000,174,2000,179,2000,183,2000,185,2000,191,2000,195,2000,208,2000,217,2000,228,2000,245,2000,247,2000,248,2000,257,2000,264,2001,158,2001,162,2001,264
248,1981,176,1981,213,1981,250,1982,173,1982,173,1982,176,1982,259,1983,171,1983,180,1983,182,1983,206,1983,224,1983,240,1983,241,1984,153,1984,181,1984,203,1984,227,1986,164,1986,216,1986,222,1986,251,1989,164,1989,176,1989,178,1989,180,1989,206,1989,208,1989,210,1989,230,1989,243,1989,244,1989,261,1989,267,1989,273,1990,170,1991,197,1993,191,1993,259,1994,163,1994,166,1994,197,1994,204,1994,229,1995,164,1995,178,1995,260,1996,161,1996,169,1996,174,1996,184,1996,190,1996,194,1996,197,1996,203,1996,213,1996,236,1996,238,1997,255,1998,168,1998,175,1998,197,1998,225,1998,257,1999,158,1999,192,1999,216,1999,234,1999,253,1999,257,2000,174,2000,180,2000,244,2001,168,2001,251,2004,188
249,1981,181,1981,188,1981,190,1981,200,1981,203,1981,208,1981,232,1981,240,1981,241,1981,262,1983,153,1984,172,1984,234,1984,256,1986,169,1986,180,1986,214,1986,266,1989,154,1989,155,1989,159,1989,161,1989,166,1989,167,1989,189,1989,192,1989,197,1989,201,1989,201,1989,218,1989,219,1989,223,1989,227,1989,229,1989,232,1989,237,1989,238,1989,239,1989,241,1989,250,1989,259,1990,250,1991,158,1992,153,1992,160,1992,182,1992,196,1992,214,1992,223,1992,236,1992,239,1992,249,1992,266,1993,200,1993,212,1993,258,1994,208,1995,167,1995,170,1996,160,1996,172,1996,177,1996,204,1996,213,1996,222,1996,239,1996,261,1996,261,1996,267,1996,269,1996,271,1997,272,1998,173,1998,186,1998,231,1998,273,1999,155,1999,176,1999,182,1999,204,1999,229,1999,236,1999,240,1999,241,1999,247,1999,255,1999,266,1999,269,1999,270,2000,204,2001,153,2004,163,2004,183,2004,232
250,1981,157,1981,166,1981,191,1981,226,1981,229,1981,235,1981,247,1981,270,1982,169,1982,170,1982,229,1982,231,1982,271,1983,156,1983,209,1985,188,1986,168,1986,252,1986,273,1988,246,1988,247,1988,261,1989,155,1989,158,1989,161,1989,181,1989,183,1989,184,1989,194,1989,209,1989,228,1989,246,1989,248,1989,262,1989,271,1990,152,1990,182,1990,182,1990,187,1990,189,1990,189,1990,257,1990,269,1991,236,1992,155,1992,187,1992,192,1992,249,1993,224,1993,227,1993,228,1993,233,1993,264,1994,153,1994,160,1994,163,1994,164,1994,193,1994,197,1994,198,1994,205,1994,216,1994,231,1994,233,1994,238,1994,239,1994,243,1994,250,1994,252,1994,260,1994,263,1994,265,1995,161,1995,234,1995,238,1996,154,1996,163,1996,245,1996,270,1997,184,1997,206,1998,179,1998,185,1998,219,1998,238,1999,160,1999,198,1999,252,2000,199,2004,169,2004,176
251,1981,156,1981,172,1981,178,1981,179,1981,182,1981,194,1981,197,1981,202,1981,204,1981,211,1981,226,1981,245,1981,247,1981,248,1981,261,1981,267,1982,180,1982,204,1982,223,1982,262,1982,271,1982,273,1985,225,1985,231,1985,261,1985,272,1986,180,1986,202,1986,206,1986,223,1986,225,1986,225,1986,239,1986,259,1987,186,1988,180,1988,184,1988,199,1988,207,1988,214,1988,217,1988,251,1988,267,1989,157,1989,169,1989,200,1989,213,1989,230,1989,265,1990,152,1990,183,1990,187,1990,201,1990,232,1990,238,1990,248,1990,263,1992,222,1993,152,1993,162,1993,182,1993,224,1993,245,1993,246,1994,155,1994,158,1994,192,1994,197,1994,202,1994,204,1994,206,1994,207,1994,211,1994,214,1994,223,1994,226,1994,233,1994,237,1994,258,1994,269,1994,272,1996,154,1996,155,1996,158,1996,159,1996,159,1996,161,1996,178,1996,179,1996,182,1996,183,1996,188,1996,190,1996,191,1996,191,1996,192,1996,192,1996,194,1996,194,1996,195,1996,198,1996,199,1996,200,1996,200,1996,203,1996,205,1996,206,1996,206,1996,211,1996,211,1996,212,1996,217,1996,219,1996,220,1996,223,1996,223,1996,224,1996,225,1996,237,1996,238,1996,238,1996,240,1996,242,1996,245,1996,246,1996,246,1996,251,1996,252,1996,255,1996,256,1996,259,1996,263,1996,264,1996,266,1996,268,1996,270,1996,272,1996,272,1998,202,1998,246,1999,155,1999,167,1999,196,1999,203,1999,212,1999,222,1999,263,1999,267,2000,204,2000,226,2000,271
252,1981,165,1981,167,1981,170,1981,218,1981,235,1981,239,1981,242,1981,249,1982,247,1986,153,1986,153,1986,154,1986,156,1986,156,1986,162,1986,162,1986,163,1986,164,1986,165,1986,168,1986,173,1986,174,1986,175,1986,177,1986,182,1986,188,1986,192,1986,195,1986,196,1986,200,1986,212,1986,212,1986,220,1986,225,1986,226,1986,236,1986,238,1986,240,1986,240,1986,242,1986,243,1986,243,1986,247,1986,248,1986,249,1986,254,1986,255,1986,256,1986,263,1986,264,1986,270,1986,271,1989,153,1989,231,1990,230,1993,216,1993,219,1993,273,1994,171,1994,184,1994,190,1994,197,1994,216,1994,251,1996,157,1996,160,1996,161,1996,165,1996,168,1996,169,1996,172,1996,174,1996,174,1996,179,1996,182,1996,183,1996,184,1996,186,1996,191,1996,194,1996,200,1996,200,1996,201,1996,213,1996,218,1996,219,1996,220,1996,220,1996,220,1996,221,1996,225,1996,225,1996,231,1996,232,1996,233,1996,234,1996,234,1996,241,1996,242,1996,245,1996,250,1996,253,1996,255,1996,257,1996,258,1996,271,1996,272,1996,273,1999,169,1999,212,1999,213
253,1981,162,1981,183,1981,247,1982,230,1982,236,1984,196,1986,172,1986,180,1986,196,1986,220,1986,251,1989,154,1989,172,1989,192,1992,163,1992,229,1993,226,1993,241,1994,232,1994,257,1995,243,1995,259,1996,191,1998,176,1999,181,1999,245,1999,254,2001,160,2004,195
254,1981,236,1981,252,1986,154,1986,154,1986,155,1986,156,1986,182,1986,218,1986,222,1986,238,1986,251,1986,263,1989,165,1989,198,1989,203,1989,214,1989,222,1989,246,1989,249,1989,264,1995,178,1995,187,1995,271,1995,272,1996,170,1996,178,1996,181,1996,182,1996,197,1996,198,1996,203,1996,219,1996,225,1996,225,1996,232,1996,233,1996,233,1996,234,1996,239,1996,244,1996,248,1996,249,1996,254,1996,267,1999,153,1999,172,1999,201,1999,246,2000,202,2004,164,2004,218,2004,220,2004,250
255,1989,186,1989,272,1996,168,1996,176,1996,241,2001,172,2001,176,2001,248,2004,179
256,1981,241,1981,253,1982,245,1986,262,1989,244,1989,261,1990,220,1992,153,1992,176,1992,206,1992,257,1992,260,1992,272,1993,211,1994,158,1994,230,1995,200,1995,253,1995,265,1995,266,1996,200,1996,263,1997,220,1997,225,1999,158,2001,199,2001,200,2001,210,2001,214,2001,219,2001,230,2001,245,2001,249,2001,254,2004,177,2004,241
257,1981,157,1981,184,1981,210,1981,222,1982,158,1982,192,1982,198,1982,204,1982,219,1982,222,1982,241,1982,257,1982,267,1983,170,1986,210,1986,249,1987,226,1987,256,1988,187,1988,217,1988,222,1988,224,1988,234,1988,241,1988,258,1989,159,1989,189,1989,192,1989,223,1989,236,1989,243,1989,247,1989,261,1990,165,1990,248,1990,257,1991,244,1992,166,1992,229,1992,234,1992,251,1992,265,1993,155,1993,157,1993,187,1993,224,1994,154,1994,157,1994,166,1994,181,1994,185,1994,225,1994,234,1994,237,1994,247,1994,251,1994,255,1994,261,1994,262,1994,272,1995,156,1995,206,1996,161,1996,182,1996,203,1996,209,1996,212,1996,224,1996,228,1997,243,1998,160,1998,195,1999,223,2000,244
258,1981,159,1981,178,1981,209,1981,216,1981,262,1982,160,1982,189,1982,196,1982,202,1982,221,1983,259,1984,164,1985,154,1986,152,1986,177,1986,199,1986,250,1989,161,1989,218,1989,228,1989,230,1989,265,1991,259,1992,160,1992,201,1992,205,1992,231,1992,237,1992,245,1993,184,1994,173,1994,179,1994,192,1994,216,1994,256,1994,257,1994,272,1996,181,1996,197,1996,202,1996,241,1997,262,2001,182,2001,212,2004,152,2004,152,2004,155,2004,157,2004,166,2004,171,2004,173,2004,173,2004,175,2004,181,2004,181,2004,186,2004,188,2004,190,2004,191,2004,193,2004,196,2004,201,2004,202,2004,204,2004,207,2004,207,2004,211,2004,216,2004,224,2004,225,2004,230,2004,233,2004,236,2004,244,2004,249,2004,253,2004,253,2004,257,2004,258,2004,264
259,1986,234,1989,166,1989,201,1989,267,1992,157,1992,160,1992,180,1992,180,1992,214,1992,228,1992,238,1997,208,1997,212,1997,224,1997,265,1998,242,1998,271,1999,153,1999,157,1999,222,1999,266,2004,157,2004,168,2004,188,2004,190,2004,211,2004,228,2004,230,2004,241,2004,245,2004,246,2004,256,2004,259,2004,262
260,1981,156,1981,247,1982,153,1985,264,1986,157,1986,163,1986,170,1986,172,1986,182,1986,188,1986,195,1986,196,1986,205,1986,212,1986,215,1986,221,1986,238,1986,246,1986,247,1986,256,1986,260,1987,240,1989,159,1989,200,1989,203,1989,238,1992,154,1992,156,1992,158,1992,168,1992,170,1992,171,1992,180,1992,190,1992,191,1992,196,1992,197,1992,205,1992,211,1992,216,1992,219,1992,225,1992,227,1992,251,1992,252,1992,253,1992,266,1992,272,1992,273,1993,164,1994,157,1994,172,1994,176,1994,219,1994,246,1994,248,1995,158,1996,158,1996,171,1996,177,1996,207,1996,210,1996,222,1997,153,1997,170,1997,190,1997,211,1997,218,1997,233,1997,238,1997,259,1997,267,1998,261,1999,175,1999,184,1999,188,1999,211,1999,212,1999,232,1999,255,1999,267,2000,173,2000,175,2000,205,2000,246,2001,152,2001,187,2001,188,2001,204,2001,263
261,1981,154,1981,155,1981,155,1981,158,1981,179,1981,195,1981,196,1981,202,1981,212,1981,224,1981,229,1981,231,1981,233,1981,240,1981,243,1981,257,1981,261,1981,263,1981,266,1981,271,1981,273,1982,153,1982,154,1982,155,1982,173,1982,207,1982,210,1984,178,1985,248,1986,162,1986,166,1986,208,1986,217,1986,229,1986,235,1986,239,1986,243,1986,253,1988,157,1988,168,1988,201,1988,203,1988,223,1989,196,1989,272,1990,204,1992,214,1993,186,1993,195,1993,228,1993,242,1993,255,1995,179,1995,218,1995,227,1995,230,1995,241,1995,243,1995,248,1995,264,1996,153,1996,195,1996,214,1996,237,1996,248,1996,252,1996,272,1997,271,1999,219,1999,230,1999,264,1999,266,2000,192,2001,213
262,1981,179,1981,185,1981,185,1981,198,1981,230,1981,252,1982,183,1982,217,1985,188,1991,175,1991,251,1992,238,1993,170,1993,228,1993,247,1993,268,1995,255,1996,153,1996,163,1996,168,1996,168,1996,174,1996,197,1996,200,1996,230,1996,231,1996,247,1996,267,1998,210,1999,182,1999,205,2000,174
263,1981,170,1981,188,1981,229,1981,237,1981,240,1981,254,1981,269,1982,179,1982,214,1983,227,1983,244,1983,245,1985,153,1985,154,1985,162,1985,163,1985,199,1985,202,1985,203,1985,220,1985,221,1985,223,1985,252,1985,252,1985,270,1986,180,1986,253,1986,260,1986,262,1986,264,1987,213,1989,245,1990,210,1990,241,1990,258,1990,271,1991,161,1991,208,1991,215,1991,259,1991,261,1991,261,1991,263,1992,222,1992,222,1992,227,1992,247,1993,175,1993,180,1993,194,1993,209,1993,209,1993,210,1993,213,1993,218,1993,222,1993,227,1993,240,1993,243,1993,248,1993,250,1993,250,1993,273,1994,160,1994,171,1994,210,1994,211,1996,175,1996,202,1996,242,1996,271,1996,271,1997,255,1997,259,1997,265,1998,269,1999,158,1999,181,1999,224,1999,241
264,1981,153,1981,155,1981,165,1981,174,1981,186,1981,197,1981,232,1981,244,1981,250,1981,262,1982,172,1982,202,1983,192,1983,201,1983,253,1985,153,1985,155,1985,156,1985,176,1985,184,1985,188,1985,224,1985,229,1985,241,1985,242,1985,242,1985,246,1985,266,1985,271,1986,168,1986,170,1986,175,1986,178,1986,195,1986,210,1986,216,1986,267,1987,188,1988,164,1988,171,1988,181,1988,191,1988,211,1988,216,1988,268,1989,172,1989,178,1989,186,1989,203,1989,210,1989,229,1989,264,1989,272,1990,190,1991,178,1991,193,1991,202,1991,215,1991,253,1993,158,1993,161,1993,162,1993,162,1993,163,1993,164,1993,165,1993,169,1993,174,1993,176,1993,178,1993,185,1993,194,1993,196,1993,204,1993,211,1993,213,1993,214,1993,217,1993,218,1993,219,1993,220,1993,220,1993,224,1993,235,1993,236,1993,242,1993,243,1993,255,1993,256,1993,258,1993,258,1993,258,1993,258,1993,271,1994,169,1994,181,1994,206,1994,213,1994,251,1994,252,1994,252,1994,270,1995,175,1995,179,1995,183,1995,184,1995,207,1995,213,1995,215,1995,230,1995,244,1995,265,1996,196,1996,229,1996,230,1996,243,1996,251,1996,268,1996,269,1997,167,1997,212,1997,242,1997,246,1997,256,1998,198,1998,208,1999,166,1999,174,1999,187,1999,240,1999,247,1999,252,1999,267,1999,269,1999,271,2000,225,2000,226,2000,260,2001,257,2001,267,2001,270
265,1981,187,1981,200,1981,223,1981,235,1982,152,1982,163,1982,175,1982,178,1982,190,1982,198,1982,220,1982,230,1982,232,1982,240,1982,243,1982,244,1982,247,1982,249,1984,192,1985,228,1986,168,1986,179,1986,208,1986,245,1991,198,1992,177,1993,200,1993,203,1993,258,1994,234,1995,187,1995,230,1996,167,1996,181,1996,182,1996,187,1996,195,1996,195,1996,196,1996,202,1996,239,1996,239,1996,258,1996,263,1998,205,1999,208,1999,211,2000,191,2000,209
266,1981,187,1981,236,1981,264,1981,272,1982,242,1982,242,1983,242,1983,243,1984,182,1984,191,1984,214,1984,219,1984,222,1984,235,1986,224,1987,220,1989,156,1989,169,1989,175,1989,186,1989,189,1989,206,1989,207,1989,208,1989,212,1989,220,1989,224,1989,227,1989,229,1989,231,1989,240,1989,244,1989,246,1989,265,1992,190,1995,192,1995,253,1996,156,1996,156,1996,158,1996,166,1996,177,1996,179,1996,186,1996,195,1996,209,1996,213,1996,249,1996,272,1997,190,1997,196,1999,174,1999,187,1999,242,1999,250,2000,231,2000,249
267,1981,152,1981,160,1981,165,1981,173,1981,191,1981,224,1981,241,1982,193,1982,207,1982,213,1982,235,1983,171,1983,211,1984,219,1984,220,1984,237,1985,171,1985,229,1985,237,1985,246,1986,161,1986,178,1986,220,1986,230,1987,212,1988,162,1988,166,1988,191,1988,204,1988,207,1988,221,1988,226,1988,235,1988,257,1988,262,1988,266,1988,268,1988,269,1989,160,1989,163,1989,170,1989,182,1989,217,1989,238,1989,243,1990,166,1990,177,1990,196,1990,254,1992,166,1992,170,1992,215,1992,236,1992,241,1992,254,1993,153,1993,153,1993,157,1993,161,1993,163,1993,168,1993,169,1993,193,1993,203,1993,208,1993,211,1993,212,1993,213,1993,227,1993,231,1993,251,1993,251,1993,253,1993,257,1993,272,1993,273,1994,153,1994,197,1994,198,1994,200,1994,223,1994,273,1995,245,1995,245,1995,260,1996,153,1996,153,1996,169,1996,192,1996,216,1999,176,1999,178,1999,210,1999,213,1999,221,1999,249,1999,267,2000,196,2001,157
268,1981,173,1981,174,1981,176,1981,189,1981,190,1981,223,1981,257,1981,260,1981,270,1982,167,1982,186,1982,190,1982,194,1982,211,1982,216,1982,261,1983,190,1983,192,1985,152,1985,169,1985,175,1985,183,1985,198,1985,209,1985,232,1985,250,1985,266,1986,156,1986,221,1986,229,1986,239,1986,241,1986,248,1986,259,1986,273,1987,208,1987,235,1987,273,1988,168,1988,174,1988,192,1988,215,1988,251,1988,263,1989,155,1989,172,1989,179,1989,185,1989,234,1989,236,1989,257,1989,272,1989,273,1990,153,1990,155,1990,162,1990,163,1990,170,1990,172,1990,180,1990,193,1990,198,1990,206,1990,208,1990,231,1990,231,1990,243,1990,244,1991,180,1991,250,1991,255,1992,193,1992,255,1992,267,1992,273,1993,237,1993,259,1994,157,1994,172,1994,174,1994,207,1994,221,1994,222,1994,263,1995,152,1995,153,1995,162,1995,174,1995,213,1995,230,1995,232,1995,252,1995,264,1996,213,1996,273,1997,271,1998,164,1998,169,1998,210,1998,213,1998,216,1998,227,1998,260,1999,164,1999,165,1999,168,1999,172,1999,181,1999,184,1999,184,1999,189,1999,192,1999,194,1999,205,1999,205,1999,206,1999,207,1999,211,1999,212,1999,216,1999,222,1999,230,1999,232,1999,239,1999,243,1999,247,1999,248,1999,250,1999,252,1999,256,1999,267,1999,273,2000,156,2000,195,2000,224,2000,229,2001,202,2001,209,2001,211
269,1981,173,1981,192,1981,204,1981,214,1981,247,1982,152,1982,190,1982,197,1982,219,1982,255,1983,177,1983,180,1983,251,1983,261,1983,264,1983,264,1986,158,1986,160,1986,160,1986,163,1986,167,1986,173,1986,175,1986,180,1986,180,1986,180,1986,180,1986,185,1986,188,1986,190,1986,191,1986,199,1986,202,1986,203,1986,215,1986,217,1986,220,1986,221,1986,228,1986,238,1986,250,1986,252,1986,255,1986,255,1986,255,1986,256,1986,256,1986,262,1986,264,1986,272,1986,273,1987,192,1989,176,1989,184,1989,262,1989,262,1990,196,1990,250,1990,257,1991,207,1991,239,1991,243,1991,254,1993,184,1994,152,1994,156,1994,162,1994,163,1994,170,1994,171,1994,179,1994,183,1994,198,1994,201,1994,220,1994,226,1994,242,1994,254,1994,257,1994,257,1994,261,1996,153,1996,167,1996,170,1996,172,1996,174,1996,174,1996,185,1996,195,1996,202,1996,204,1996,208,1996,215,1996,219,1996,225,1996,229,1996,232,1996,240,1996,247,1996,249,1996,249,1996,249,1996,255,1996,259,1996,261,1996,263,1996,265,1996,270,1996,272,1999,164,1999,184,1999,213,2000,161,2000,164,2000,182,2000,243
270,1981,164,1981,165,1981,169,1981,191,1981,191,1981,191,1981,194,1981,203,1981,216,1981,219,1981,225,1981,241,1981,241,1981,246,1981,247,1981,258,1981,268,1981,268,1982,168,1982,225,1984,245,1984,261,1985,196,1985,204,1986,153,1986,159,1986,159,1986,159,1986,162,1986,163,1986,186,1986,192,1986,193,1986,196,1986,196,1986,198,1986,201,1986,202,1986,204,1986,207,1986,215,1986,216,1986,216,1986,216,1986,218,1986,222,1986,228,1986,228,1986,231,1986,232,1986,232,1986,237,1986,237,1986,244,1986,244,1986,248,1986,250,1986,252,1986,253,1986,254,1986,257,1986,269,1986,269,1986,271,1987,160,1987,209,1987,209,1987,221,1989,234,1989,256,1990,189,1990,193,1992,161,1992,210,1992,215,1992,239,1992,246,1992,252,1992,258,1994,153,1994,159,1994,172,1994,173,1994,189,1994,196,1994,201,1994,218,1994,222,1994,224,1994,224,1994,227,1994,247,1994,255,1994,260,1995,172,1995,208,1995,213,1995,233,1995,243,1995,254,1996,158,1996,168,1996,175,1996,178,1996,199,1996,213,1996,224,1996,233,1996,239,1996,249,1996,250,1996,262,1997,172,1998,154,1998,213,1999,188,1999,228,1999,273,2000,252
271,1981,164,1981,164,1981,172,1981,191,1981,250,1981,260,1982,246,1984,184,1984,225,1985,195,1985,207,1986,163,1986,172,1986,187,1986,232,1989,155,1989,173,1989,174,1989,180,1989,181,1989,197,1989,206,1989,211,1989,218,1989,229,1989,231,1989,236,1989,245,1990,159,1990,199,1991,176,1991,233,1992,174,1992,185,1992,199,1992,206,1992,226,1992,244,1992,265,1993,218,1993,240,1994,184,1994,205,1994,260,1994,260,1995,156,1995,197,1995,205,1995,251,1996,170,1996,181,1996,193,1996,201,1996,231,1996,244,1996,258,1997,170,1997,214,1997,228,1997,239,1998,187,1998,190,1998,211,1998,226,1998,242,1999,174,1999,181,1999,197,1999,253,2001,226,2001,239,2001,248
272,1981,168,1981,188,1981,197,1981,218,1981,261,1982,166,1982,169,1982,171,1986,174,1986,181,1986,185,1986,201,1989,175,1989,176,1989,177,1989,178,1989,178,1989,181,1989,182,1989,196,1989,205,1989,221,1989,233,1989,233,1989,241,1989,244,1989,261,1989,267,1992,184,1992,192,1992,213,1992,249,1992,260,1993,218,1996,218,1997,165,1997,250,1998,183,1998,206,1998,218,1998,230,1999,231,1999,248,1999,266,2000,273,2001,172,2001,229,2004,192,2004,193,2004,204,2004,213,2004,218,2004,222
273,1981,264,1986,153,1986,236,1989,185,1991,221,1992,159,1992,179,1992,182,1992,185,1992,208,1992,216,1992,224,1992,234,1992,238,1992,238,1992,251,1993,239,1994,166,1994,235,1994,243,1994,259,1995,204,1995,211,1995,256,1997,206,1998,158,1998,210,1998,215,1999,175,2000,152,2001,205,2001,247,2001,258,2004,172,2004,191
274,1981,172,1982,184,1984,155,1984,160,1984,248,1986,159,1986,180,1986,211,1986,224,1987,259,1989,177,1989,195,1989,238,1989,239,1991,183,1991,220,1992,165,1992,168,1992,183,1992,188,1992,209,1992,214,1992,214,1992,222,1992,230,1992,239,1993,153,1993,195,1993,208,1993,216,1993,233,1993,237,1993,238,1994,157,1994,163,1994,165,1994,169,1994,176,1994,178,1994,180,1994,192,1994,193,1994,202,1994,205,1994,208,1994,216,1994,221,1994,222,1994,240,1994,242,1994,244,1994,258,1994,261,1994,263,1994,269,1994,271,1994,273,1995,257,1997,170,1998,156,1998,168,1998,183,1998,194,1998,195,1998,197,1998,208,1998,220,1998,231,1998,237,1998,262,1999,171,1999,176,1999,228,1999,230,1999,235,1999,236,1999,243,2000,168,2000,205,2000,246,2000,254,2000,265,2000,267,2000,271,2000,272,2000,273,2001,203
275,1981,194,1981,210,1981,259,1981,262,1986,155,1986,176,1986,180,1986,191,1986,197,1986,207,1986,208,1986,220,1986,228,1986,232,1986,232,1986,234,1986,241,1986,243,1986,264,1986,271,1987,261,1987,269,1988,154,1988,178,1988,209,1988,210,1988,236,1989,154,1989,163,1989,184,1989,189,1989,221,1989,248,1989,249,1989,273,1992,191,1994,212,1994,237,1995,235,1995,259,1996,153,1996,156,1996,189,1996,192,1996,196,1996,205,1996,206,1996,213,1996,214,1996,216,1996,218,1996,252,1996,255,1996,256,1999,236,1999,251
276,1981,163,1981,245,1981,263,1981,271,1982,176,1982,179,1982,239,1984,192,1985,169,1985,178,1986,216,1987,190,1987,229,1987,254,1988,154,1988,154,1988,163,1988,179,1988,190,1988,190,1988,202,1988,230,1988,269,1988,273,1989,152,1989,172,1989,195,1989,238,1989,238,1989,241,1989,247,1990,207,1992,158,1994,193,1994,215,1994,242,1994,261,1995,201,1995,211,1995,254,1996,184,1996,189,1996,192,1996,246,1997,270,1999,175,1999,188,1999,208,1999,220,1999,236,2000,201,2001,234,2001,255,2004,159,2004,161,2004,182,2004,188,2004,193,2004,209,2004,217,2004,221,2004,243,2004,245
277,1981,186,1986,218,1986,226,1992,164,1992,164,1992,215,1992,230,1992,256,1993,152,1993,227,1994,261,1995,182,1996,231,1997,262,2000,217,2004,162,2004,164,2004,211,2004,213,2004,236,2004,256
278,1986,172,1986,217,1986,232,1989,230,1992,173,1992,186,1992,214,1992,220,1992,236,1992,243,1996,179,1996,179,1996,208,1996,224,1999,230,1999,255,2001,229
279,1993,195,1993,197,1993,198,1993,209,1993,211,1993,240,1993,242,1993,244,1993,255,1993,264,1993,271,1997,246,2004,188,2004,201,2004,205,2004,221,2004,265
280,1983,170,1983,203,1989,181,1989,222,1993,227,1993,255,1999,269,2004,210
281,1981,229,1983,196,1983,243,1985,152,1985,188,1985,189,1985,194,1985,221,1985,265,1990,239,1991,153,1991,175,1991,262,1993,184,1996,155,2001,160
282,1981,266,1984,172,1985,175,1985,261,1986,249,1989,191,1989,242,1989,242,1993,164
283,1981,194,1981,204,1984,152,1984,178,1984,181,1986,236,1987,180,1988,216,1988,253,1989,158,1989,166,1989,218,1989,257,1989,258,1989,259,1989,265,1993,153,1993,154,1993,165,1993,169,1993,184,1993,198,1993,216,1993,223,1993,241,1993,246,1993,251,1993,270,1994,154,1994,209,1994,264,1994,268,1996,160,1996,162,1996,164,1996,167,1996,174,1996,177,1996,192,1996,193,1996,196,1996,255,1997,194,1997,248,1998,153,1998,170,1998,233,1998,265,2000,182,2001,163
284,1982,204,1982,231,1982,251,1982,269,1983,272,1984,204,1984,235,1984,251,1985,171,1985,209,1986,251,1988,167,1989,179,1989,243,1989,249,1991,222,1992,164,1992,166,1992,188,1992,200,1992,238,1993,173,1993,184,1993,186,1993,191,1993,202,1993,203,1993,214,1993,244,1993,247,1993,252,1994,192,1994,215,1994,219,1994,234,1994,258,1994,258,1996,199,1996,224,1996,232,1998,166,1998,227,1999,172,1999,174,1999,210,1999,232,1999,237,1999,254,1999,254,1999,257,2001,225,2004,187,2004,196,2004,224,2004,249
285,1981,164,1981,178,1981,212,1981,213,1981,245,1982,155,1982,161,1982,163,1982,165,1982,166,1982,169,1982,180,1982,183,1982,185,1982,220,1982,231,1982,241,1982,244,1982,255,1982,256,1982,258,1982,261,1984,165,1985,154,1985,157,1985,176,1985,178,1985,190,1985,197,1985,201,1985,208,1985,220,1985,245,1985,251,1985,251,1985,256,1985,272,1987,156,1987,227,1988,181,1988,202,1989,170,1989,221,1990,197,1990,218,1990,233,1990,241,1990,268,1991,179,1991,206,1991,207,1992,158,1992,166,1992,190,1992,191,1992,195,1992,224,1992,248,1992,262,1992,268,1992,269,1993,163,1993,179,1993,186,1993,200,1993,205,1993,207,1993,244,1993,244,1993,251,1993,272,1994,152,1994,161,1994,193,1994,218,1994,221,1994,229,1994,233,1994,234,1994,254,1995,173,1995,197,1995,216,1995,240,1995,247,1995,264,1995,266,1996,162,1996,187,1997,245,1998,169,1998,186,1998,187,1998,204,1998,228,1998,247,1998,251,1999,156,1999,177,1999,205,1999,223,1999,245,1999,260,1999,262,1999,267,1999,269,1999,270,1999,272,2000,202,2000,230,2000,244
286,1981,165,1982,158,1982,174,1982,174,1982,179,1982,191,1982,199,1982,202,1982,211,1982,220,1982,226,1982,229,1982,236,1982,249,1982,257,1982,267,1983,159,1983,171,1983,222,1983,223,1983,226,1983,245,1985,174,1985,205,1985,211,1985,257,1985,265,1985,268,1986,162,1986,200,1987,191,1987,232,1989,255,1990,174,1990,197,1992,201,1992,255,1993,156,1993,157,1993,188,1993,210,1993,221,1993,224,1993,245,1993,257,1994,223,1994,234,1995,167,1995,213,1995,261,1996,157,1996,194,1996,214,1996,220,1996,229,1996,263,1999,178,1999,260,1999,261,2000,190,2001,162,2001,195
287,1981,160,1981,268,1982,161,1982,168,1982,177,1982,196,1982,202,1982,208,1982,209,1982,209,1982,214,1982,219,1982,228,1982,232,1982,232,1982,234,1982,235,1982,238,1982,238,1982,240,1982,248,1982,256,1982,260,1982,261,1982,261,1982,267,1982,272,1983,182,1983,213,1983,264,1984,162,1984,188,1986,156,1986,212,1989,201,1989,241,1991,162,1991,171,1991,202,1991,215,1991,215,1991,237,1991,265,1993,224,1994,256,1996,155,1996,159,1996,163,1996,181,1996,196,1996,197,1996,206,1996,227,1996,235,1996,242,1996,249,1996,258,1996,265,1996,269,1999,181
288,1981,164,1981,169,1981,180,1981,180,1981,182,1981,188,1981,189,1981,193,1981,217,1981,217,1981,219,1981,221,1981,222,1981,243,1981,244,1981,246,1981,247,1983,211,1984,176,1984,226,1986,155,1986,158,1986,161,1986,169,1986,183,1986,184,1986,184,1986,196,1986,215,1986,224,1986,225,1986,249,1986,253,1986,270,1989,162,1989,202,1989,202,1989,224,1989,225,1989,231,1989,249,1989,250,1989,266,1991,231,1992,238,1993,175,1993,184,1993,259,1994,155,1994,164,1994,216,1994,222,1994,237,1994,244,1994,267,1995,154,1995,166,1995,175,1995,180,1995,216,1995,230,1995,248,1995,258,1996,161,1996,167,1996,170,1996,174,1996,181,1996,181,1996,190,1996,190,1996,192,1996,204,1996,217,1996,232,1996,238,1996,241,1997,223,1998,206,1998,229,1998,272,1999,157,1999,193,1999,196,1999,241,1999,259,2000,221,2000,264,2001,236
289,1984,221,1985,170,1985,200,1985,204,1986,154,1986,218,1986,240,1986,242,1986,244,1988,229,1989,152,1989,154,1989,157,1989,187,1989,240,1989,240,1991,234,1992,162,1992,214,1992,259,1992,264,1994,157,1994,180,1994,194,1994,244,1995,157,1995,176,1995,205,1995,242,1996,162,1996,174,1996,183,1996,189,1996,192,1996,201,1996,209,1996,213,1996,213,1996,214,1996,223,1996,236,1996,239,1996,243,1997,254,1998,205,1998,242,1998,270,1999,154,1999,173,2000,153,2004,173,2004,182,2004,196,2004,197,2004,204,2004,209,2004,216,2004,243,2004,247,2004,263
290,1982,153,1982,203,1982,213,1982,220,1982,233,1982,238,1982,239,1982,244,1982,263,1982,264,1984,261,1986,262,1987,154,1989,172,1989,224,1992,158,1992,159,1992,176,1992,178,1995,215,1996,174,2000,244,2000,259,2001,157,2001,173,2001,179,2001,188,2001,191,2001,198,2001,249,2001,261,2001,269
291,1981,160,1981,207,1981,209,1982,152,1982,180,1985,235,1985,242,1985,257,1986,160,1986,221,1986,222,1986,253,1989,166,1989,235,1992,152,1992,172,1992,181,1992,191,1992,193,1992,203,1992,224,1992,232,1992,236,1992,266,1993,201,1993,272,1994,154,1994,155,1994,157,1994,179,1994,199,1994,212,1994,217,1994,254,1995,169,1995,177,1995,179,1995,194,1995,222,1996,263,1996,270,1997,189,1997,199,1998,161,1998,189,1998,206,1999,251,1999,255,2000,264,2001,273,2004,152,2004,152,2004,168,2004,177,2004,198,2004,208,2004,233
292,1981,191,1981,232,1982,153,1982,177,1982,222,1985,234,1986,164,1986,185,1986,240,1986,269,1989,176,1989,220,1989,252,1989,268,1991,155,1991,195,1992,152,1992,162,1992,163,1992,173,1992,173,1992,177,1992,179,1992,234,1992,258,1994,170,1994,179,1994,223,1994,271,1995,162,1995,197,1995,262,1996,172,1996,208,1997,155,1997,209,1998,180,1998,181,1998,196,1998,202,1998,264,1999,205,1999,225,1999,231,2001,226,2004,152,2004,156,2004,167,2004,185,2004,237,2004,244
293,1986,153,1986,180,1986,180,1986,190,1986,193,1986,196,1986,203,1986,204,1986,211,1986,217,1986,227,1986,235,1986,259,1996,155,1996,155,1996,157,1996,161,1996,164,1996,166,1996,166,1996,169,1996,169,1996,173,1996,174,1996,174,1996,175,1996,176,1996,182,1996,182,1996,182,1996,185,1996,187,1996,191,1996,193,1996,194,1996,199,1996,199,1996,200,1996,205,1996,205,1996,207,1996,215,1996,216,1996,218,1996,226,1996,232,1996,236,1996,237,1996,237,1996,239,1996,239,1996,242,1996,242,1996,243,1996,243,1996,246,1996,246,1996,246,1996,248,1996,249,1996,259,1996,259,1996,260,1996,260,1996,262,1996,264,1996,264,1996,268,1996,270
294,1989,185,1996,153,1996,158,1996,160,1996,164,1996,165,1996,166,1996,169,1996,169,1996,189,1996,202,1996,208,1996,211,1996,213,1996,218,1996,222,1996,223,1996,231,1996,232,1996,242,1996,247,1996,248,1996,248,1996,249,1996,249,1996,262,1996,269,1996,271,1996,271,1999,251
295,1982,154,1982,156,1982,159,1982,175,1982,175,1982,234,1982,238,1982,241,1982,247,1982,256,1994,174,2001,258,2004,165,2004,234,2004,239,2004,243,2004,272
296,1994,264,1996,190,1996,208,1996,222,1996,250
297,1983,173,1993,156,1993,158,1993,170,1993,170,1993,171,1993,171,1993,174,1993,180,1993,184,1993,196,1993,198,1993,199,1993,199,1993,203,1993,203,1993,207,1993,209,1993,212,1993,218,1993,220,1993,222,1993,222,1993,228,1993,229,1993,235,1993,246,1993,249,1993,260,1993,261,1993,262,1993,265,1997,157,1997,158,1997,182,1997,185,1997,185,1997,201,1997,211,1997,212,1997,219,1997,227,1997,230,1997,235,1997,258,1997,258,1997,262,1997,263,2004,165,2004,166,2004,166,2004,171,2004,175,2004,208,2004,215,2004,231,2004,243,2004,268
298,1989,197,1993,164,1993,203,1993,215,1993,220,1993,228,1993,231,1993,232,1993,235,1993,240,1993,253,1993,263,1993,265,2004,199,2004,202,2004,213,2004,256
299,1981,196,1983,191,1986,238,1986,255,1986,263,1988,251,1988,258,1989,160,1994,182
300,1981,160,1981,163,1981,231,1981,270,1983,173,1983,239,1984,154,1985,152,1985,158,1985,168,1985,190,1985,200,1985,264,1986,176,1987,166,1987,169,1989,179,1990,242,1993,194,1994,154,1994,168,1994,170,1994,179,1994,183,1994,223,1994,234,1994,247,1994,248,1994,254,1994,255,1996,177,1996,178,1996,180,1996,190,1996,205,1996,227,1996,233,1996,238,1996,238,1996,258,1997,199,1997,237,1999,199,2000,153,2000,173,2000,187,2000,212,2000,246
301,1981,180,1981,256,1981,258,1981,270,1981,271,1981,272,1982,152,1982,191,1982,215,1982,263,1982,265,1983,207,1983,232,1983,248,1983,263,1983,271,1983,271,1984,179,1984,185,1984,271,1985,228,1985,269,1986,192,1988,152,1988,162,1988,171,1988,181,1988,231,1989,158,1989,186,1989,255,1992,200,1992,211,1992,248,1993,160,1993,161,1993,170,1993,172,1993,173,1993,174,1993,175,1993,175,1993,176,1993,182,1993,186,1993,190,1993,190,1993,190,1993,195,1993,201,1993,201,1993,201,1993,201,1993,204,1993,210,1993,212,1993,214,1993,215,1993,216,1993,218,1993,219,1993,221,1993,223,1993,224,1993,226,1993,226,1993,226,1993,228,1993,228,1993,229,1993,231,1993,233,1993,234,1993,234,1993,237,1993,237,1993,238,1993,242,1993,242,1993,244,1993,244,1993,248,1993,252,1993,252,1993,256,1993,258,1993,261,1993,263,1993,263,1993,266,1993,266,1994,154,1994,177,1994,184,1994,192,1994,192,1994,211,1994,222,1994,224,1994,224,1994,231,1994,252,1994,261,1994,262,1994,264,1994,270,1994,272,1995,195,1996,158,1996,170,1996,174,1996,178,1996,181,1996,193,1996,201,1996,208,1996,208,1996,223,1996,227,1996,227,1996,230,1996,231,1996,242,1996,264,1996,268,1998,191,1998,222,1998,224,1998,234,1998,253,1998,266,1999,161,1999,170,1999,171,1999,188,1999,225,1999,248,1999,256,1999,265,2000,159,2000,163,2000,186,2000,191,2000,196,2000,228,2000,246,2000,260,2001,170
302,1981,152,1981,168,1981,177,1981,190,1981,206,1981,214,1981,220,1981,242,1982,154,1982,206,1982,219,1983,166,1983,198,1983,221,1983,235,1984,197,1985,204,1985,255,1986,201,1989,157,1989,161,1989,173,1989,179,1989,217,1989,218,1989,252,1989,253,1989,253,1992,225,1993,172,1993,181,1993,181,1993,201,1993,204,1993,204,1993,205,1993,209,1993,214,1993,221,1993,222,1993,226,1993,230,1993,249,1993,255,1993,258,1993,271,1993,272,1994,169,1994,180,1994,184,1994,189,1994,200,1994,209,1994,220,1994,242,1996,156,1996,158,1996,173,1996,182,1996,183,1996,184,1996,209,1996,211,1996,250,1996,252,1996,268,1998,217,1999,177,1999,186,1999,264,2000,217,2000,227,2000,233,2000,260,2000,269,2001,153,2001,168,2001,173,2001,205
303,1981,165,1981,252,1981,272,1982,154,1982,245,1983,188,1983,220,1983,243,1983,257,1985,167,1985,263,1986,225,1988,160,1988,204,1989,174,1989,194,1989,210,1989,220,1989,239,1989,252,1989,256,1989,257,1989,264,1990,164,1990,196,1990,218,1990,225,1990,263,1990,270,1990,271,1992,152,1992,162,1992,166,1992,182,1992,187,1992,204,1992,230,1992,234,1992,236,1992,239,1992,254,1993,154,1993,168,1993,175,1993,186,1993,207,1993,218,1993,241,1994,160,1994,171,1994,186,1994,196,1994,201,1994,211,1994,218,1994,220,1994,223,1994,231,1994,240,1994,248,1994,252,1994,259,1995,195,1995,215,1995,240,1995,248,1996,204,1996,208,1996,231,1996,239,1996,255,1996,263,1997,173,1997,194,1997,212,1997,213,1997,228,1997,244,1997,247,1997,249,1997,256,1997,260,1997,270,1998,195,1998,247,1998,273,1999,158,1999,161,1999,163,1999,163,1999,170,1999,171,1999,186,1999,189,1999,211,1999,216,1999,221,1999,225,1999,228,1999,244,2000,154,2000,155,2000,156,2000,158,2000,163,2000,166,2000,176,2000,181,2000,190,2000,195,2000,196,2000,203,2000,211,2000,219,2000,224,2000,226,2000,230,2000,233,2000,236,2000,236,2000,240,2000,243,2000,244,2000,250,2000,254,2000,259,2000,264,2001,152,2001,178,2001,196,2001,203,2001,216,2001,226,2001,251,2001,258,2001,266
304,1981,163,1981,174,1981,197,1981,215,1982,203,1982,209,1982,211,1983,162,1983,170,1983,171,1983,172,1983,176,1983,178,1983,181,1983,192,1983,194,1983,198,1983,210,1983,220,1983,227,1983,229,1983,231,1983,269,1984,234,1985,158,1985,164,1985,174,1985,175,1985,176,1985,180,1985,181,1985,182,1985,192,1985,197,1985,198,1985,201,1985,210,1985,213,1985,218,1985,224,1985,243,1985,245,1985,248,1985,251,1985,258,1985,263,1985,264,1985,265,1985,267,1985,272,1986,214,1987,189,1987,189,1987,206,1988,264,1989,212,1989,231,1989,247,1989,255,1990,166,1990,216,1990,227,1990,263,1992,152,1992,154,1992,165,1992,217,1993,153,1993,159,1993,160,1993,164,1993,179,1993,187,1993,197,1993,201,1993,204,1993,221,1993,227,1993,240,1993,251,1993,252,1993,260,1994,155,1994,162,1994,182,1994,189,1994,190,1994,202,1994,202,1994,212,1994,213,1994,213,1994,223,1994,227,1994,230,1994,242,1994,253,1994,254,1994,271,1995,165,1995,219,1996,171,1996,209,1996,214,1996,227,1996,273,1997,161,1997,175,1997,177,1997,199,1997,229,1997,234,1997,247,1998,165,1998,198,1998,208,1998,235,1998,239,1998,239,1998,259,1999,162,1999,171,1999,177,1999,202,1999,211,1999,225,1999,231,1999,236,1999,247,1999,251,1999,264,1999,264,2000,167,2000,187,2000,200,2000,218,2000,262,2000,264,2000,270,2001,161,2001,198,2001,224,2001,251
305,1981,158,1982,198,1982,217,1982,257,1982,267,1983,153,1983,179,1983,181,1983,187,1983,206,1983,213,1983,244,1983,270,1984,254,1984,259,1985,179,1985,188,1985,202,1985,235,1985,248,1985,270,1986,216,1986,227,1987,200,1988,154,1988,155,1988,162,1988,177,1988,179,1988,180,1988,195,1988,197,1988,207,1988,224,1988,227,1988,231,1988,245,1988,261,1988,266,1989,156,1989,173,1989,174,1989,271,1993,189,1993,201,1993,234,1994,153,1994,178,1994,207,1994,232,1994,234,1995,161,1995,223,1995,240,1995,272,1996,163,1996,174,1996,183,1996,184,1996,191,1996,199,1996,207,1996,242,1996,245,1996,246,1996,250,1996,262,1996,272,1997,198,1997,258,1998,207,1998,253
306,1981,269,1982,199,1983,171,1983,184,1984,192,1984,250,1985,160,1986,189,1986,245,1986,255,1988,188,1988,273,1989,153,1989,158,1989,161,1989,185,1989,186,1989,193,1989,198,1989,201,1989,219,1989,245,1989,248,1989,261,1989,266,1991,174,1992,204,1992,209,1992,249,1992,258,1992,260,1992,270,1993,247,1994,165,1994,224,1994,241,1994,245,1995,186,1996,169,1996,193,1997,171,1997,188,1997,219,1997,247,1999,182,1999,249,1999,263,2000,153,2000,225,2001,172,2001,222,2004,177,2004,186,2004,202,2004,259
307,1982,266,1984,156,1984,174,1984,193,1986,157,1986,266,1989,152,1989,210,1989,254,1989,268,1991,152,1993,209,1995,234,1996,157,1996,174,1996,179,1996,185,1996,188,1996,190,1996,197,1996,209,1996,213,1996,220,1996,225,1996,237,1996,242,1996,247,1996,250,1996,259,1996,266,1996,268,1997,168,1997,192,1997,239,1999,204,1999,208,2000,168,2001,208,2004,180,2004,235,2004,259,2004,264
308,1981,184,1982,232,1982,257,1984,162,1985,162,1985,228,1986,228,1986,253,1989,165,1989,167,1989,169,1989,170,1989,185,1989,189,1989,212,1989,221,1989,229,1989,232,1989,237,1989,241,1989,249,1989,264,1992,211,1993,170,1995,179,1995,217,1995,248,1995,272,1996,190,1996,209,1996,228,1996,240,1997,211,1997,246,1998,173,1999,152,1999,161,1999,205,1999,215,1999,268,1999,270,2001,190,2004,156,2004,159,2004,160,2004,161,2004,217,2004,239,2004,251
309,1982,238,1983,210,1986,194,1986,226,1986,241,1986,250,1986,273,1989,180,1989,185,1989,188,1989,209,1989,272,1996,155,1996,160,1996,163,1996,163,1996,164,1996,169,1996,170,1996,171,1996,171,1996,175,1996,175,1996,179,1996,181,1996,192,1996,194,1996,195,1996,197,1996,202,1996,203,1996,204,1996,211,1996,212,1996,215,1996,219,1996,219,1996,220,1996,226,1996,227,1996,232,1996,234,1996,235,1996,242,1996,242,1996,246,1996,246,1996,254,1996,263,1996,265,1996,267,1996,270,1996,271,1996,272,1997,267,1998,203,1998,232,1999,179,2004,153,2004,156,2004,160,2004,174,2004,179,2004,180,2004,181,2004,196,2004,199,2004,215,2004,215,2004,215,2004,223,2004,224,2004,229,2004,231,2004,233,2004,235,2004,236,2004,240,2004,245,2004,247,2004,249,2004,250,2004,252,2004,254,2004,254,2004,256,2004,257,2004,262
310,1982,162,1982,186,1984,158,1984,260,1986,239,1986,269,1989,222,1992,266,1996,153,1996,158,1996,162,1996,166,1996,166,1996,171,1996,174,1996,188,1996,190,1996,198,1996,201,1996,202,1996,220,1996,227,1996,232,1996,234,1996,240,1996,245,1996,245,1996,247,1996,251,1996,255,1996,263,1996,265,1997,196,1998,167,1998,173,1998,176,1998,191,1998,218,1998,232,1999,156,1999,182,1999,205,2001,153,2001,154,2001,155,2001,172,2001,174,2001,181,2001,185,2001,194,2001,203,2001,204,2001,213,2001,214,2001,227,2001,228,2001,243,2001,257,2001,269,2001,272,2004,153,2004,211
311,1981,160,1981,198,1981,224,1981,265,1984,216,1984,239,1984,270,1986,163,1986,175,1986,237,1986,249,1986,273,1989,166,1989,172,1989,222,1989,223,1989,260,1989,269,1990,253,1992,160,1992,162,1992,203,1992,204,1992,211,1992,221,1992,244,1992,248,1992,249,1992,263,1992,264,1993,186,1993,195,1993,243,1994,154,1994,155,1994,250,1994,260,1994,265,1995,186,1995,225,1996,169,1996,173,1996,185,1996,224,1996,226,1996,267,1997,168,1997,171,1997,210,1997,218,1997,234,1998,179,1999,152,1999,186,1999,200,1999,222,1999,237,1999,259,2000,164,2000,210,2000,224,2000,236,2000,239,2000,253,2001,177,2001,182,2001,254,2001,262
312,1989,153,1989,219,1989,222,1993,176,1996,154,1996,154,1996,214,2004,174,2004,190,2004,198,2004,250
313,1986,242,1992,181,1992,267,1999,261,2000,261,2004,272
314,1981,198,1981,205,1981,216,1981,260,1982,169,1982,176,1982,199,1982,243,1982,250,1982,255,1983,175,1985,161,1985,188,1986,187,1990,200,1993,178,1993,201,1993,203,1993,218,1993,218,1993,250,1994,165,1994,196,1994,228,1994,247,1994,258,1998,167,1998,211,1999,167,1999,172,1999,213,1999,226
315,1996,240
316,1987,227,1989,226,1996,180,1996,184,1996,190,1996,212,1996,222,1996,222,1996,238
317,1981,160,1981,216,1981,218,1981,258,1983,168,1983,240,1985,243,1985,265,1986,157,1986,265,1986,272,1987,185,1987,188,1987,265,1989,170,1989,175,1989,211,1989,244,1989,245,1989,251,1993,202,1993,203,1993,238,1994,187,1994,187,1994,197,1994,204,1994,259,1996,185,1996,204,1996,241,1997,220,1997,262,1998,202,2000,166,2000,183,2000,184,2000,209,2000,261
318,1981,269,1986,238,1987,221,1989,172,1989,198,1989,219,1989,254,1997,196,2004,154,2004,162,2004,167,2004,167,2004,180,2004,188,2004,190,2004,199,2004,208,2004,208,2004,225,2004,226,2004,230,2004,247,2004,264,2004,265,2004,272
319,1982,222,1983,188,1983,250,1989,226,1993,212,1993,265,1994,207,1994,252,1996,223,1997,199,2004,179,2004,205,2004,215,2004,236,2004,250
320,1981,160,1981,242,1981,261,1982,157,1982,213,1984,211,1985,162,1985,200,1985,217,1985,228,1989,165,1989,166,1989,173,1989,235,1989,240,1989,245,1989,251,1989,251,1990,175,1991,200,1991,236,1992,154,1992,234,1992,246,1992,268,1993,154,1993,159,1993,168,1993,169,1993,172,1993,178,1993,220,1993,251,1993,254,1993,260,1993,266,1995,188,1995,200,1996,174,1996,262,1997,201,2000,153,2001,182,2001,260
321,1981,228,1983,236,1985,203,1985,224,1989,187,1992,163,1993,156,1993,173,1993,181,1993,183,1993,209,1993,222,1993,249,1993,266,1995,262,1996,160,1996,182,1996,207,1996,223,1996,223,1996,256,1996,262,1997,182,2000,227,2000,231
322,1981,181,1981,189,1981,197,1981,206,1981,211,1981,232,1981,254,1981,265,1981,269,1982,177,1982,190,1982,222,1982,225,1982,246,1983,172,1983,188,1983,189,1983,190,1983,196,1983,209,1983,230,1983,255,1985,198,1985,208,1985,216,1985,235,1985,261,1985,273,1986,175,1986,205,1987,190,1987,196,1988,169,1988,180,1988,208,1988,227,1988,231,1988,237,1988,262,1989,160,1989,161,1989,181,1989,184,1989,231,1989,268,1989,272,1992,161,1992,179,1992,184,1992,244,1993,152,1993,171,1993,177,1993,192,1993,198,1993,210,1993,218,1993,234,1993,255,1993,271,1994,168,1994,178,1994,187,1994,227,1994,236,1994,257,1994,268,1995,166,1995,248,1996,166,1996,193,1996,199,1996,211,1996,217,1996,229,1996,249,1996,251,1996,265,1996,268,1997,173,1997,226,1997,256,1997,259,1997,266,1999,160,1999,166,1999,192,1999,193,1999,208,1999,242,1999,254,1999,258,1999,266,2000,171,2000,183,2000,214,2000,218,2000,224,2000,263,2001,192,2001,237,2001,263
323,1981,184,1981,191,1981,211,1981,222,1982,163,1982,163,1982,172,1982,201,1982,204,1982,223,1982,230,1982,272,1983,153,1983,155,1983,169,1983,172,1983,188,1983,199,1983,232,1983,238,1983,242,1983,244,1983,270,1984,170,1984,203,1984,204,1985,155,1985,172,1985,198,1985,199,1985,211,1985,211,1985,214,1985,239,1985,243,1985,244,1985,257,1986,220,1987,179,1988,197,1988,272,1989,188,1989,195,1989,212,1989,227,1989,232,1989,242,1989,247,1989,255,1990,215,1991,225,1991,255,1992,190,1992,219,1992,267,1993,152,1993,156,1993,165,1993,177,1993,181,1993,189,1993,190,1993,192,1993,214,1993,237,1993,257,1994,195,1995,176,1995,191,1995,208,1995,262,1997,216,1997,244,1997,257,1998,188,1998,189,1998,219,1998,237,1999,232,2000,156,2000,160,2000,164,2000,168,2000,172,2000,184,2000,192,2000,196,2000,242,2000,248,2000,264,2000,265,2000,273,2001,176,2001,178,2001,200,2001,201,2001,214,2001,242,2001,270,2001,273
324,1981,177,1981,179,1981,195,1981,209,1981,214,1981,233,1981,263,1981,270,1982,230,1983,177,1986,163,1986,180,1986,234,1986,269,1987,260,1988,208,1989,155,1989,162,1989,164,1989,166,1989,169,1989,172,1989,174,1989,179,1989,194,1989,204,1989,231,1989,247,1989,267,1990,256,1991,272,1992,159,1992,160,1992,194,1992,238,1992,254,1993,166,1993,178,1993,184,1993,197,1993,230,1994,219,1995,171,1996,188,1996,225,1996,234,1996,234,1996,271,1997,191,1997,256,1999,179,1999,247,1999,257,2000,158,2000,176,2000,183,2000,191,2001,173,2001,178,2001,178,2001,223,2004,172,2004,188,2004,209,2004,210,2004,253,2004,256
325,1981,163,1981,254,1982,166,1982,189,1983,256,1989,162,1989,164,1989,193,1989,202,1989,211,1989,217,1989,230,1989,239,1989,243,1992,154,1992,175,1992,178,1992,257,1992,268,1995,171,1995,194,1995,238,1996,160,1996,226,1996,234,1996,241,1996,257,1996,272,1997,152,1997,171,1997,196,1997,259,1999,161,1999,167,1999,176,1999,178,1999,190,1999,199,1999,205,1999,217,1999,217,1999,223,1999,243,1999,247,1999,260,1999,262,1999,269,1999,272,2000,205,2001,227,2001,227,2004,164,2004,242,2004,272
326,1981,162,1989,187,1989,191,1989,197,1989,210,1989,214,1989,230,1989,237,1989,240,1989,244,1989,257,1989,268,1994,222,1994,243,1994,263,1995,220,1995,241,1995,242,1996,222,1996,233,1996,233,1996,249,1996,273,1997,216,1997,230,1998,182,1999,187,2001,157,2001,207,2001,230,2004,158,2004,208,2004,240,2004,254,2004,272
327,1981,257,1986,205,1989,153,1989,159,1989,222,1989,230,1992,156,1992,165,1992,197,1996,153,1996,170,1996,172,1996,191,1996,194,1996,204,1996,208,1996,208,1996,216,1996,224,1996,225,1996,240,1996,251,1996,254,1996,269,1996,269,1996,273,1998,246,2001,223,2001,252,2001,267
328,1981,265,1982,175,1982,205,1982,210,1982,235,1982,249,1983,159,1986,194,1986,270,1989,169,1990,207,1992,154,1994,189,1994,203,1994,226,1996,154,1996,159,1996,167,1996,192,1996,209,1996,214,1996,223,1996,226,1996,227,1996,243,1996,245,1996,256,1996,256,1996,267,1997,249,1997,273,1999,244,1999,248,1999,249,1999,260,2001,168,2001,230,2001,255,2004,240
329,1981,188,1981,238,1982,231,1984,186,1989,158,1989,164,1989,168,1989,175,1989,183,1989,194,1989,199,1989,202,1989,202,1989,214,1989,216,1989,221,1989,243,1989,257,1989,258,1989,258,1989,262,1989,271,1992,153,1992,189,1993,230,1996,172,1996,229,1997,195,1997,243,1997,245,1997,257,1998,165,1998,173,1998,197,1999,180,1999,193,1999,234,2000,166,2001,166,2004,193,2004,211,2004,224,2004,236,2004,243,2004,252
330,1984,245,1989,162,1989,195,1989,203,1989,225,1989,236,1989,242,1989,250,1989,262,1989,263,1989,273,1996,170,1999,201
331,1981,154,1981,257,1982,192,1982,233,1985,220,1986,213,1986,226,1986,242,1988,273,1989,153,1989,156,1989,272,1991,230,1991,272,1992,160,1992,180,1992,199,1992,202,1992,223,1992,225,1992,227,1992,229,1992,235,1992,245,1992,246,1992,258,1992,271,1992,272,1993,156,1993,198,1994,166,1994,215,1995,243,1996,176,1997,179,1997,207,1997,207,1997,242,1998,191,1998,245,1998,269,2000,155,2000,176,2001,162,2001,187,2001,226
332,1981,202,1981,217,1981,262,1982,157,1982,204,1986,196,1986,217,1988,232,1989,162,1992,157,1992,163,1992,165,1992,175,1992,179,1992,188,1992,226,1993,175,1993,198,1993,204,1994,231,1996,173,1996,188,1996,212,1996,218,1996,225,1996,229,1996,244,1997,153,1997,155,1997,157,1997,165,1997,166,1997,211,1997,213,1997,214,1997,214,1997,217,1997,218,1997,235,1997,235,1997,236,1997,237,1997,251,1999,175,1999,179,1999,254,2000,152,2000,207,2000,272,2001,185,2001,210
333,1997,173,1997,195,1997,211,1997,214,1997,222,1997,245,1997,246,1997,247,1999,258
334,1982,168,1984,199,1984,215,1986,153,1986,214,1986,246,1986,267,1987,155,1987,257,1989,155,1989,183,1989,207,1989,229,1989,233,1989,252,1990,154,1991,191,1993,176,1993,220,1994,252,1996,154,1996,165,1996,173,1996,182,1996,183,1996,187,1996,192,1996,214,1996,241,1996,270,1997,152,1997,154,1997,161,1997,163,1997,166,1997,173,1997,180,1997,183,1997,186,1997,201,1997,206,1997,210,1997,211,1997,230,1997,245,1997,257,1997,259,1997,260,1997,262,1998,170,1998,172,1998,266,2000,175,2000,195,2000,208,2001,228
335,1981,183,1982,212,1983,256,1985,189,1985,251,1993,153,1993,201,1994,152,1994,158,1994,203,1994,261,1994,268,1996,152,1996,249,1996,254,1997,162,1997,167,1997,171,1997,204,1997,215,1997,226,1997,233,1997,248,1997,261,1997,265,1998,259,1998,272,1999,170,1999,185,2000,219,2004,217
336,1982,256,1983,159,1983,163,1983,167,1983,268,1989,155,1989,158,1992,176,1993,237,2000,173,2004,225,2004,230,2004,263,2004,267
337,1981,190,1981,262,1982,156,1982,169,1983,251,1983,256,1984,241,1985,179,1985,245,1985,271,1987,260,1988,158,1988,200,1988,208,1988,208,1988,214,1988,220,1988,227,1988,229,1988,262,1989,162,1989,244,1990,189,1990,232,1990,233,1992,181,1992,249,1992,255,1993,156,1993,163,1993,163,1993,168,1993,178,1993,192,1993,194,1993,236,1993,243,1993,248,1993,267,1994,158,1994,165,1994,253,1995,163,1995,196,1995,200,1995,213,1995,226,1995,231,1995,254,1995,269,1996,188,1996,191,1997,161,1997,169,1997,197,1997,214,1997,217,1997,222,1997,225,1997,233,1997,235,1997,238,1997,246,1997,248,1998,156,1998,190,1998,216,1999,153,2000,159,2000,197,2000,237,2000,244,2001,157,2001,163,2001,166,2001,174,2001,192,2001,209,2001,210,2001,212,2001,231
338,1982,162,1982,169,1983,183,1987,198,1989,212,1990,164,1990,202,1993,166,1993,182,1993,227,1994,167,1994,199,1994,229,1994,233,1996,164,1996,223,1996,245,1998,246,2000,177,2000,258
339,1982,157,1989,254,1994,168,1994,176,1996,236,1996,247,1999,243,2001,234,2001,260
340,1981,167,1981,196,1981,225,1981,244,1981,262,1982,175,1982,206,1982,229,1982,264,1983,229,1983,273,1984,162,1984,190,1984,201,1984,207,1984,223,1984,252,1986,255,1986,263,1988,169,1988,170,1988,175,1989,197,1989,208,1989,249,1989,264,1992,165,1992,168,1992,179,1992,225,1992,236,1993,155,1993,163,1993,183,1993,184,1993,237,1993,240,1993,257,1994,185,1994,203,1994,206,1994,211,1994,229,1994,241,1994,250,1996,162,1996,167,1996,169,1996,200,1997,171,1997,259,1997,262,1998,177,1999,180,1999,236,1999,268,2000,157,2000,167,2000,237,2001,174,2001,213,2001,229
341,1981,247,1981,248,1982,161,1982,187,1982,218,1982,238,1982,261,1983,196,1984,167,1984,182,1984,183,1984,200,1985,160,1985,171,1985,199,1985,202,1985,203,1985,221,1985,239,1985,254,1985,254,1985,255,1985,257,1985,263,1985,264,1985,270,1990,261,1991,176,1991,183,1991,183,1991,200,1991,208,1991,219,1991,240,1991,248,1992,188,1992,258,1993,233,1993,273,1994,169,1994,177,1994,206,1994,224,1994,234,1994,263,1995,163,1996,192,1996,200,1996,205,1996,217,1996,225,1997,157,1997,194,1999,169,2001,167,2001,201,2001,215,2001,229,2001,231,2001,236,2001,239,2001,264,2004,204
342,1981,222,1981,252,1981,259,1982,195,1983,182,1989,165,1989,192,1989,197,1989,202,1989,208,1989,212,1989,270,1992,205,1992,230,1992,271,1994,268,1995,239,1996,153,1996,198,1996,202,1996,252,1996,266,1997,181,1997,217,1999,196,1999,202,1999,257,1999,259,1999,272,2004,158,2004,173,2004,183,2004,203,2004,218,2004,223,2004,225,2004,254,2004,265
343,1982,164,1982,170,1982,173,1982,191,1982,205,1982,208,1986,159,1988,160,1989,153,1989,183,1989,207,1989,216,1989,228,1989,272,1991,163,1992,152,1992,155,1992,164,1992,173,1992,185,1992,185,1992,195,1992,196,1992,198,1992,203,1992,214,1992,226,1992,228,1992,229,1992,233,1992,239,1992,245,1992,245,1992,251,1992,260,1992,261,1994,152,1994,217,1994,226,1995,224,1995,239,1996,238,1997,247,1998,193,1998,232,1998,241,1999,156,1999,162,1999,183,1999,183,1999,205,1999,207,1999,209,1999,221,1999,223,1999,239,1999,270,2000,208,2000,208,2001,174,2001,246,2004,249,2004,253,2004,253,2004,272
344,1981,195,1981,220,1981,230,1981,230,1981,241,1981,255,1986,170,1986,258,1986,270,1989,161,1989,183,1989,211,1989,268,1992,171,1992,183,1992,221,1992,228,1992,263,1993,195,1994,236,1994,272,1995,256,1996,187,1997,170,1997,185,1997,200,1997,270,1999,184,1999,190,1999,197,1999,200,1999,200,1999,239,1999,246,2000,172,2001,237,2004,159,2004,172,2004,175,2004,182,2004,182,2004,190,2004,218,2004,221,2004,225,2004,265,2004,273
345,1986,152,1986,159,1986,163,1986,166,1986,181,1986,187,1986,194,1986,202,1986,206,1986,206,1986,211,1986,218,1986,221,1986,247,1986,265,1986,273,1986,273,1989,178,1989,178,1989,187,1989,223,1992,223,1994,187,1994,271,1996,153,1996,161,1996,161,1996,161,1996,162,1996,165,1996,169,1996,170,1996,171,1996,189,1996,190,1996,194,1996,202,1996,206,1996,207,1996,216,1996,219,1996,223,1996,232,1996,237,1996,239,1996,247,1996,248,1996,250,1996,254,1996,256,1996,257,1996,265,1996,269,1999,234,2000,258,2004,158,2004,173,2004,207,2004,215
346,1981,155,1981,168,1981,222,1981,228,1981,251,1981,264,1983,184,1983,217,1986,152,1986,156,1986,156,1986,165,1986,182,1986,183,1986,184,1986,196,1986,197,1986,198,1986,199,1986,200,1986,200,1986,201,1986,204,1986,214,1986,218,1986,218,1986,224,1986,237,1986,238,1986,238,1986,243,1986,249,1986,250,1986,254,1986,263,1986,267,1989,183,1989,188,1989,222,1992,152,1992,156,1993,226,1994,204,1994,215,1994,226,1996,160,1996,163,1996,169,1996,172,1996,179,1996,180,1996,182,1996,183,1996,191,1996,197,1996,198,1996,204,1996,207,1996,211,1996,217,1996,221,1996,224,1996,225,1996,227,1996,230,1996,232,1996,240,1996,250,1996,269,1996,270,1996,271,1996,272
347,1981,160,1981,194,1981,200,1981,214,1981,216,1981,217,1981,237,1981,243,1982,172,1982,194,1982,205,1982,257,1982,258,1984,224,1986,166,1986,266,1988,241,1989,163,1989,170,1989,172,1989,173,1989,181,1989,182,1989,186,1989,188,1989,196,1989,209,1989,213,1989,255,1989,257,1989,259,1989,260,1989,263,1989,270,1992,160,1992,165,1992,185,1992,190,1992,212,1993,231,1994,155,1994,192,1994,193,1994,211,1994,254,1995,222,1995,264,1996,153,1996,237,1996,238,1996,246,1996,248,1996,262,1997,153,1997,175,1997,185,1997,189,1997,240,1998,193,1998,209,1999,162,1999,163,1999,185,1999,186,1999,200,1999,261,1999,271,2001,167,2001,226,2001,266,2001,268,2001,269,2004,181,2004,200,2004,213,2004,216,2004,230,2004,239,2004,260,2004,271
348,1981,154,1981,157,1981,160,1981,247,1981,254,1981,262,1983,153,1983,163,1983,172,1986,214,1989,170,1989,194,1989,216,1992,189,1992,201,1992,255,1994,172,1994,231,1994,240,1994,241,1995,174,1995,180,1995,189,1995,220,1996,211,1996,225,1996,245,1996,269,1997,161,1997,177,1997,179,1997,185,1997,208,1997,212,1997,216,1997,234,1997,259,1997,273,1998,190,1998,218,1998,227,1998,244,1999,175,1999,198,1999,218,1999,231,1999,233,1999,235,2000,210,2001,158,2001,171,2001,175,2001,187,2001,199,2001,213,2001,262,2004,159,2004,218
349,1983,196,1983,260,1986,219,1989,272,1997,193,1999,241,1999,254,2004,169,2004,182,2004,222,2004,228
350,1981,209,1985,218,1985,238,1986,202,1986,271,1989,236,1991,161,1991,194,1991,228,1992,160,1992,172,1992,186,1992,187,1992,189,1992,196,1992,205,1992,206,1992,209,1992,218,1992,220,1992,228,1992,242,1992,253,1992,263,1992,267,1994,188,1994,252,1995,193,1996,195,1996,241,1997,152,1997,153,1997,155,1997,155,1997,160,1997,169,1997,172,1997,172,1997,175,1997,176,1997,177,1997,183,1997,185,1997,191,1997,192,1997,196,1997,197,1997,199,1997,202,1997,205,1997,205,1997,210,1997,212,1997,218,1997,219,1997,224,1997,225,1997,225,1997,227,1997,238,1997,241,1997,245,1997,247,1997,247,1997,249,1997,250,1997,251,1997,252,1997,253,1997,264,1997,270,1997,270,1997,271,1998,259,1999,167,1999,197,1999,206,1999,217,1999,235,2000,179,2000,207,2001,155,2001,201,2001,202,2001,223
351,1996,239,1997,273
352,1984,248,1986,218,1986,231,1989,215,1996,193,1996,228,1996,245,1997,155,1997,162,1997,184,1997,193,1997,193,1997,199,1997,200,1997,202,1997,204,1997,207,1997,212,1997,214,1997,220,1997,221,1997,232,1997,237,1997,238,1997,240,1997,244,1997,252,1998,157,1998,164,1998,186,1998,222,1998,244,1998,272
353,1981,203,1983,245,1987,238,1996,169,1997,153,1997,161,1997,162,1997,173,1997,177,1997,184,1997,187,1997,200,1997,208,1997,211,1997,212,1997,213,1997,214,1997,215,1997,221,1997,223,1997,233,1997,239,1997,243,1997,251,2000,216,2000,227,2000,272,2001,156
354,1983,273,1991,193,1996,171,1996,173,2001,181
355,1981,165,1982,179,1985,219,1986,158,1988,209,1993,153,1994,176,1995,268,1996,158,1996,171,1996,199,1996,202,1996,208,1996,218,1999,233,1999,252,1999,259,2001,195,2001,205,2001,218
356,1984,211,1984,215,1992,193,1992,206,1994,201,1994,231,1997,200,2001,196,2001,210,2001,226,2001,239,2001,250,2001,257
357,1981,201,1984,246,1985,187,1986,203,1986,218,1989,177,1989,240,1992,163,1992,187,1992,189,1992,190,1992,197,1992,199,1992,214,1992,234,1992,247,1992,252,1992,255,1992,256,1992,268,1992,270,1993,183,1993,259,1994,185,1994,208,1994,211,1994,244,1995,241,1996,185,1996,192,1998,233,1999,165,1999,167,1999,170,1999,172,1999,210,1999,218,1999,229,1999,233,1999,247,1999,248,1999,272,2000,244,2001,171,2001,176,2001,203,2004,167
358,1986,241,1990,171,1991,179,1992,176,1992,181,1992,185,1992,207,1993,189,1995,201,1995,244,1995,262,1997,210,1997,217,1999,238,2000,164,2000,201,2001,262
359,1982,161,1983,233,1983,259,1984,246,1992,260,1996,211,1997,176,1997,202,1998,219,1999,157,2004,155
360,1981,246,1981,250,1981,256,1984,175,1986,155,1986,159,1986,205,1986,209,1989,165,1989,166,1989,170,1989,198,1989,199,1989,203,1989,204,1989,205,1989,210,1989,217,1992,187,1993,242,1994,156,1994,195,1994,200,1995,204,1996,164,1996,237,1996,240,1996,246,1996,263,1997,161,1999,224,1999,230,1999,237,1999,241,1999,270,2001,204,2004,153,2004,158,2004,268
361,1981,156,1981,162,1981,176,1981,177,1981,195,1981,206,1981,214,1981,266,1982,260,1987,248,1988,195,1989,170,1989,184,1989,189,1989,201,1989,208,1989,232,1989,232,1989,269,1992,170,1992,184,1992,192,1992,204,1992,217,1992,221,1992,237,1993,168,1993,205,1995,199,1995,236,1995,236,1995,258,1995,267,1996,162,1996,183,1996,194,1996,196,1996,240,1997,163,1997,170,1997,182,1997,193,1997,221,1997,250,1998,187,1999,157,1999,184,1999,192,1999,228,1999,241,1999,243,1999,247,1999,255,1999,266,2000,232,2001,201,2001,243,2004,203,2004,250
362,1981,195,1981,213,1981,225,1981,250,1981,256,1982,162,1982,174,1982,190,1986,172,1986,193,1986,252,1986,265,1992,153,1992,239,1994,157,1996,169,1996,169,1996,205,1996,209,1996,219,1996,219,1996,223,1996,242,1996,247,1996,269,1997,156,1997,158,1997,232,1997,257,1999,220,2001,245
363,1981,169,1981,176,1981,242,1986,250,1989,159,1989,213,1989,270,1991,253,1992,216,1994,229,1996,152,1996,156,1996,163,1996,181,1996,185,1996,193,1996,194,1996,206,1996,209,1996,211,1996,212,1996,212,1996,218,1996,218,1996,219,1996,224,1996,225,1996,228,1996,232,1996,245,1996,252,1996,256,1996,261,1996,272,1996,272,1998,228,1999,230
364,1981,192,1981,228,1981,264,1982,184,1982,271,1984,206,1984,258,1986,186,1986,215,1986,234,1986,237,1986,264,1986,267,1989,199,1989,220,1989,234,1992,168,1992,182,1992,190,1992,221,1992,239,1996,160,1996,162,1996,174,1996,211,1996,244,1996,246,1996,266,1996,268,1999,178,1999,210,2001,195,2001,223
365,1981,249,1981,267,1982,245,1986,213,1989,174,1989,236,1992,179,1992,258,1992,270,1993,169,1993,244,1994,187,1994,212,1994,230,1994,260,1995,223,1996,184,1996,194,1996,196,1996,197,1996,203,1996,241,1996,250,1998,188,1999,178,1999,250
366,1981,161,1981,193,1981,228,1981,273,1982,153,1982,195,1983,199,1983,208,1983,227,1983,240,1985,262,1986,199,1987,236,1988,180,1988,200,1988,204,1988,207,1988,215,1989,155,1989,203,1989,229,1989,271,1990,220,1992,165,1992,238,1992,259,1993,156,1993,175,1993,179,1993,181,1993,184,1993,191,1993,191,1993,193,1993,194,1993,208,1993,233,1993,235,1993,236,1993,236,1993,238,1993,239,1993,246,1993,251,1993,253,1993,253,1993,263,1994,175,1994,179,1994,189,1994,191,1994,207,1994,209,1994,209,1994,214,1994,227,1994,257,1994,267,1994,267,1995,191,1995,224,1995,235,1996,154,1996,154,1996,170,1996,175,1996,194,1996,204,1996,208,1996,223,1996,226,1996,230,1996,232,1996,266,1996,268,1997,155,1998,157,1998,179,1998,183,1998,191,1999,222,1999,243
367,1983,201,1983,230,1986,166,1986,273,1989,248,1989,270,1991,177,1993,152,1994,193,1994,237,1995,184,1995,192,1996,154,1996,155,1996,161,1996,167,1996,171,1996,181,1996,182,1996,186,1996,189,1996,190,1996,201,1996,202,1996,212,1996,243,1996,252,1996,268,1996,269,1997,173,1997,194,1999,228,2000,181,2000,260
368,1981,154,1981,216,1981,250,1982,179,1984,246,1985,184,1989,216,1989,271,1991,189,1991,229,1991,266,1991,269,1992,170,1992,188,1992,202,1992,215,1992,216,1992,232,1992,243,1992,260,1993,152,1993,157,1993,159,1993,166,1993,169,1993,173,1993,188,1993,196,1993,216,1993,263,1994,174,1994,225,1997,236,1997,247,1997,269,1998,198,1998,214,1998,243,1999,163,1999,184,1999,219,1999,225,2000,155,2000,246,2000,261,2000,271,2001,252,2001,255,2001,273
369,1983,156,1983,180,1983,271,1986,234,1994,153,1994,155,1994,156,1994,166,1994,182,1994,212,1994,234,1994,247,1994,251,1994,258,1994,259,1994,259,1994,261,1994,261,1994,263,1996,206,1997,222,1997,230,1997,261,1997,265,1997,272
370,1982,191,1983,232,1983,248,1983,268,1986,195,1994,158,1994,162,1994,166,1994,166,1994,167,1994,169,1994,172,1994,172,1994,176,1994,185,1994,191,1994,199,1994,212,1994,216,1994,223,1994,241,1994,245,1994,245,1994,252,1994,253,1994,267,1996,162,1996,169,1996,177,1996,179,1996,188,1996,211,1996,225,1996,233,1996,238,1996,244,1996,250,1996,262,1996,267,1997,163,1997,178,1997,186,1997,189,1997,197,1997,229,1997,241,1997,249,1997,254,1997,263,1997,270,2001,196,2001,211,2001,225
371,1981,227,1982,202,1983,175,1983,235,1999,266
374,1981,257,1984,183,1984,201,1984,204,1986,222,1986,236,1986,260,1986,266,1986,271,1986,273,1987,188,1988,173,1988,185,1992,166,1994,260,1995,173,1995,234,1995,265,1996,174,1996,252,1997,164,1997,168,1997,168,1997,207,1997,208,1997,212,1997,241,1997,270,1998,171,1998,265,2000,198,2000,213,2000,226,2000,258,2000,273,2001,163
375,1984,273,1989,207,1989,209,1993,194,1994,245,1996,165,1996,188,1996,195,1996,224,1996,229,1996,236,1996,238,1996,241,1996,270,1997,183,1998,234,2001,210,2004,273
376,1984,178,1984,227,1986,195,1988,187,1989,155,1989,160,1989,168,1989,169,1989,205,1989,220,1989,232,1989,257,1989,260,1991,225,1992,162,1992,194,1992,197,1992,201,1992,239,1992,270,1992,271,1993,185,1996,160,1996,204,1996,219,1996,226,1996,246,1997,153,1997,158,1997,182,1997,188,1997,231,1997,256,1998,155,1998,177,1998,189,1998,233,1998,240,1998,240,1998,244,1999,164,1999,170,1999,171,1999,197,1999,249,1999,251,1999,252,2000,157,2000,176,2000,197,2000,256
377,1981,159,1981,160,1981,163,1981,241,1982,163,1982,174,1982,178,1982,208,1982,272,1983,222,1984,166,1984,190,1984,218,1985,156,1985,219,1986,193,1986,227,1986,241,1987,188,1987,253,1990,213,1991,184,1991,187,1991,197,1991,237,1991,253,1991,256,1991,264,1992,209,1992,214,1992,223,1992,230,1992,249,1992,251,1993,196,1993,213,1993,226,1993,254,1993,271,1994,184,1994,203,1994,225,1994,230,1994,243,1994,264,1995,163,1995,184,1995,206,1995,246,1996,253,1997,246,1998,155,1998,207,1998,218,1999,160,1999,166,1999,170,1999,177,2000,197,2000,233,2000,239,2001,171
378,1981,190,1981,196,1981,223,1981,232,1981,261,1983,205,1985,212,1986,165,1986,239,1986,251,1991,262,1992,166,1992,172,1992,210,1992,224,1993,181,1993,199,1993,234,1993,235,1993,253,1994,158,1994,161,1994,175,1994,186,1994,200,1994,202,1994,206,1994,211,1994,212,1994,221,1994,225,1994,247,1994,257,1994,269,1996,231,1996,252,1997,201,1998,209,1998,213,1998,258,1999,188,1999,195,1999,204,1999,263,2000,257,2000,261,2000,264,2000,269,2001,164,2001,179,2001,228,2004,183,2004,259,2004,267,2004,269
379,1981,159,1981,169,1981,171,1981,228,1981,256,1981,265,1982,159,1982,196,1982,259,1983,223,1983,229,1983,270,1984,171,1984,188,1984,215,1984,264,1985,156,1985,158,1985,160,1985,192,1985,194,1985,196,1985,261,1986,155,1986,164,1986,169,1986,191,1986,196,1986,203,1986,221,1986,223,1986,242,1987,165,1987,185,1988,157,1988,157,1988,179,1988,197,1988,200,1988,204,1988,225,1988,265,1988,267,1988,271,1988,273,1989,154,1989,175,1989,181,1989,189,1989,204,1989,206,1989,215,1989,246,1989,249,1989,268,1989,268,1989,269,1990,152,1990,170,1990,242,1990,266,1991,215,1991,223,1991,249,1992,152,1992,152,1992,154,1992,157,1992,172,1992,174,1992,178,1992,192,1992,193,1992,207,1992,209,1992,213,1992,215,1992,219,1992,238,1992,250,1992,253,1992,256,1992,259,1993,156,1993,170,1993,176,1993,217,1993,217,1993,218,1993,219,1993,230,1993,232,1993,242,1993,247,1993,256,1993,257,1993,264,1993,266,1994,155,1994,160,1994,163,1994,171,1994,179,1994,181,1994,183,1994,193,1994,198,1994,202,1994,220,1994,227,1994,229,1994,243,1994,243,1994,247,1994,248,1994,251,1994,253,1994,253,1994,269,1995,166,1995,168,1995,170,1995,188,1995,217,1995,220,1995,224,1995,231,1995,254,1996,176,1996,207,1996,221,1996,226,1996,243,1997,178,1997,213,1997,271,1998,162,1998,164,1998,165,1998,167,1998,170,1998,186,1998,199,1998,203,1998,205,1998,220,1998,221,1998,241,1998,246,1998,255,1998,255,1998,259,1999,166,1999,174,1999,184,1999,199,1999,200,1999,238,1999,240,1999,245,1999,247,1999,250,1999,250,1999,254,2000,195,2000,206,2000,221,2000,230,2000,238,2000,255,2001,165,2001,170,2001,185,2001,185,2001,190,2001,206,2001,210,2001,213,2001,222,2001,229,2001,229,2001,259,2001,260,2001,268,2001,270
380,1981,152,1981,176,1981,261,1982,155,1982,198,1982,218,1986,209,1988,223,1989,153,1989,158,1989,194,1989,255,1992,163,1992,167,1992,172,1992,182,1992,196,1992,201,1992,218,1992,225,1992,229,1992,239,1992,246,1992,248,1992,250,1992,257,1994,179,1994,238,1995,161,1995,164,1995,167,1995,186,1995,188,1995,197,1995,225,1995,228,1995,235,1995,250,1995,252,1996,170,1996,218,1996,219,1997,175,1997,222,1999,169,1999,170,1999,189,1999,194,1999,221,2000,158,2000,163,2000,209,2000,218,2000,228,2000,230,2000,239,2000,272,2001,184,2001,191,2001,217,2001,258
381,1981,156,1981,168,1981,205,1984,155,1984,175,1984,201,1984,244,1986,156,1986,211,1986,229,1986,253,1989,164,1989,169,1989,181,1989,231,1989,238,1989,239,1989,242,1989,258,1989,269,1989,272,1991,158,1991,174,1991,249,1992,185,1992,224,1993,212,1993,263,1994,197,1994,212,1994,213,1995,191,1995,266,1996,158,1996,159,1996,165,1996,166,1996,174,1996,177,1996,187,1996,190,1996,193,1996,194,1996,211,1996,217,1996,225,1996,237,1996,238,1996,246,1996,247,1996,250,1996,254,1996,256,1996,263,1996,265,1996,273,1997,257,1999,197,1999,198,2000,230,2004,165,2004,207,2004,255
382,1981,178,1981,224,1981,257,1982,178,1982,182,1982,183,1982,236,1986,154,1986,156,1986,158,1986,183,1986,209,1986,218,1986,219,1986,221,1986,227,1986,236,1986,254,1986,257,1986,260,1987,230,1987,238,1987,245,1989,252,1992,202,1992,212,1992,224,1992,236,1992,239,1992,240,1992,241,1992,246,1992,259,1993,208,1994,166,1994,171,1994,177,1994,216,1996,158,1996,166,1996,169,1996,175,1996,177,1996,178,1996,180,1996,180,1996,196,1996,205,1996,210,1996,212,1996,223,1996,239,1996,243,1996,250,1996,265,1996,269,1997,238,1997,258,1998,248,1999,179,1999,201,1999,201,1999,216,1999,239,1999,268,2000,154,2001,153,2001,192,2001,192,2001,210,2001,230,2001,253,2001,254,2001,272
383,1982,186,1982,197,1982,207,1982,211,1982,227,1984,153,1984,219,1985,155,1985,173,1985,176,1985,192,1985,204,1985,221,1985,239,1986,239,1986,251,1986,270,1986,271,1989,256,1990,158,1992,225,1992,262,1993,187,1993,198,1993,219,1993,232,1993,234,1993,244,1993,273,1994,154,1994,168,1994,197,1994,253,1995,189,1995,195,1995,234,1996,162,1996,164,1996,175,1996,182,1996,187,1996,210,1996,213,1996,217,1996,221,1996,223,1996,225,1996,228,1996,254,1996,255,1996,257,1996,259,1996,263,1996,268,1996,270,1998,182,1998,246,1999,212,1999,229,1999,260,1999,266,2001,171,2001,206,2001,218,2001,226,2004,166,2004,203,2004,203,2004,210,2004,211,2004,214,2004,235
384,1981,156,1981,160,1981,161,1981,169,1981,175,1981,176,1981,196,1981,197,1981,201,1981,223,1981,227,1981,231,1981,254,1981,259,1981,260,1981,260,1981,271,1981,271,1982,182,1982,246,1982,271,1983,269,1985,156,1985,238,1985,250,1985,265,1986,224,1986,250,1988,175,1988,179,1988,181,1988,196,1988,251,1988,253,1988,263,1988,272,1989,154,1989,157,1989,174,1989,183,1989,207,1989,209,1989,222,1989,245,1989,271,1989,271,1990,167,1990,227,1991,210,1991,236,1992,212,1992,265,1993,158,1993,160,1993,161,1993,161,1993,169,1993,170,1993,170,1993,171,1993,172,1993,172,1993,174,1993,174,1993,174,1993,176,1993,185,1993,188,1993,189,1993,191,1993,193,1993,193,1993,197,1993,199,1993,202,1993,214,1993,214,1993,218,1993,222,1993,222,1993,223,1993,227,1993,228,1993,231,1993,233,1993,234,1993,235,1993,237,1993,251,1993,254,1993,255,1993,256,1993,260,1993,263,1993,263,1993,263,1993,271,1993,273,1993,273,1993,273,1994,157,1994,175,1994,190,1994,191,1994,193,1994,199,1994,204,1994,219,1994,225,1994,226,1994,226,1994,230,1994,240,1994,242,1994,247,1994,250,1994,250,1994,255,1994,258,1994,264,1995,188,1995,192,1995,257,1996,156,1996,160,1996,201,1996,212,1996,258,1998,168,1998,168,1998,180,1998,191,1998,197,1998,212,1998,212,1998,222,1998,222,1998,234,1998,262,1998,269,1998,270,1999,155,1999,169,1999,191,1999,192,1999,194,1999,197,1999,199,1999,201,1999,202,1999,202,1999,204,1999,211,1999,219,1999,220,1999,227,1999,228,1999,231,1999,233,1999,234,1999,243,1999,244,1999,246,1999,253,1999,257,1999,260,1999,262,1999,264,1999,268,1999,273,2000,178,2000,187,2000,202,2000,229,2000,235,2000,252,2001,167,2001,243,2001,247
385,1981,158,1981,189,1981,198,1981,204,1981,273,1982,231,1986,157,1986,211,1986,219,1986,227,1986,251,1986,252,1986,256,1986,260,1986,261,1986,263,1987,193,1987,224,1987,248,1989,163,1989,176,1989,177,1989,205,1989,238,1989,242,1989,243,1989,250,1989,257,1989,270,1989,271,1990,184,1992,154,1992,160,1992,161,1992,178,1992,181,1992,196,1992,207,1992,209,1992,234,1992,235,1992,264,1992,267,1992,271,1993,161,1993,167,1993,174,1993,200,1993,216,1993,232,1993,237,1993,247,1993,250,1993,251,1993,254,1993,265,1994,175,1994,181,1994,196,1994,201,1994,213,1994,216,1994,237,1994,243,1994,248,1994,255,1994,267,1994,270,1995,183,1995,203,1995,237,1995,253,1995,260,1996,152,1996,154,1996,162,1996,175,1996,175,1996,188,1996,202,1996,215,1996,225,1996,226,1996,232,1996,247,1996,252,1996,252,1996,261,1996,264,1996,273,1997,161,1997,190,1997,192,1997,200,1997,232,1997,241,1998,154,1998,155,1998,162,1998,164,1998,166,1998,178,1998,179,1998,191,1998,194,1998,195,1998,202,1998,209,1998,221,1998,221,1998,224,1998,225,1998,226,1998,228,1998,231,1998,242,1998,243,1998,249,1998,255,1998,258,1998,262,1998,264,1999,178,1999,194,1999,196,1999,207,1999,215,1999,225,1999,248,1999,255,1999,260,2000,154,2000,181,2000,183,2000,187,2000,223,2000,246,2000,258,2000,266,2000,270,2001,166,2001,187,2001,206,2001,226,2001,237,2004,168
386,1981,202,1981,209,1981,218,1981,227,1981,233,1981,269,1983,190,1983,203,1985,156,1985,162,1985,195,1985,195,1985,231,1985,272,1986,164,1986,175,1986,192,1986,200,1986,247,1986,266,1987,263,1987,268,1989,233,1990,204,1990,210,1990,211,1991,267,1992,159,1992,162,1992,163,1992,167,1992,170,1992,172,1992,174,1992,193,1992,194,1992,205,1992,217,1992,217,1992,219,1992,228,1992,234,1992,242,1992,266,1993,182,1993,194,1993,196,1993,247,1993,252,1993,253,1993,264,1994,229,1995,226,1995,244,1997,153,1997,155,1997,157,1997,160,1997,167,1997,168,1997,175,1997,178,1997,178,1997,180,1997,192,1997,199,1997,206,1997,220,1997,225,1997,231,1997,233,1997,234,1997,235,1997,244,1997,245,1997,246,1997,247,1997,250,1997,252,1997,258,1997,261,1997,268,1997,271,1998,159,1998,200,1998,252,1998,268,1999,197,1999,221,1999,255,1999,268,1999,270,1999,271,2000,185,2000,195,2000,198,2000,198,2000,203,2000,216,2000,234,2000,268,2001,172,2001,214
387,1982,152,1985,181,1986,238,1989,179,1989,190,1990,214,1990,234,1992,172,1992,208,1994,165,1994,166,1994,169,1994,170,1994,173,1994,174,1994,179,1994,180,1994,183,1994,184,1994,184,1994,184,1994,191,1994,192,1994,192,1994,193,1994,197,1994,198,1994,208,1994,213,1994,217,1994,221,1994,227,1994,230,1994,234,1994,235,1994,238,1994,238,1994,239,1994,245,1994,248,1994,249,1994,251,1994,251,1994,260,1994,264,1994,272,1994,273,1994,273,1996,167,1996,179,1996,187,1996,199,1996,215,1996,234,1997,152,1997,156,1997,159,1997,161,1997,164,1997,169,1997,170,1997,177,1997,178,1997,187,1997,187,1997,187,1997,187,1997,190,1997,191,1997,194,1997,194,1997,194,1997,195,1997,196,1997,199,1997,199,1997,202,1997,205,1997,205,1997,207,1997,208,1997,208,1997,211,1997,218,1997,219,1997,221,1997,223,1997,229,1997,234,1997,241,1997,243,1997,243,1997,243,1997,245,1997,246,1997,247,1997,249,1997,250,1997,251,1997,255,1997,255,1997,256,1997,256,1997,257,1997,258,1997,258,1997,261,1997,262,1997,269,1997,270,1997,271,1997,273,1998,163,1998,169,1998,175,1998,180,1998,207,1998,215,1998,253,1998,257,1998,262,1999,229,1999,263,2001,183,2001,187,2001,190
388,1986,213,1986,251,1986,252,1986,252,1986,265,1989,168,1989,235,1992,176,1992,198,1992,259,1992,269,1994,155,1994,158,1994,159,1994,161,1994,162,1994,164,1994,169,1994,171,1994,172,1994,173,1994,179,1994,179,1994,182,1994,183,1994,184,1994,187,1994,188,1994,190,1994,191,1994,192,1994,193,1994,194,1994,195,1994,199,1994,199,1994,206,1994,206,1994,210,1994,211,1994,211,1994,221,1994,227,1994,238,1994,240,1994,241,1994,242,1994,243,1994,246,1994,246,1994,247,1994,250,1994,259,1994,263,1994,264,1994,265,1994,266,1994,268,1994,269,1994,273,1996,156,1996,160,1996,170,1996,186,1996,187,1996,191,1996,191,1996,210,1996,216,1996,248,1996,261,1996,262,1996,264,1996,267,1996,271,1996,272,1997,152,1997,158,1997,166,1997,170,1997,173,1997,175,1997,185,1997,186,1997,191,1997,192,1997,194,1997,195,1997,203,1997,205,1997,207,1997,208,1997,211,1997,212,1997,214,1997,216,1997,217,1997,219,1997,227,1997,227,1997,235,1997,235,1997,236,1997,238,1997,241,1997,246,1997,248,1997,249,1997,254,1997,256,1997,262,1997,263,1997,264,1997,270,1998,152,1998,163,1998,180,1998,255,1999,241,2001,183,2001,188,2001,212,2001,215,2001,231,2001,236,2001,237,2001,240,2001,242,2001,251,2001,256,2001,267,2001,269,2001,271
389,1981,195,1982,153,1982,241,1982,254,1985,272,1986,178,1986,204,1986,257,1987,159,1987,161,1987,184,1987,249,1989,201,1989,257,1990,224,1993,269,1994,153,1994,167,1994,180,1994,251,1994,257,1995,223,1995,245,1996,162,1996,164,1996,175,1996,201,1996,231,1996,252,1996,254,1997,152,1997,153,1997,164,1997,174,1997,177,1997,182,1997,186,1997,207,1997,222,1997,223,1997,227,1997,240,1997,240,1997,243,1997,245,1997,261,1998,189,1998,193,1998,263,1998,265,1998,272,1999,258
390,1989,262,1990,226,1994,179,1994,240,1996,163,1996,182,1996,204,1997,167,1997,181,1997,215,1997,231,1997,234,1997,268
391,1986,256,1989,161,1989,203,1989,232,1992,198,1994,188,1996,157,1996,217,1996,232,1996,237,1996,268,1997,169,1997,173,1997,173,1997,182,1997,216,1997,236,2001,173
392,1995,264,1996,165,1996,175,1996,190,1996,197,1996,214,1996,222,1996,251,1997,154,1997,180,1997,221,1997,255,2001,232,2001,240,2001,245
393,1989,245,1996,177,1996,229,1996,248
394,1996,262
395,1981,175,1982,248,1984,216,1984,235,1986,179,1986,260,1989,215,1990,194,1992,158,1992,218,1992,242,1993,246,1994,224,1996,171,1996,238,1996,265,1997,164,1997,165,1997,183,1997,205,1997,218,1997,255,1997,263,1997,264,1998,187,1998,230,1999,190,1999,250,2000,272
396,1982,162,1989,165,1989,273,1992,188,1992,193,1992,208,1992,214,1992,226,1993,208,1995,166,1995,185,1995,197,1995,204,1995,213,1995,220,1995,242,1996,231,1996,253,1996,270,1997,208,1998,155,1998,252,1998,273,1999,170,2000,183
397,1981,155,1981,203,1981,214,1981,214,1981,260,1982,164,1986,162,1988,269,1989,216,1989,236,1989,241,1989,250,1990,158,1990,187,1990,193,1990,196,1990,212,1992,231,1994,155,1994,161,1994,171,1994,172,1994,184,1994,192,1994,201,1994,207,1994,213,1994,261,1995,169,1995,187,1995,187,1995,196,1995,203,1995,203,1995,210,1995,225,1995,226,1995,235,1995,252,1995,267,1995,271,1996,179,1996,207,1997,273,1998,154,1998,187,1998,259,1999,160,1999,176,1999,198,1999,211,1999,249,1999,250,1999,253,1999,260,2000,268,2001,160,2001,165,2001,268
398,1981,272,1984,161,1986,190,1986,257,1996,181,1996,268,1996,272,1998,222,2000,172,2000,187
399,1984,254,1986,173,1986,216,1989,169,1989,229,1989,252,1992,155,1992,216,1997,202,1997,218,1997,241,1998,271,1999,178,2001,184,2001,262,2004,168,2004,177,2004,198,2004,212,2004,261
400,1981,179,1981,252,1984,268,1989,161,1989,166,1989,177,1989,181,1989,190,1989,207,1989,212,1989,227,1989,239,1989,240,1989,273,1992,172,1992,200,1992,206,1992,259,1994,225,1995,171,1995,181,1995,191,1995,242,1995,250,1995,251,1996,212,1996,227,1996,249,1996,252,1996,271,1997,250,1999,245,2001,196,2001,235,2004,182,2004,192,2004,270
401,1981,169,1981,208,1981,246,1981,258,1982,216,1982,224,1982,269,1991,155,1991,255,1991,265,1993,228,1993,243,1993,264,1994,201,1995,192,1996,164,1996,169,1996,187,1996,242,1997,219,1997,255,1999,205
402,1981,158,1981,161,1981,169,1981,175,1981,183,1981,207,1981,212,1981,214,1981,219,1981,220,1981,222,1981,228,1981,247,1981,249,1981,271,1982,156,1982,159,1982,208,1985,163,1985,187,1985,223,1986,152,1986,200,1988,202,1988,251,1988,258,1989,156,1989,190,1989,199,1989,201,1989,205,1989,216,1989,236,1989,253,1990,165,1990,216,1990,217,1990,242,1992,219,1992,246,1993,159,1993,181,1993,192,1993,227,1993,236,1993,240,1993,245,1993,266,1994,162,1994,175,1994,179,1994,201,1994,206,1994,238,1994,258,1995,154,1995,169,1995,174,1995,208,1995,223,1995,239,1995,244,1995,254,1995,270,1996,191,1996,194,1996,240,1997,157,1997,195,1997,238,1997,241,1998,161,1998,175,1998,198,1998,221,1998,224,1999,160,1999,161,1999,174,1999,176,1999,180,1999,181,1999,188,1999,200,1999,219,1999,222,1999,228,1999,232,1999,242,1999,243,1999,248,1999,254,1999,263,2000,157,2000,184,2000,269,2001,269
403,1981,156,1987,259,1988,255,1989,169,1989,237,1990,227,1992,168,1992,172,1992,191,1992,197,1992,207,1992,220,1992,261,1992,271,1993,176,1993,207,1993,231,1994,168,1994,195,1995,171,1995,240,1996,227,1997,175,1997,229,1997,236,1997,246,1997,256,1998,263,1999,165,1999,179,1999,254,1999,271,2000,213,2001,266
404,1981,177,1981,183,1981,212,1981,230,1986,157,1986,159,1986,161,1986,179,1986,187,1986,247,1986,269,1989,160,1989,173,1989,208,1989,212,1989,226,1990,184,1990,261,1992,154,1992,154,1992,168,1992,169,1992,177,1992,183,1992,193,1992,196,1992,199,1992,205,1992,207,1992,214,1992,231,1992,233,1992,243,1992,246,1992,257,1993,185,1993,193,1993,197,1993,200,1993,207,1993,265,1994,258,1995,177,1995,197,1995,271,1997,155,1997,158,1997,161,1997,163,1997,179,1997,183,1997,205,1997,208,1997,225,1997,228,1997,230,1997,231,1997,238,1997,254,1997,264,1998,184,1999,189,1999,206,1999,210,1999,245,1999,256,1999,266,2000,202,2000,241,2001,176,2001,203,2001,246,2001,247,2001,257
405,1986,175,1986,195,1986,207,1986,231,1989,252,1992,191,1992,197,1992,218,1992,222,1992,232,1992,240,1992,264,1995,177,1995,183,1995,210,1997,152,1997,153,1997,156,1997,162,1997,163,1997,168,1997,172,1997,176,1997,181,1997,188,1997,195,1997,195,1997,204,1997,216,1997,218,1997,224,1997,225,1997,228,1997,232,1997,233,1997,240,1997,240,1997,250,1997,251,1997,257,1997,259,1997,260,1997,270,1998,170,1998,207,1998,239,1998,273,1999,208,2001,249,2004,185,2004,190,2004,219,2004,260
406,1994,178,1994,221,1994,236,1994,237,1994,241,1994,262,1996,202,1996,230,1996,253,1997,157,1997,180,1997,186,1997,198,1997,216,1997,225,1997,235,2001,165
407,1982,241,1982,244,1984,222,1984,233,1987,192,1987,240,1989,179,1994,158,1994,186,1996,196,1996,223,1996,262,1997,236,2001,202
408,1987,242,1996,223,1996,233,1997,161,1997,193,1998,259
409,1996,204
412,1982,242,1984,233,1989,180,1994,183,1996,194,1996,231
413,1984,179,1990,192,1994,154,1994,178,1994,239,1996,270,1997,157,1997,159,1997,219,1997,245,1997,260,1998,165,2000,237,2001,253
414,1997,218
